,Config,Filename,Model,Name,Species,Citations
0,"['pair_style eam\n', 'pair_coeff 1 1 Cu_smf7.eam\n', 'pair_coeff 2 2 Ni_smf7.eam\n']","['potential_LAMMPS/1985--Foiles-S-M--Ni-Cu--LAMMPS--ipr1/Cu_smf7.eam', 'potential_LAMMPS/1985--Foiles-S-M--Ni-Cu--LAMMPS--ipr1/Ni_smf7.eam']",NISTiprpy,1985--Foiles-S-M--Ni-Cu--LAMMPS--ipr1,"['Cu', 'Ni']","[{'Foiles_1985': {'title': 'Calculation of the surface segregation of Ni-Cu alloys with the use of the embedded-atom method', 'journal': 'Physical Review B', 'volume': '32', 'pages': '7685--7693', 'number': '12', 'doi': '10.1103/physrevb.32.7685', 'publisher': 'American Physical Society (APS)', 'url': 'https://doi.org/10.1103%2Fphysrevb.32.7685', 'year': '1985', 'author': ['S. M. Foiles']}}]"
1,"['pair_style sw\n', 'pair_coeff * * Si.sw Si\n']",['potential_LAMMPS/1985--Stillinger-F-H--Si--LAMMPS--ipr1/Si.sw'],NISTiprpy,1985--Stillinger-F-H--Si--LAMMPS--ipr1,['Si'],"[{'Stillinger_1985': {'title': 'Computer simulation of local order in condensed phases of silicon', 'journal': 'Physical Review B', 'volume': '31', 'pages': '5262--5271', 'number': '8', 'doi': '10.1103/physrevb.31.5262', 'publisher': 'American Physical Society (APS)', 'url': 'https://doi.org/10.1103%2Fphysrevb.31.5262', 'year': '1985', 'author': ['Frank H. Stillinger', 'Thomas A. Weber']}}, {'Stillinger_1986': {'title': 'Erratum: Computer simulation of local order in condensed phases of silicon [Phys. Rev. B 31, 5262 (1985)]', 'journal': 'Physical Review B', 'volume': '33', 'pages': '1451--1451', 'number': '2', 'doi': '10.1103/physrevb.33.1451', 'publisher': 'American Physical Society (APS)', 'url': 'https://doi.org/10.1103%2Fphysrevb.33.1451', 'year': '1986', 'author': ['Frank H. Stillinger', 'Thomas A. Weber']}}]"
2,"['pair_style eam\n', 'pair_coeff 1 1 Ag_u3.eam\n']",['potential_LAMMPS/1986--Foiles-S-M--Ag--LAMMPS--ipr1/Ag_u3.eam'],NISTiprpy,1986--Foiles-S-M--Ag--LAMMPS--ipr1,['Ag'],"[{'Foiles_1986': {'title': 'Embedded-atom-method functions for the fcc metals Cu, Ag, Au, Ni, Pd, Pt, and their alloys', 'journal': 'Physical Review B', 'volume': '33', 'pages': '7983--7991', 'number': '12', 'doi': '10.1103/physrevb.33.7983', 'publisher': 'American Physical Society (APS)', 'url': 'https://doi.org/10.1103%2Fphysrevb.33.7983', 'year': '1986', 'author': ['S. M. Foiles', 'M. I. Baskes', 'M. S. Daw']}}]"
3,"['pair_style eam\n', 'pair_coeff 1 1 Ag_u3.eam\n', 'pair_coeff 2 2 Au_u3.eam\n', 'pair_coeff 3 3 Cu_u3.eam\n', 'pair_coeff 4 4 Ni_u3.eam\n', 'pair_coeff 5 5 Pd_u3.eam\n', 'pair_coeff 6 6 Pt_u3.eam\n']","['potential_LAMMPS/1986--Foiles-S-M--Ag-Au-Cu-Ni-Pd-Pt--LAMMPS--ipr1/Ag_u3.eam', 'potential_LAMMPS/1986--Foiles-S-M--Ag-Au-Cu-Ni-Pd-Pt--LAMMPS--ipr1/Au_u3.eam', 'potential_LAMMPS/1986--Foiles-S-M--Ag-Au-Cu-Ni-Pd-Pt--LAMMPS--ipr1/Cu_u3.eam', 'potential_LAMMPS/1986--Foiles-S-M--Ag-Au-Cu-Ni-Pd-Pt--LAMMPS--ipr1/Ni_u3.eam', 'potential_LAMMPS/1986--Foiles-S-M--Ag-Au-Cu-Ni-Pd-Pt--LAMMPS--ipr1/Pd_u3.eam', 'potential_LAMMPS/1986--Foiles-S-M--Ag-Au-Cu-Ni-Pd-Pt--LAMMPS--ipr1/Pt_u3.eam']",NISTiprpy,1986--Foiles-S-M--Ag-Au-Cu-Ni-Pd-Pt--LAMMPS--ipr1,"['Ag', 'Au', 'Cu', 'Ni', 'Pd', 'Pt']","[{'Foiles_1986': {'title': 'Embedded-atom-method functions for the fcc metals Cu, Ag, Au, Ni, Pd, Pt, and their alloys', 'journal': 'Physical Review B', 'volume': '33', 'pages': '7983--7991', 'number': '12', 'doi': '10.1103/physrevb.33.7983', 'publisher': 'American Physical Society (APS)', 'url': 'https://doi.org/10.1103%2Fphysrevb.33.7983', 'year': '1986', 'author': ['S. M. Foiles', 'M. I. Baskes', 'M. S. Daw']}}]"
4,"['pair_style eam\n', 'pair_coeff 1 1 Au_u3.eam\n']",['potential_LAMMPS/1986--Foiles-S-M--Au--LAMMPS--ipr1/Au_u3.eam'],NISTiprpy,1986--Foiles-S-M--Au--LAMMPS--ipr1,['Au'],"[{'Foiles_1986': {'title': 'Embedded-atom-method functions for the fcc metals Cu, Ag, Au, Ni, Pd, Pt, and their alloys', 'journal': 'Physical Review B', 'volume': '33', 'pages': '7983--7991', 'number': '12', 'doi': '10.1103/physrevb.33.7983', 'publisher': 'American Physical Society (APS)', 'url': 'https://doi.org/10.1103%2Fphysrevb.33.7983', 'year': '1986', 'author': ['S. M. Foiles', 'M. I. Baskes', 'M. S. Daw']}}]"
5,"['pair_style eam\n', 'pair_coeff 1 1 Cu_u3.eam\n']",['potential_LAMMPS/1986--Foiles-S-M--Cu--LAMMPS--ipr1/Cu_u3.eam'],NISTiprpy,1986--Foiles-S-M--Cu--LAMMPS--ipr1,['Cu'],"[{'Foiles_1986': {'title': 'Embedded-atom-method functions for the fcc metals Cu, Ag, Au, Ni, Pd, Pt, and their alloys', 'journal': 'Physical Review B', 'volume': '33', 'pages': '7983--7991', 'number': '12', 'doi': '10.1103/physrevb.33.7983', 'publisher': 'American Physical Society (APS)', 'url': 'https://doi.org/10.1103%2Fphysrevb.33.7983', 'year': '1986', 'author': ['S. M. Foiles', 'M. I. Baskes', 'M. S. Daw']}}]"
6,"['pair_style eam\n', 'pair_coeff 1 1 Ni_u3.eam\n']",['potential_LAMMPS/1986--Foiles-S-M--Ni--LAMMPS--ipr1/Ni_u3.eam'],NISTiprpy,1986--Foiles-S-M--Ni--LAMMPS--ipr1,['Ni'],"[{'Foiles_1986': {'title': 'Embedded-atom-method functions for the fcc metals Cu, Ag, Au, Ni, Pd, Pt, and their alloys', 'journal': 'Physical Review B', 'volume': '33', 'pages': '7983--7991', 'number': '12', 'doi': '10.1103/physrevb.33.7983', 'publisher': 'American Physical Society (APS)', 'url': 'https://doi.org/10.1103%2Fphysrevb.33.7983', 'year': '1986', 'author': ['S. M. Foiles', 'M. I. Baskes', 'M. S. Daw']}}]"
7,"['pair_style eam\n', 'pair_coeff 1 1 Pd_u3.eam\n']",['potential_LAMMPS/1986--Foiles-S-M--Pd--LAMMPS--ipr1/Pd_u3.eam'],NISTiprpy,1986--Foiles-S-M--Pd--LAMMPS--ipr1,['Pd'],"[{'Foiles_1986': {'title': 'Embedded-atom-method functions for the fcc metals Cu, Ag, Au, Ni, Pd, Pt, and their alloys', 'journal': 'Physical Review B', 'volume': '33', 'pages': '7983--7991', 'number': '12', 'doi': '10.1103/physrevb.33.7983', 'publisher': 'American Physical Society (APS)', 'url': 'https://doi.org/10.1103%2Fphysrevb.33.7983', 'year': '1986', 'author': ['S. M. Foiles', 'M. I. Baskes', 'M. S. Daw']}}]"
8,"['pair_style eam\n', 'pair_coeff 1 1 Pt_u3.eam\n']",['potential_LAMMPS/1986--Foiles-S-M--Pt--LAMMPS--ipr1/Pt_u3.eam'],NISTiprpy,1986--Foiles-S-M--Pt--LAMMPS--ipr1,['Pt'],"[{'Foiles_1986': {'title': 'Embedded-atom-method functions for the fcc metals Cu, Ag, Au, Ni, Pd, Pt, and their alloys', 'journal': 'Physical Review B', 'volume': '33', 'pages': '7983--7991', 'number': '12', 'doi': '10.1103/physrevb.33.7983', 'publisher': 'American Physical Society (APS)', 'url': 'https://doi.org/10.1103%2Fphysrevb.33.7983', 'year': '1986', 'author': ['S. M. Foiles', 'M. I. Baskes', 'M. S. Daw']}}]"
9,"['pair_style eam/fs\n', 'pair_coeff * * Ag.eam.fs Ag\n']",['potential_LAMMPS/1987--Ackland-G-J--Ag--LAMMPS--ipr1/Ag.eam.fs'],NISTiprpy,1987--Ackland-G-J--Ag--LAMMPS--ipr1,['Ag'],"[{'Ackland_1987': {'title': 'Simple N-body potentials for the noble metals and nickel', 'journal': 'Philosophical Magazine A', 'volume': '56', 'pages': '735--756', 'number': '6', 'doi': '10.1080/01418618708204485', 'publisher': 'Informa UK Limited', 'url': 'https://doi.org/10.1080%2F01418618708204485', 'year': '1987', 'author': ['G. J. Ackland', 'G. Tichy', 'V. Vitek', 'M. W. Finnis']}}]"
10,"['pair_style eam/fs\n', 'pair_coeff * * Ag_v2.eam.fs Ag\n']",['potential_LAMMPS/1987--Ackland-G-J--Ag--LAMMPS--ipr2/Ag_v2.eam.fs'],NISTiprpy,1987--Ackland-G-J--Ag--LAMMPS--ipr2,['Ag'],"[{'Ackland_1987': {'title': 'Simple N-body potentials for the noble metals and nickel', 'journal': 'Philosophical Magazine A', 'volume': '56', 'pages': '735--756', 'number': '6', 'doi': '10.1080/01418618708204485', 'publisher': 'Informa UK Limited', 'url': 'https://doi.org/10.1080%2F01418618708204485', 'year': '1987', 'author': ['G. J. Ackland', 'G. Tichy', 'V. Vitek', 'M. W. Finnis']}}]"
11,"['pair_style eam/fs\n', 'pair_coeff * * Au.eam.fs Au\n']",['potential_LAMMPS/1987--Ackland-G-J--Au--LAMMPS--ipr1/Au.eam.fs'],NISTiprpy,1987--Ackland-G-J--Au--LAMMPS--ipr1,['Au'],"[{'Ackland_1987': {'title': 'Simple N-body potentials for the noble metals and nickel', 'journal': 'Philosophical Magazine A', 'volume': '56', 'pages': '735--756', 'number': '6', 'doi': '10.1080/01418618708204485', 'publisher': 'Informa UK Limited', 'url': 'https://doi.org/10.1080%2F01418618708204485', 'year': '1987', 'author': ['G. J. Ackland', 'G. Tichy', 'V. Vitek', 'M. W. Finnis']}}]"
12,"['pair_style eam/fs\n', 'pair_coeff * * Au_v2.eam.fs Au\n']",['potential_LAMMPS/1987--Ackland-G-J--Au--LAMMPS--ipr2/Au_v2.eam.fs'],NISTiprpy,1987--Ackland-G-J--Au--LAMMPS--ipr2,['Au'],"[{'Ackland_1987': {'title': 'Simple N-body potentials for the noble metals and nickel', 'journal': 'Philosophical Magazine A', 'volume': '56', 'pages': '735--756', 'number': '6', 'doi': '10.1080/01418618708204485', 'publisher': 'Informa UK Limited', 'url': 'https://doi.org/10.1080%2F01418618708204485', 'year': '1987', 'author': ['G. J. Ackland', 'G. Tichy', 'V. Vitek', 'M. W. Finnis']}}]"
13,"['pair_style eam/fs\n', 'pair_coeff * * Cu.eam.fs Cu\n']",['potential_LAMMPS/1987--Ackland-G-J--Cu--LAMMPS--ipr1/Cu.eam.fs'],NISTiprpy,1987--Ackland-G-J--Cu--LAMMPS--ipr1,['Cu'],"[{'Ackland_1987': {'title': 'Simple N-body potentials for the noble metals and nickel', 'journal': 'Philosophical Magazine A', 'volume': '56', 'pages': '735--756', 'number': '6', 'doi': '10.1080/01418618708204485', 'publisher': 'Informa UK Limited', 'url': 'https://doi.org/10.1080%2F01418618708204485', 'year': '1987', 'author': ['G. J. Ackland', 'G. Tichy', 'V. Vitek', 'M. W. Finnis']}}]"
14,"['pair_style eam/fs\n', 'pair_coeff * * Cu1_v2.eam.fs Cu\n']",['potential_LAMMPS/1987--Ackland-G-J--Cu--LAMMPS--ipr2/Cu1_v2.eam.fs'],NISTiprpy,1987--Ackland-G-J--Cu--LAMMPS--ipr2,['Cu'],"[{'Ackland_1987': {'title': 'Simple N-body potentials for the noble metals and nickel', 'journal': 'Philosophical Magazine A', 'volume': '56', 'pages': '735--756', 'number': '6', 'doi': '10.1080/01418618708204485', 'publisher': 'Informa UK Limited', 'url': 'https://doi.org/10.1080%2F01418618708204485', 'year': '1987', 'author': ['G. J. Ackland', 'G. Tichy', 'V. Vitek', 'M. W. Finnis']}}]"
15,"['pair_style eam/alloy\n', 'pair_coeff * * mo.fs.eam.alloy Mo\n']",['potential_LAMMPS/1987--Ackland-G-J--Mo--LAMMPS--ipr3/mo.fs.eam.alloy'],NISTiprpy,1987--Ackland-G-J--Mo--LAMMPS--ipr3,['Mo'],"[{'Ackland_1987': {'title': 'An improved N-body semi-empirical model for body-centred cubic transition metals', 'journal': 'Philosophical Magazine A', 'volume': '56', 'pages': '15--30', 'number': '1', 'doi': '10.1080/01418618708204464', 'publisher': 'Informa UK Limited', 'url': 'https://doi.org/10.1080%2F01418618708204464', 'year': '1987', 'author': ['G. J. Ackland', 'R. Thetford']}}]"
16,"['pair_style eam/fs\n', 'pair_coeff * * Ni.eam.fs Ni\n']",['potential_LAMMPS/1987--Ackland-G-J--Ni--LAMMPS--ipr1/Ni.eam.fs'],NISTiprpy,1987--Ackland-G-J--Ni--LAMMPS--ipr1,['Ni'],"[{'Ackland_1987': {'title': 'Simple N-body potentials for the noble metals and nickel', 'journal': 'Philosophical Magazine A', 'volume': '56', 'pages': '735--756', 'number': '6', 'doi': '10.1080/01418618708204485', 'publisher': 'Informa UK Limited', 'url': 'https://doi.org/10.1080%2F01418618708204485', 'year': '1987', 'author': ['G. J. Ackland', 'G. Tichy', 'V. Vitek', 'M. W. Finnis']}}]"
17,"['pair_style eam/fs\n', 'pair_coeff * * Ni_v2.eam.fs Ni\n']",['potential_LAMMPS/1987--Ackland-G-J--Ni--LAMMPS--ipr2/Ni_v2.eam.fs'],NISTiprpy,1987--Ackland-G-J--Ni--LAMMPS--ipr2,['Ni'],"[{'Ackland_1987': {'title': 'Simple N-body potentials for the noble metals and nickel', 'journal': 'Philosophical Magazine A', 'volume': '56', 'pages': '735--756', 'number': '6', 'doi': '10.1080/01418618708204485', 'publisher': 'Informa UK Limited', 'url': 'https://doi.org/10.1080%2F01418618708204485', 'year': '1987', 'author': ['G. J. Ackland', 'G. Tichy', 'V. Vitek', 'M. W. Finnis']}}]"
18,"['pair_style tersoff\n', 'pair_coeff * * 1988_Si(B).tersoff Si\n']",['potential_LAMMPS/1988--Tersoff-J--Si-b--LAMMPS--ipr1/1988_Si(B).tersoff'],NISTiprpy,1988--Tersoff-J--Si-b--LAMMPS--ipr1,['Si'],"[{'Tersoff_1988': {'title': 'New empirical approach for the structure and energy of covalent systems', 'journal': 'Physical Review B', 'volume': '37', 'pages': '6991--7000', 'number': '12', 'doi': '10.1103/physrevb.37.6991', 'publisher': 'American Physical Society (APS)', 'url': 'https://doi.org/10.1103%2Fphysrevb.37.6991', 'year': '1988', 'author': ['J. Tersoff']}}]"
19,"['pair_style tersoff\n', 'pair_coeff * * 1988_Si(C).tersoff Si\n']",['potential_LAMMPS/1988--Tersoff-J--Si-c--LAMMPS--ipr1/1988_Si(C).tersoff'],NISTiprpy,1988--Tersoff-J--Si-c--LAMMPS--ipr1,['Si'],"[{'Tersoff_1988': {'title': 'Empirical interatomic potential for silicon with improved elastic properties', 'journal': 'Physical Review B', 'volume': '38', 'pages': '9902--9905', 'number': '14', 'doi': '10.1103/physrevb.38.9902', 'publisher': 'American Physical Society (APS)', 'url': 'https://doi.org/10.1103%2Fphysrevb.38.9902', 'year': '1988', 'author': ['J. Tersoff']}}]"
20,"['pair_style eam\n', 'pair_coeff 1 1 agu6.txt\n']",['potential_LAMMPS/1989--Adams-J-B--Ag--LAMMPS--ipr1/agu6.txt'],NISTiprpy,1989--Adams-J-B--Ag--LAMMPS--ipr1,['Ag'],"[{'Adams_1989': {'title': 'Self-diffusion and impurity diffusion of fcc metals using the five-frequency model and the Embedded Atom Method', 'journal': 'Journal of Materials Research', 'volume': '4', 'pages': '102--112', 'number': '1', 'doi': '10.1557/jmr.1989.0102', 'publisher': 'Cambridge University Press (CUP)', 'year': '1989', 'author': ['J. B. Adams', 'S. M. Foiles', 'W. G. Wolfer']}}]"
21,"['pair_style eam\n', 'pair_coeff 1 1 agu6.txt\n', 'pair_coeff 2 2 auu6.txt\n', 'pair_coeff 3 3 cuu6.txt\n', 'pair_coeff 4 4 niu6.txt\n', 'pair_coeff 5 5 pdu6.txt\n', 'pair_coeff 6 6 ptu6.txt\n']","['potential_LAMMPS/1989--Adams-J-B--Ag-Au-Cu-Ni-Pd-Pt--LAMMPS--ipr1/agu6.txt', 'potential_LAMMPS/1989--Adams-J-B--Ag-Au-Cu-Ni-Pd-Pt--LAMMPS--ipr1/auu6.txt', 'potential_LAMMPS/1989--Adams-J-B--Ag-Au-Cu-Ni-Pd-Pt--LAMMPS--ipr1/cuu6.txt', 'potential_LAMMPS/1989--Adams-J-B--Ag-Au-Cu-Ni-Pd-Pt--LAMMPS--ipr1/niu6.txt', 'potential_LAMMPS/1989--Adams-J-B--Ag-Au-Cu-Ni-Pd-Pt--LAMMPS--ipr1/pdu6.txt', 'potential_LAMMPS/1989--Adams-J-B--Ag-Au-Cu-Ni-Pd-Pt--LAMMPS--ipr1/ptu6.txt']",NISTiprpy,1989--Adams-J-B--Ag-Au-Cu-Ni-Pd-Pt--LAMMPS--ipr1,"['Ag', 'Au', 'Cu', 'Ni', 'Pd', 'Pt']","[{'Adams_1989': {'title': 'Self-diffusion and impurity diffusion of fcc metals using the five-frequency model and the Embedded Atom Method', 'journal': 'Journal of Materials Research', 'volume': '4', 'pages': '102--112', 'number': '1', 'doi': '10.1557/jmr.1989.0102', 'publisher': 'Cambridge University Press (CUP)', 'year': '1989', 'author': ['J. B. Adams', 'S. M. Foiles', 'W. G. Wolfer']}}]"
22,"['pair_style eam\n', 'pair_coeff 1 1 auu6.txt\n']",['potential_LAMMPS/1989--Adams-J-B--Au--LAMMPS--ipr1/auu6.txt'],NISTiprpy,1989--Adams-J-B--Au--LAMMPS--ipr1,['Au'],"[{'Adams_1989': {'title': 'Self-diffusion and impurity diffusion of fcc metals using the five-frequency model and the Embedded Atom Method', 'journal': 'Journal of Materials Research', 'volume': '4', 'pages': '102--112', 'number': '1', 'doi': '10.1557/jmr.1989.0102', 'publisher': 'Cambridge University Press (CUP)', 'year': '1989', 'author': ['J. B. Adams', 'S. M. Foiles', 'W. G. Wolfer']}}]"
23,"['pair_style eam\n', 'pair_coeff 1 1 cuu6.txt\n']",['potential_LAMMPS/1989--Adams-J-B--Cu--LAMMPS--ipr1/cuu6.txt'],NISTiprpy,1989--Adams-J-B--Cu--LAMMPS--ipr1,['Cu'],"[{'Adams_1989': {'title': 'Self-diffusion and impurity diffusion of fcc metals using the five-frequency model and the Embedded Atom Method', 'journal': 'Journal of Materials Research', 'volume': '4', 'pages': '102--112', 'number': '1', 'doi': '10.1557/jmr.1989.0102', 'publisher': 'Cambridge University Press (CUP)', 'year': '1989', 'author': ['J. B. Adams', 'S. M. Foiles', 'W. G. Wolfer']}}]"
24,"['pair_style eam\n', 'pair_coeff 1 1 niu6.txt\n']",['potential_LAMMPS/1989--Adams-J-B--Ni--LAMMPS--ipr1/niu6.txt'],NISTiprpy,1989--Adams-J-B--Ni--LAMMPS--ipr1,['Ni'],"[{'Adams_1989': {'title': 'Self-diffusion and impurity diffusion of fcc metals using the five-frequency model and the Embedded Atom Method', 'journal': 'Journal of Materials Research', 'volume': '4', 'pages': '102--112', 'number': '1', 'doi': '10.1557/jmr.1989.0102', 'publisher': 'Cambridge University Press (CUP)', 'year': '1989', 'author': ['J. B. Adams', 'S. M. Foiles', 'W. G. Wolfer']}}]"
25,"['pair_style eam\n', 'pair_coeff 1 1 pdu6.txt\n']",['potential_LAMMPS/1989--Adams-J-B--Pd--LAMMPS--ipr1/pdu6.txt'],NISTiprpy,1989--Adams-J-B--Pd--LAMMPS--ipr1,['Pd'],"[{'Adams_1989': {'title': 'Self-diffusion and impurity diffusion of fcc metals using the five-frequency model and the Embedded Atom Method', 'journal': 'Journal of Materials Research', 'volume': '4', 'pages': '102--112', 'number': '1', 'doi': '10.1557/jmr.1989.0102', 'publisher': 'Cambridge University Press (CUP)', 'year': '1989', 'author': ['J. B. Adams', 'S. M. Foiles', 'W. G. Wolfer']}}]"
26,"['pair_style eam\n', 'pair_coeff 1 1 ptu6.txt\n']",['potential_LAMMPS/1989--Adams-J-B--Pt--LAMMPS--ipr1/ptu6.txt'],NISTiprpy,1989--Adams-J-B--Pt--LAMMPS--ipr1,['Pt'],"[{'Adams_1989': {'title': 'Self-diffusion and impurity diffusion of fcc metals using the five-frequency model and the Embedded Atom Method', 'journal': 'Journal of Materials Research', 'volume': '4', 'pages': '102--112', 'number': '1', 'doi': '10.1557/jmr.1989.0102', 'publisher': 'Cambridge University Press (CUP)', 'year': '1989', 'author': ['J. B. Adams', 'S. M. Foiles', 'W. G. Wolfer']}}]"
27,"['pair_style tersoff\n', 'pair_coeff * * 1989_SiC.tersoff Si C\n']",['potential_LAMMPS/1989--Tersoff-J--Si-C--LAMMPS--ipr1/1989_SiC.tersoff'],NISTiprpy,1989--Tersoff-J--Si-C--LAMMPS--ipr1,"['Si', 'C']","[{'Tersoff_1989': {'title': 'Modeling solid-state chemistry: Interatomic potentials for multicomponent systems', 'journal': 'Physical Review B', 'volume': '39', 'pages': '5566--5568', 'number': '8', 'doi': '10.1103/physrevb.39.5566', 'publisher': 'American Physical Society (APS)', 'url': 'https://doi.org/10.1103%2Fphysrevb.39.5566', 'year': '1989', 'author': ['J. Tersoff']}}, {'Tersoff_1990': {'title': 'Erratum: Modeling solid-state chemistry: Interatomic potentials for multicomponent systems', 'journal': 'Physical Review B', 'volume': '41', 'pages': '3248--3248', 'number': '5', 'doi': '10.1103/physrevb.41.3248.2', 'publisher': 'American Physical Society (APS)', 'url': 'https://doi.org/10.1103%2Fphysrevb.41.3248.2', 'year': '1990', 'author': ['J. Tersoff']}}]"
28,"['pair_style tersoff\n', 'pair_coeff * * 1989_SiGe.tersoff Si Ge\n']",['potential_LAMMPS/1989--Tersoff-J--Si-Ge--LAMMPS--ipr1/1989_SiGe.tersoff'],NISTiprpy,1989--Tersoff-J--Si-Ge--LAMMPS--ipr1,"['Si', 'Ge']","[{'Tersoff_1989': {'title': 'Modeling solid-state chemistry: Interatomic potentials for multicomponent systems', 'journal': 'Physical Review B', 'volume': '39', 'pages': '5566--5568', 'number': '8', 'doi': '10.1103/physrevb.39.5566', 'publisher': 'American Physical Society (APS)', 'url': 'https://doi.org/10.1103%2Fphysrevb.39.5566', 'year': '1989', 'author': ['J. Tersoff']}}, {'Tersoff_1990': {'title': 'Erratum: Modeling solid-state chemistry: Interatomic potentials for multicomponent systems', 'journal': 'Physical Review B', 'volume': '41', 'pages': '3248--3248', 'number': '5', 'doi': '10.1103/physrevb.41.3248.2', 'publisher': 'American Physical Society (APS)', 'url': 'https://doi.org/10.1103%2Fphysrevb.41.3248.2', 'year': '1990', 'author': ['J. Tersoff']}}]"
29,"['pair_style sw\n', 'pair_coeff * * CdTe.sw Cd Te\n']",['potential_LAMMPS/1989--Wang-Z-Q--Cd-Te--LAMMPS--ipr1/CdTe.sw'],NISTiprpy,1989--Wang-Z-Q--Cd-Te--LAMMPS--ipr1,"['Cd', 'Te']","[{'Wang_1989': {'title': 'Monte Carlo study of the liquid CdTe surface', 'journal': 'Physical Review B', 'volume': '40', 'pages': '3129--3132', 'number': '5', 'doi': '10.1103/physrevb.40.3129', 'publisher': 'American Physical Society (APS)', 'url': 'https://doi.org/10.1103%2Fphysrevb.40.3129', 'year': '1989', 'author': ['Z. Q. Wang', 'D. Stroud', 'A. J. Markworth']}}]"
30,"['pair_style eam/fs\n', 'pair_coeff * * Cu2.eam.fs Cu\n']",['potential_LAMMPS/1990--Ackland-G-J--Cu--LAMMPS--ipr2/Cu2.eam.fs'],NISTiprpy,1990--Ackland-G-J--Cu--LAMMPS--ipr2,['Cu'],"[{'Ackland_1990': {'title': 'Many-body potentials and atomic-scale relaxations in noble-metal alloys', 'journal': 'Physical Review B', 'volume': '41', 'pages': '10324--10333', 'number': '15', 'doi': '10.1103/physrevb.41.10324', 'publisher': 'American Physical Society (APS)', 'url': 'https://doi.org/10.1103%2Fphysrevb.41.10324', 'year': '1990', 'author': ['G. J. Ackland', 'V. Vitek']}}]"
31,"['pair_style eam/fs\n', 'pair_coeff * * CuAgAu.eam.fs Cu Ag Au\n']",['potential_LAMMPS/1990--Ackland-G-J--Cu-Ag-Au--LAMMPS--ipr1/CuAgAu.eam.fs'],NISTiprpy,1990--Ackland-G-J--Cu-Ag-Au--LAMMPS--ipr1,"['Cu', 'Ag', 'Au']","[{'Ackland_1990': {'title': 'Many-body potentials and atomic-scale relaxations in noble-metal alloys', 'journal': 'Physical Review B', 'volume': '41', 'pages': '10324--10333', 'number': '15', 'doi': '10.1103/physrevb.41.10324', 'publisher': 'American Physical Society (APS)', 'url': 'https://doi.org/10.1103%2Fphysrevb.41.10324', 'year': '1990', 'author': ['G. J. Ackland', 'V. Vitek']}}]"
32,"['pair_style tersoff\n', 'pair_coeff * * 1990_SiC.tersoff Si C\n']",['potential_LAMMPS/1990--Tersoff-J--Si-C--LAMMPS--ipr1/1990_SiC.tersoff'],NISTiprpy,1990--Tersoff-J--Si-C--LAMMPS--ipr1,"['Si', 'C']","[{'Tersoff_1990': {'title': 'Carbon defects and defect reactions in silicon', 'journal': 'Physical Review Letters', 'volume': '64', 'pages': '1757--1760', 'number': '15', 'doi': '10.1103/physrevlett.64.1757', 'publisher': 'American Physical Society (APS)', 'url': 'https://doi.org/10.1103%2Fphysrevlett.64.1757', 'year': '1990', 'author': ['J. Tersoff']}}]"
33,"['pair_style vashishta\n', 'pair_coeff * * SiO.1990.vashishta Si O\n']",['potential_LAMMPS/1990--Vashishta-P--Si-O--LAMMPS--ipr1/SiO.1990.vashishta'],NISTiprpy,1990--Vashishta-P--Si-O--LAMMPS--ipr1,"['Si', 'O']","[{'Vashishta_1990': {'title': 'Interaction potential for SiO<sub>2</sub>: A molecular-dynamics study of structural correlations', 'journal': 'Physical Review B', 'volume': '41', 'pages': '12197--12209', 'number': '17', 'doi': '10.1103/physrevb.41.12197', 'publisher': 'American Physical Society (APS)', 'url': 'https://doi.org/10.1103%2Fphysrevb.41.12197', 'year': '1990', 'author': ['P. Vashishta', 'Rajiv K. Kalia', 'José P. Rino', 'Ingvar Ebbsjö']}}]"
34,"['pair_style eam/fs\n', 'pair_coeff * * Ti.eam.fs Ti\n']",['potential_LAMMPS/1992--Ackland-G-J--Ti--LAMMPS--ipr1/Ti.eam.fs'],NISTiprpy,1992--Ackland-G-J--Ti--LAMMPS--ipr1,['Ti'],"[{'Ackland_1992': {'title': 'Theoretical study of titanium surfaces and defects with a new many-body potential', 'journal': 'Philosophical Magazine A', 'volume': '66', 'pages': '917--932', 'number': '6', 'doi': '10.1080/01418619208247999', 'publisher': 'Informa UK Limited', 'url': 'https://doi.org/10.1080%2F01418619208247999', 'year': '1992', 'author': ['Graeme J. Ackland']}}]"
35,"['pair_style eam/fs\n', 'pair_coeff * * Ti_v2.eam.fs Ti\n']",['potential_LAMMPS/1992--Ackland-G-J--Ti--LAMMPS--ipr2/Ti_v2.eam.fs'],NISTiprpy,1992--Ackland-G-J--Ti--LAMMPS--ipr2,['Ti'],"[{'Ackland_1992': {'title': 'Theoretical study of titanium surfaces and defects with a new many-body potential', 'journal': 'Philosophical Magazine A', 'volume': '66', 'pages': '917--932', 'number': '6', 'doi': '10.1080/01418619208247999', 'publisher': 'Informa UK Limited', 'url': 'https://doi.org/10.1080%2F01418619208247999', 'year': '1992', 'author': ['Graeme J. Ackland']}}]"
36,"['pair_style vashishta\n', 'pair_coeff * * SiO.1994.vashishta Si O\n']",['potential_LAMMPS/1994--Nakano-A--Si-O--LAMMPS--ipr1/SiO.1994.vashishta'],NISTiprpy,1994--Nakano-A--Si-O--LAMMPS--ipr1,"['Si', 'O']","[{'Nakano_1994': {'title': 'First sharp diffraction peak and intermediate-range order in amorphous silica: finite-size effects in molecular dynamics simulations', 'journal': 'Journal of Non-Crystalline Solids', 'volume': '171', 'pages': '157--163', 'number': '2', 'doi': '10.1016/0022-3093(94)90351-4', 'publisher': 'Elsevier BV', 'url': 'https://doi.org/10.1016%2F0022-3093%2894%2990351-4', 'year': '1994', 'author': ['Aiichiro Nakano', 'Rajiv K. Kalia', 'Priya Vashishta']}}]"
37,"['pair_style tersoff\n', 'pair_coeff * * 1994_SiC.tersoff Si C\n']",['potential_LAMMPS/1994--Tersoff-J--Si-C--LAMMPS--ipr1/1994_SiC.tersoff'],NISTiprpy,1994--Tersoff-J--Si-C--LAMMPS--ipr1,"['Si', 'C']","[{'Tersoff_1994': {'title': 'Chemical order in amorphous silicon carbide', 'journal': 'Physical Review B', 'volume': '49', 'pages': '16349--16352', 'number': '23', 'doi': '10.1103/physrevb.49.16349', 'publisher': 'American Physical Society (APS)', 'url': 'https://doi.org/10.1103%2Fphysrevb.49.16349', 'year': '1994', 'author': ['J. Tersoff']}}]"
38,"['pair_style eam/fs\n', 'pair_coeff * * Zr.eam.fs Zr\n']",['potential_LAMMPS/1995--Ackland-G-J--Zr--LAMMPS--ipr1/Zr.eam.fs'],NISTiprpy,1995--Ackland-G-J--Zr--LAMMPS--ipr1,['Zr'],"[{'Ackland_1995': {'title': 'Defect, surface and displacement-threshold properties of α-zirconium simulated with a many-body potential', 'journal': 'Philosophical Magazine A', 'volume': '71', 'pages': '553--565', 'number': '3', 'doi': '10.1080/01418619508244468', 'publisher': 'Informa UK Limited', 'url': 'https://doi.org/10.1080%2F01418619508244468', 'year': '1995', 'author': ['G. J. Ackland', 'S. J. Wooding', 'D. J. Bacon']}}]"
39,"['pair_style eam/alloy\n', 'pair_coeff * * NiAlH_jea.eam.alloy Ni Al H\n']",['potential_LAMMPS/1995--Angelo-J-E--Ni-Al-H--LAMMPS--ipr1/NiAlH_jea.eam.alloy'],NISTiprpy,1995--Angelo-J-E--Ni-Al-H--LAMMPS--ipr1,"['Ni', 'Al', 'H']","[{'Angelo_1995': {'title': 'Trapping of hydrogen to lattice defects in nickel', 'journal': 'Modelling and Simulation in Materials Science and Engineering', 'volume': '3', 'pages': '289--307', 'number': '3', 'doi': '10.1088/0965-0393/3/3/001', 'publisher': 'IOP Publishing', 'url': 'https://doi.org/10.1088%2F0965-0393%2F3%2F3%2F001', 'year': '1995', 'author': ['J E Angelo', 'N R Moody', 'M I Baskes']}}]"
40,"['pair_style eam/alloy\n', 'pair_coeff * * Farkas_Nb-Ti-Al_1996.eam.alloy Nb Ti Al\n']",['potential_LAMMPS/1996--Farkas-D--Nb-Ti-Al--LAMMPS--ipr1/Farkas_Nb-Ti-Al_1996.eam.alloy'],NISTiprpy,1996--Farkas-D--Nb-Ti-Al--LAMMPS--ipr1,"['Nb', 'Ti', 'Al']","[{'Farkas_1996': {'title': 'Interatomic potentials for ternary Nb - Ti - Al alloys', 'journal': 'Modelling and Simulation in Materials Science and Engineering', 'volume': '4', 'pages': '23--32', 'number': '1', 'doi': '10.1088/0965-0393/4/1/004', 'publisher': 'IOP Publishing', 'url': 'https://doi.org/10.1088%2F0965-0393%2F4%2F1%2F004', 'year': '1996', 'author': ['Diana Farkas', 'Chris Jones']}}]"
41,"['pair_style eam/fs\n', 'pair_coeff * * Fe.eam.fs Fe\n']",['potential_LAMMPS/1997--Ackland-G-J--Fe--LAMMPS--ipr1/Fe.eam.fs'],NISTiprpy,1997--Ackland-G-J--Fe--LAMMPS--ipr1,['Fe'],"[{'Ackland_1997': {'title': 'Computer simulation of point defect properties in dilute Fe-Cu alloy using a many-body interatomic potential', 'journal': 'Philosophical Magazine A', 'volume': '75', 'pages': '713--732', 'number': '3', 'doi': '10.1080/01418619708207198', 'publisher': 'Informa UK Limited', 'url': 'https://doi.org/10.1080%2F01418619708207198', 'year': '1997', 'author': ['G. J. Ackland', 'D. J. Bacon', 'A. F. Calder', 'T. Harry']}}]"
42,"['pair_style vashishta\n', 'pair_coeff * * SiO.1997.vashishta Si O\n']",['potential_LAMMPS/1997--Broughton-J-Q--Si-O--LAMMPS--ipr1/SiO.1997.vashishta'],NISTiprpy,1997--Broughton-J-Q--Si-O--LAMMPS--ipr1,"['Si', 'O']","[{'Broughton_1997': {'title': 'Direct atomistic simulation of quartz crystal oscillators: Bulk properties and nanoscale devices', 'journal': 'Physical Review B', 'volume': '56', 'pages': '611--618', 'number': '2', 'doi': '10.1103/physrevb.56.611', 'publisher': 'American Physical Society (APS)', 'url': 'https://doi.org/10.1103%2Fphysrevb.56.611', 'year': '1997', 'author': ['Jeremy Q. Broughton', 'Christopher A. Meli', 'Priya Vashishta', 'Rajiv K. Kalia']}}]"
43,"['pair_style eam/alloy\n', 'pair_coeff * * mg-al-set.eam.alloy Al Mg\n']",['potential_LAMMPS/1997--Liu-X-Y--Al-Mg--LAMMPS--ipr1/mg-al-set.eam.alloy'],NISTiprpy,1997--Liu-X-Y--Al-Mg--LAMMPS--ipr1,"['Al', 'Mg']","[{'Liu_1997': {'title': 'Anisotropic surface segregation in Al-Mg alloys', 'journal': 'Surface Science', 'volume': '373', 'pages': '357--370', 'number': '2-3', 'doi': '10.1016/s0039-6028(96)01154-5', 'publisher': 'Elsevier BV', 'year': '1997', 'author': ['Xiang-Yang Liu', 'P.P. Ohotnicky', 'J.B. Adams', 'C.Lane Rohrer', 'R.W. Hyland']}}]"
44,"['pair_style tersoff/zbl\n', 'pair_coeff * * SiC.tersoff.zbl Si C\n']",['potential_LAMMPS/1998--Devanathan-R--Si-C--LAMMPS--ipr1/SiC.tersoff.zbl'],NISTiprpy,1998--Devanathan-R--Si-C--LAMMPS--ipr1,"['Si', 'C']","[{'Devanathan_1998': {'title': 'Displacement threshold energies in β-SiC', 'journal': 'Journal of Nuclear Materials', 'volume': '253', 'pages': '47--52', 'number': '1-3', 'doi': '10.1016/s0022-3115(97)00304-8', 'publisher': 'Elsevier BV', 'url': 'https://doi.org/10.1016%2Fs0022-3115%2897%2900304-8', 'year': '1998', 'author': ['R. Devanathan', 'T. Diaz de la Rubia', 'W.J. Weber']}}]"
45,"['pair_style edip\n', 'pair_coeff * * Si.edip Si\n']",['potential_LAMMPS/1998--Justo-J-F--Si--LAMMPS--ipr1/Si.edip'],NISTiprpy,1998--Justo-J-F--Si--LAMMPS--ipr1,['Si'],"[{'Justo_1998': {'title': 'Interatomic potential for silicon defects and disordered phases', 'journal': 'Physical Review B', 'volume': '58', 'pages': '2539--2550', 'number': '5', 'doi': '10.1103/physrevb.58.2539', 'publisher': 'American Physical Society (APS)', 'url': 'https://doi.org/10.1103%2Fphysrevb.58.2539', 'year': '1998', 'author': ['João F. Justo', 'Martin Z. Bazant', 'Efthimios Kaxiras', 'V. V. Bulatov', 'Sidney Yip']}}]"
46,"['pair_style eam/alloy\n', 'pair_coeff * * almg.liu.eam.alloy Al Mg\n']",['potential_LAMMPS/1998--Liu-X-Y--Al-Mg--LAMMPS--ipr1/almg.liu.eam.alloy'],NISTiprpy,1998--Liu-X-Y--Al-Mg--LAMMPS--ipr1,"['Al', 'Mg']","[{'Liu_1998': {'title': 'Grain-boundary segregation in Al-10%Mg alloys at hot working temperatures', 'journal': 'Acta Materialia', 'volume': '46', 'pages': '3467--3476', 'number': '10', 'doi': '10.1016/s1359-6454(98)00038-x', 'publisher': 'Elsevier BV', 'url': 'https://doi.org/10.1016%2Fs1359-6454%2898%2900038-x', 'year': '1998', 'author': ['X.-Y. Liu', 'J.B. Adams']}}]"
47,"['pair_style eam\n', 'pair_coeff 1 1 Fe_MeyerEntel.eam\n']",['potential_LAMMPS/1998--Meyer-R--Fe--LAMMPS--ipr1/Fe_MeyerEntel.eam'],NISTiprpy,1998--Meyer-R--Fe--LAMMPS--ipr1,['Fe'],"[{'Meyer_1998': {'title': 'Martensite-austenite transition and phonon dispersion curves of Fe<sub>1-x</sub>Ni<sub>x</sub> studied by molecular-dynamics simulations', 'journal': 'Physical Review B', 'volume': '57', 'pages': '5140--5147', 'number': '9', 'doi': '10.1103/physrevb.57.5140', 'publisher': 'American Physical Society (APS)', 'url': 'https://doi.org/10.1103%2Fphysrevb.57.5140', 'year': '1998', 'author': ['R. Meyer', 'P. Entel']}}]"
48,"['pair_style eam/alloy\n', 'pair_coeff * * al-cu-set.eam.alloy Al Cu\n']",['potential_LAMMPS/1999--Liu-X-Y--Al-Cu--LAMMPS--ipr1/al-cu-set.eam.alloy'],NISTiprpy,1999--Liu-X-Y--Al-Cu--LAMMPS--ipr1,"['Al', 'Cu']","[{'Liu_1999': {'title': ""A new investigation of copper's role in enhancing Al-Cu interconnect electromigration resistance from an atomistic view"", 'journal': 'Acta Materialia', 'volume': '47', 'pages': '3227--3231', 'number': '11', 'doi': '10.1016/s1359-6454(99)00186-x', 'publisher': 'Elsevier BV', 'url': 'https://doi.org/10.1016%2Fs1359-6454%2899%2900186-x', 'year': '1999', 'author': ['X.-Y. Liu', 'C.-L. Liu', 'L.J. Borucki']}}]"
49,"['pair_style eam/alloy\n', 'pair_coeff * * Al99.eam.alloy Al\n']",['potential_LAMMPS/1999--Mishin-Y--Al--LAMMPS--ipr1/Al99.eam.alloy'],NISTiprpy,1999--Mishin-Y--Al--LAMMPS--ipr1,['Al'],"[{'Mishin_1999': {'title': 'Interatomic potentials for monoatomic metals from experimental data and ab initio calculations', 'journal': 'Physical Review B', 'volume': '59', 'pages': '3393--3407', 'number': '5', 'doi': '10.1103/physrevb.59.3393', 'publisher': 'American Physical Society (APS)', 'url': 'https://doi.org/10.1103%2Fphysrevb.59.3393', 'year': '1999', 'author': ['Y. Mishin', 'D. Farkas', 'M. J. Mehl', 'D. A. Papaconstantopoulos']}}]"
50,"['pair_style eam/alloy\n', 'pair_coeff * * Ni99.eam.alloy Ni\n']",['potential_LAMMPS/1999--Mishin-Y--Ni--LAMMPS--ipr1/Ni99.eam.alloy'],NISTiprpy,1999--Mishin-Y--Ni--LAMMPS--ipr1,['Ni'],"[{'Mishin_1999': {'title': 'Interatomic potentials for monoatomic metals from experimental data and ab initio calculations', 'journal': 'Physical Review B', 'volume': '59', 'pages': '3393--3407', 'number': '5', 'doi': '10.1103/physrevb.59.3393', 'publisher': 'American Physical Society (APS)', 'url': 'https://doi.org/10.1103%2Fphysrevb.59.3393', 'year': '1999', 'author': ['Y. Mishin', 'D. Farkas', 'M. J. Mehl', 'D. A. Papaconstantopoulos']}}]"
51,"['pair_style eam/alloy\n', 'pair_coeff * * alpb-setfl.eam.alloy Al Pb\n']",['potential_LAMMPS/2000--Landa-A--Al-Pb--LAMMPS--ipr1/alpb-setfl.eam.alloy'],NISTiprpy,2000--Landa-A--Al-Pb--LAMMPS--ipr1,"['Al', 'Pb']","[{'Landa_2000': {'title': 'Development of glue-type potentials for the Al-Pb system: phase diagram calculation', 'journal': 'Acta Materialia', 'volume': '48', 'pages': '1753--1761', 'number': '8', 'doi': '10.1016/s1359-6454(00)00002-1', 'publisher': 'Elsevier BV', 'year': '2000', 'author': ['A. Landa', 'P. Wynblatt', 'D.J. Siegel', 'J.B. Adams', 'O.N. Mryasov', 'X.-Y. Liu']}}, {'2000': {'title': 'Development of glue-type potentials for the Al–Pb system: phase diagram calculation', 'journal': 'Acta Materialia', 'volume': '48', 'pages': '3621', 'number': '13', 'doi': '10.1016/s1359-6454(00)00158-0', 'publisher': 'Elsevier BV', 'url': 'https://doi.org/10.1016%2Fs1359-6454%2800%2900158-0', 'year': '2000', 'author': ['A. Landa', 'P. Wynblatt', 'D.J. Siegel', 'J.B. Adams', 'O.N. Mryasov', 'X.-Y. Liu']}}]"
52,"['pair_style meam/spline\n', 'pair_coeff * * Si_1.meam.spline Si\n']",['potential_LAMMPS/2000--Lenosky-T-J--Si--LAMMPS--ipr1/Si_1.meam.spline'],NISTiprpy,2000--Lenosky-T-J--Si--LAMMPS--ipr1,['Si'],"[{'Lenosky_2000': {'title': 'Highly optimized empirical potential model of silicon', 'journal': 'Modelling and Simulation in Materials Science and Engineering', 'volume': '8', 'pages': '825--841', 'number': '6', 'doi': '10.1088/0965-0393/8/6/305', 'publisher': 'IOP Publishing', 'url': 'https://doi.org/10.1088%2F0965-0393%2F8%2F6%2F305', 'year': '2000', 'author': ['Thomas J Lenosky', 'Babak Sadigh', 'Eduardo Alonso', 'Vasily V Bulatov', 'Tomas Diaz de la Rubia', 'Jeongnim Kim', 'Arthur F Voter', 'Joel D Kress']}}]"
53,"['pair_style eam/fs\n', 'pair_coeff * * MDSL.eam.fs Al\n']",['potential_LAMMPS/2000--Sturgeon-J-B--Al--LAMMPS--ipr1/MDSL.eam.fs'],NISTiprpy,2000--Sturgeon-J-B--Al--LAMMPS--ipr1,['Al'],"[{'Sturgeon_2000': {'title': 'Adjusting the melting point of a model system via Gibbs-Duhem integration: Application to a model of aluminum', 'journal': 'Physical Review B', 'volume': '62', 'pages': '14720--14727', 'number': '22', 'doi': '10.1103/physrevb.62.14720', 'publisher': 'American Physical Society (APS)', 'url': 'https://doi.org/10.1103%2Fphysrevb.62.14720', 'year': '2000', 'author': ['Jess B. Sturgeon', 'Brian B. Laird']}}]"
54,"['pair_style meam\n', 'pair_coeff * * library.meam Cr Cr.meam Cr\n']","['potential_LAMMPS/2001--Lee-B-J--Cr--LAMMPS--ipr1/library.meam', 'potential_LAMMPS/2001--Lee-B-J--Cr--LAMMPS--ipr1/Cr.meam']",NISTiprpy,2001--Lee-B-J--Cr--LAMMPS--ipr1,['Cr'],"[{'Lee_2001': {'title': 'Second nearest-neighbor modified embedded atom method potentials for bcc transition metals', 'journal': 'Physical Review B', 'volume': '64', 'pages': '184102', 'number': '18', 'doi': '10.1103/physrevb.64.184102', 'publisher': 'American Physical Society (APS)', 'url': 'https://doi.org/10.1103%2Fphysrevb.64.184102', 'year': '2001', 'author': ['Byeong-Joo Lee', 'M.I. Baskes', 'Hanchul Kim', 'Yang Koo Cho']}}]"
55,"['pair_style meam\n', 'pair_coeff * * library.meam Fe Fe.meam Fe\n']","['potential_LAMMPS/2001--Lee-B-J--Fe--LAMMPS--ipr1/library.meam', 'potential_LAMMPS/2001--Lee-B-J--Fe--LAMMPS--ipr1/Fe.meam']",NISTiprpy,2001--Lee-B-J--Fe--LAMMPS--ipr1,['Fe'],"[{'Lee_2001': {'title': 'Second nearest-neighbor modified embedded atom method potentials for bcc transition metals', 'journal': 'Physical Review B', 'volume': '64', 'pages': '184102', 'number': '18', 'doi': '10.1103/physrevb.64.184102', 'publisher': 'American Physical Society (APS)', 'url': 'https://doi.org/10.1103%2Fphysrevb.64.184102', 'year': '2001', 'author': ['Byeong-Joo Lee', 'M.I. Baskes', 'Hanchul Kim', 'Yang Koo Cho']}}]"
56,"['pair_style meam\n', 'pair_coeff * * library.meam Fe Cr FeCr.meam Fe Cr\n']","['potential_LAMMPS/2001--Lee-B-J--Fe-Cr--LAMMPS--ipr1/library.meam', 'potential_LAMMPS/2001--Lee-B-J--Fe-Cr--LAMMPS--ipr1/FeCr.meam']",NISTiprpy,2001--Lee-B-J--Fe-Cr--LAMMPS--ipr1,"['Fe', 'Cr']","[{'Lee_2001': {'title': 'A semi-empirical atomic potential for the Fe-Cr binary system', 'journal': 'Calphad', 'volume': '25', 'pages': '527--534', 'number': '4', 'doi': '10.1016/s0364-5916(02)00005-6', 'publisher': 'Elsevier BV', 'url': 'https://doi.org/10.1016%2Fs0364-5916%2802%2900005-6', 'year': '2001', 'author': ['Byeong-Joo Lee', 'Jae-Hyeok Shim', 'Hyun Min Park']}}]"
57,"['pair_style meam\n', 'pair_coeff * * library.meam Mo Mo.meam Mo\n']","['potential_LAMMPS/2001--Lee-B-J--Mo--LAMMPS--ipr1/library.meam', 'potential_LAMMPS/2001--Lee-B-J--Mo--LAMMPS--ipr1/Mo.meam']",NISTiprpy,2001--Lee-B-J--Mo--LAMMPS--ipr1,['Mo'],"[{'Lee_2001': {'title': 'Second nearest-neighbor modified embedded atom method potentials for bcc transition metals', 'journal': 'Physical Review B', 'volume': '64', 'pages': '184102', 'number': '18', 'doi': '10.1103/physrevb.64.184102', 'publisher': 'American Physical Society (APS)', 'url': 'https://doi.org/10.1103%2Fphysrevb.64.184102', 'year': '2001', 'author': ['Byeong-Joo Lee', 'M.I. Baskes', 'Hanchul Kim', 'Yang Koo Cho']}}]"
58,"['pair_style meam\n', 'pair_coeff * * library.meam Nb Nb.meam Nb\n']","['potential_LAMMPS/2001--Lee-B-J--Nb--LAMMPS--ipr1/library.meam', 'potential_LAMMPS/2001--Lee-B-J--Nb--LAMMPS--ipr1/Nb.meam']",NISTiprpy,2001--Lee-B-J--Nb--LAMMPS--ipr1,['Nb'],"[{'Lee_2001': {'title': 'Second nearest-neighbor modified embedded atom method potentials for bcc transition metals', 'journal': 'Physical Review B', 'volume': '64', 'pages': '184102', 'number': '18', 'doi': '10.1103/physrevb.64.184102', 'publisher': 'American Physical Society (APS)', 'url': 'https://doi.org/10.1103%2Fphysrevb.64.184102', 'year': '2001', 'author': ['Byeong-Joo Lee', 'M.I. Baskes', 'Hanchul Kim', 'Yang Koo Cho']}}]"
59,"['pair_style meam\n', 'pair_coeff * * library.meam Ta Ta.meam Ta\n']","['potential_LAMMPS/2001--Lee-B-J--Ta--LAMMPS--ipr1/library.meam', 'potential_LAMMPS/2001--Lee-B-J--Ta--LAMMPS--ipr1/Ta.meam']",NISTiprpy,2001--Lee-B-J--Ta--LAMMPS--ipr1,['Ta'],"[{'Lee_2001': {'title': 'Second nearest-neighbor modified embedded atom method potentials for bcc transition metals', 'journal': 'Physical Review B', 'volume': '64', 'pages': '184102', 'number': '18', 'doi': '10.1103/physrevb.64.184102', 'publisher': 'American Physical Society (APS)', 'url': 'https://doi.org/10.1103%2Fphysrevb.64.184102', 'year': '2001', 'author': ['Byeong-Joo Lee', 'M.I. Baskes', 'Hanchul Kim', 'Yang Koo Cho']}}]"
60,"['pair_style meam\n', 'pair_coeff * * library.meam V V.meam V\n']","['potential_LAMMPS/2001--Lee-B-J--V--LAMMPS--ipr1/library.meam', 'potential_LAMMPS/2001--Lee-B-J--V--LAMMPS--ipr1/V.meam']",NISTiprpy,2001--Lee-B-J--V--LAMMPS--ipr1,['V'],"[{'Lee_2001': {'title': 'Second nearest-neighbor modified embedded atom method potentials for bcc transition metals', 'journal': 'Physical Review B', 'volume': '64', 'pages': '184102', 'number': '18', 'doi': '10.1103/physrevb.64.184102', 'publisher': 'American Physical Society (APS)', 'url': 'https://doi.org/10.1103%2Fphysrevb.64.184102', 'year': '2001', 'author': ['Byeong-Joo Lee', 'M.I. Baskes', 'Hanchul Kim', 'Yang Koo Cho']}}]"
61,"['pair_style meam\n', 'pair_coeff * * library.meam W W.meam W\n']","['potential_LAMMPS/2001--Lee-B-J--W--LAMMPS--ipr1/library.meam', 'potential_LAMMPS/2001--Lee-B-J--W--LAMMPS--ipr1/W.meam']",NISTiprpy,2001--Lee-B-J--W--LAMMPS--ipr1,['W'],"[{'Lee_2001': {'title': 'Second nearest-neighbor modified embedded atom method potentials for bcc transition metals', 'journal': 'Physical Review B', 'volume': '64', 'pages': '184102', 'number': '18', 'doi': '10.1103/physrevb.64.184102', 'publisher': 'American Physical Society (APS)', 'url': 'https://doi.org/10.1103%2Fphysrevb.64.184102', 'year': '2001', 'author': ['Byeong-Joo Lee', 'M.I. Baskes', 'Hanchul Kim', 'Yang Koo Cho']}}]"
62,"['pair_style eam/alloy\n', 'pair_coeff * * Cu01.eam.alloy Cu\n']",['potential_LAMMPS/2001--Mishin-Y--Cu-1--LAMMPS--ipr1/Cu01.eam.alloy'],NISTiprpy,2001--Mishin-Y--Cu-1--LAMMPS--ipr1,['Cu'],"[{'Mishin_2001': {'title': 'Structural stability and lattice defects in copper: Ab initio, tight-binding, and embedded-atom calculations', 'journal': 'Physical Review B', 'volume': '63', 'pages': '224106', 'number': '22', 'doi': '10.1103/physrevb.63.224106', 'publisher': 'American Physical Society (APS)', 'url': 'https://doi.org/10.1103%2Fphysrevb.63.224106', 'year': '2001', 'author': ['Y. Mishin', 'M. J. Mehl', 'D. A. Papaconstantopoulos', 'A. F. Voter', 'J. D. Kress']}}]"
63,"['pair_style tersoff\n', 'pair_coeff * * 2002_GaAs.tersoff Ga As\n']",['potential_LAMMPS/2002--Albe-K--Ga-As--LAMMPS--ipr1/2002_GaAs.tersoff'],NISTiprpy,2002--Albe-K--Ga-As--LAMMPS--ipr1,"['Ga', 'As']","[{'Albe_2002': {'title': 'Modeling of compound semiconductors: Analytical bond-order potential for Ga, As, and GaAs', 'journal': 'Physical Review B', 'volume': '66', 'pages': '035205', 'number': '3', 'doi': '10.1103/physrevb.66.035205', 'publisher': 'American Physical Society (APS)', 'url': 'https://doi.org/10.1103%2Fphysrevb.66.035205', 'year': '2002', 'author': ['Karsten Albe', 'Kai Nordlund', 'Janne Nord', 'Antti Kuronen']}}]"
64,"['pair_style eam/alloy\n', 'pair_coeff * * NiAl02.eam.alloy Ni Al\n']",['potential_LAMMPS/2002--Mishin-Y--Ni-Al--LAMMPS--ipr1/NiAl02.eam.alloy'],NISTiprpy,2002--Mishin-Y--Ni-Al--LAMMPS--ipr1,"['Ni', 'Al']","[{'Mishin_2002': {'title': 'Embedded-atom potential for B2-NiAl', 'journal': 'Physical Review B', 'volume': '65', 'pages': '224114', 'number': '22', 'doi': '10.1103/physrevb.65.224114', 'publisher': 'American Physical Society (APS)', 'url': 'https://doi.org/10.1103%2Fphysrevb.65.224114', 'year': '2002', 'author': ['Y. Mishin', 'M. J. Mehl', 'D. A. Papaconstantopoulos']}}]"
65,"['pair_style eam/fs\n', 'pair_coeff * * V.eam.fs V\n']",['potential_LAMMPS/2003--Han-S--V--LAMMPS--ipr1/V.eam.fs'],NISTiprpy,2003--Han-S--V--LAMMPS--ipr1,['V'],"[{'Han_2003': {'title': 'Interatomic potential for vanadium suitable for radiation damage simulations', 'journal': 'Journal of Applied Physics', 'volume': '93', 'pages': '3328--3335', 'number': '6', 'doi': '10.1063/1.1555275', 'publisher': 'AIP Publishing', 'url': 'https://doi.org/10.1063%2F1.1555275', 'year': '2003', 'author': ['Seungwu Han', 'Luis A. Zepeda-Ruiz', 'Graeme J. Ackland', 'Roberto Car', 'David J. Srolovitz']}}]"
66,"['pair_style eam/fs\n', 'pair_coeff * * W.eam.fs W\n']",['potential_LAMMPS/2003--Han-S--W--LAMMPS--ipr1/W.eam.fs'],NISTiprpy,2003--Han-S--W--LAMMPS--ipr1,['W'],"[{'Han_2003': {'title': 'Interatomic potential for vanadium suitable for radiation damage simulations', 'journal': 'Journal of Applied Physics', 'volume': '93', 'pages': '3328--3335', 'number': '6', 'doi': '10.1063/1.1555275', 'publisher': 'AIP Publishing', 'url': 'https://doi.org/10.1063%2F1.1555275', 'year': '2003', 'author': ['Seungwu Han', 'Luis A. Zepeda-Ruiz', 'Graeme J. Ackland', 'Roberto Car', 'David J. Srolovitz']}}]"
67,"['pair_style eam/alloy\n', 'pair_coeff * * pbcu.setfl Cu Pb\n']",['potential_LAMMPS/2003--Hoyt-J-J--Cu-Pb--LAMMPS--ipr1/pbcu.setfl'],NISTiprpy,2003--Hoyt-J-J--Cu-Pb--LAMMPS--ipr1,"['Cu', 'Pb']","[{'Hoyt_2003': {'title': 'An embedded atom method interatomic potential for the Cu-Pb system', 'journal': 'Modelling and Simulation in Materials Science and Engineering', 'volume': '11', 'pages': '287--299', 'number': '3', 'doi': '10.1088/0965-0393/11/3/302', 'publisher': 'IOP Publishing', 'url': 'https://doi.org/10.1088%2F0965-0393%2F11%2F3%2F302', 'year': '2003', 'author': ['J J Hoyt', 'J W Garvin', 'E B Webb', 'Mark Asta']}}]"
68,"['pair_style meam\n', 'pair_coeff * * library.meam Ag Ag.meam Ag\n']","['potential_LAMMPS/2003--Lee-B-J--Ag--LAMMPS--ipr1/library.meam', 'potential_LAMMPS/2003--Lee-B-J--Ag--LAMMPS--ipr1/Ag.meam']",NISTiprpy,2003--Lee-B-J--Ag--LAMMPS--ipr1,['Ag'],"[{'Lee_2003': {'title': 'Semiempirical atomic potentials for the fcc metals Cu, Ag, Au, Ni, Pd, Pt, Al, and Pb based on first and second nearest-neighbor modified embedded atom method', 'journal': 'Physical Review B', 'volume': '68', 'pages': '144112', 'number': '14', 'doi': '10.1103/physrevb.68.144112', 'publisher': 'American Physical Society (APS)', 'url': 'https://doi.org/10.1103%2Fphysrevb.68.144112', 'year': '2003', 'author': ['Byeong-Joo Lee', 'Jae-Hyeok Shim', 'M. I. Baskes']}}]"
69,"['pair_style meam\n', 'pair_coeff * * library.meam Al Al.meam Al\n']","['potential_LAMMPS/2003--Lee-B-J--Al--LAMMPS--ipr1/library.meam', 'potential_LAMMPS/2003--Lee-B-J--Al--LAMMPS--ipr1/Al.meam']",NISTiprpy,2003--Lee-B-J--Al--LAMMPS--ipr1,['Al'],"[{'Lee_2003': {'title': 'Semiempirical atomic potentials for the fcc metals Cu, Ag, Au, Ni, Pd, Pt, Al, and Pb based on first and second nearest-neighbor modified embedded atom method', 'journal': 'Physical Review B', 'volume': '68', 'pages': '144112', 'number': '14', 'doi': '10.1103/physrevb.68.144112', 'publisher': 'American Physical Society (APS)', 'url': 'https://doi.org/10.1103%2Fphysrevb.68.144112', 'year': '2003', 'author': ['Byeong-Joo Lee', 'Jae-Hyeok Shim', 'M. I. Baskes']}}]"
70,"['pair_style meam\n', 'pair_coeff * * library.meam Au Au.meam Au\n']","['potential_LAMMPS/2003--Lee-B-J--Au--LAMMPS--ipr1/library.meam', 'potential_LAMMPS/2003--Lee-B-J--Au--LAMMPS--ipr1/Au.meam']",NISTiprpy,2003--Lee-B-J--Au--LAMMPS--ipr1,['Au'],"[{'Lee_2003': {'title': 'Semiempirical atomic potentials for the fcc metals Cu, Ag, Au, Ni, Pd, Pt, Al, and Pb based on first and second nearest-neighbor modified embedded atom method', 'journal': 'Physical Review B', 'volume': '68', 'pages': '144112', 'number': '14', 'doi': '10.1103/physrevb.68.144112', 'publisher': 'American Physical Society (APS)', 'url': 'https://doi.org/10.1103%2Fphysrevb.68.144112', 'year': '2003', 'author': ['Byeong-Joo Lee', 'Jae-Hyeok Shim', 'M. I. Baskes']}}]"
71,"['pair_style meam\n', 'pair_coeff * * library.meam Cu Cu.meam Cu\n']","['potential_LAMMPS/2003--Lee-B-J--Cu--LAMMPS--ipr1/library.meam', 'potential_LAMMPS/2003--Lee-B-J--Cu--LAMMPS--ipr1/Cu.meam']",NISTiprpy,2003--Lee-B-J--Cu--LAMMPS--ipr1,['Cu'],"[{'Lee_2003': {'title': 'Semiempirical atomic potentials for the fcc metals Cu, Ag, Au, Ni, Pd, Pt, Al, and Pb based on first and second nearest-neighbor modified embedded atom method', 'journal': 'Physical Review B', 'volume': '68', 'pages': '144112', 'number': '14', 'doi': '10.1103/physrevb.68.144112', 'publisher': 'American Physical Society (APS)', 'url': 'https://doi.org/10.1103%2Fphysrevb.68.144112', 'year': '2003', 'author': ['Byeong-Joo Lee', 'Jae-Hyeok Shim', 'M. I. Baskes']}}]"
72,"['pair_style meam\n', 'pair_coeff * * library.meam Ni Ni.meam Ni\n']","['potential_LAMMPS/2003--Lee-B-J--Ni--LAMMPS--ipr1/library.meam', 'potential_LAMMPS/2003--Lee-B-J--Ni--LAMMPS--ipr1/Ni.meam']",NISTiprpy,2003--Lee-B-J--Ni--LAMMPS--ipr1,['Ni'],"[{'Lee_2003': {'title': 'Semiempirical atomic potentials for the fcc metals Cu, Ag, Au, Ni, Pd, Pt, Al, and Pb based on first and second nearest-neighbor modified embedded atom method', 'journal': 'Physical Review B', 'volume': '68', 'pages': '144112', 'number': '14', 'doi': '10.1103/physrevb.68.144112', 'publisher': 'American Physical Society (APS)', 'url': 'https://doi.org/10.1103%2Fphysrevb.68.144112', 'year': '2003', 'author': ['Byeong-Joo Lee', 'Jae-Hyeok Shim', 'M. I. Baskes']}}]"
73,"['pair_style meam\n', 'pair_coeff * * library.meam Pb Pb.meam Pb\n']","['potential_LAMMPS/2003--Lee-B-J--Pb--LAMMPS--ipr1/library.meam', 'potential_LAMMPS/2003--Lee-B-J--Pb--LAMMPS--ipr1/Pb.meam']",NISTiprpy,2003--Lee-B-J--Pb--LAMMPS--ipr1,['Pb'],"[{'Lee_2003': {'title': 'Semiempirical atomic potentials for the fcc metals Cu, Ag, Au, Ni, Pd, Pt, Al, and Pb based on first and second nearest-neighbor modified embedded atom method', 'journal': 'Physical Review B', 'volume': '68', 'pages': '144112', 'number': '14', 'doi': '10.1103/physrevb.68.144112', 'publisher': 'American Physical Society (APS)', 'url': 'https://doi.org/10.1103%2Fphysrevb.68.144112', 'year': '2003', 'author': ['Byeong-Joo Lee', 'Jae-Hyeok Shim', 'M. I. Baskes']}}]"
74,"['pair_style meam\n', 'pair_coeff * * library.meam Pd Pd.meam Pd\n']","['potential_LAMMPS/2003--Lee-B-J--Pd--LAMMPS--ipr1/library.meam', 'potential_LAMMPS/2003--Lee-B-J--Pd--LAMMPS--ipr1/Pd.meam']",NISTiprpy,2003--Lee-B-J--Pd--LAMMPS--ipr1,['Pd'],"[{'Lee_2003': {'title': 'Semiempirical atomic potentials for the fcc metals Cu, Ag, Au, Ni, Pd, Pt, Al, and Pb based on first and second nearest-neighbor modified embedded atom method', 'journal': 'Physical Review B', 'volume': '68', 'pages': '144112', 'number': '14', 'doi': '10.1103/physrevb.68.144112', 'publisher': 'American Physical Society (APS)', 'url': 'https://doi.org/10.1103%2Fphysrevb.68.144112', 'year': '2003', 'author': ['Byeong-Joo Lee', 'Jae-Hyeok Shim', 'M. I. Baskes']}}]"
75,"['pair_style meam\n', 'pair_coeff * * library.meam Pt Pt.meam Pt\n']","['potential_LAMMPS/2003--Lee-B-J--Pt--LAMMPS--ipr1/library.meam', 'potential_LAMMPS/2003--Lee-B-J--Pt--LAMMPS--ipr1/Pt.meam']",NISTiprpy,2003--Lee-B-J--Pt--LAMMPS--ipr1,['Pt'],"[{'Lee_2003': {'title': 'Semiempirical atomic potentials for the fcc metals Cu, Ag, Au, Ni, Pd, Pt, Al, and Pb based on first and second nearest-neighbor modified embedded atom method', 'journal': 'Physical Review B', 'volume': '68', 'pages': '144112', 'number': '14', 'doi': '10.1103/physrevb.68.144112', 'publisher': 'American Physical Society (APS)', 'url': 'https://doi.org/10.1103%2Fphysrevb.68.144112', 'year': '2003', 'author': ['Byeong-Joo Lee', 'Jae-Hyeok Shim', 'M. I. Baskes']}}]"
76,"['pair_style eam/alloy\n', 'pair_coeff * * newPP1_47-setfl.eam.alloy Ta\n']",['potential_LAMMPS/2003--Li-Y-H--Ta--LAMMPS--ipr1/newPP1_47-setfl.eam.alloy'],NISTiprpy,2003--Li-Y-H--Ta--LAMMPS--ipr1,['Ta'],"[{'Li_2003': {'title': 'Embedded-atom-method tantalum potential developed by the force-matching method', 'journal': 'Physical Review B', 'volume': '67', 'pages': '125101', 'number': '12', 'doi': '10.1103/physrevb.67.125101', 'publisher': 'American Physical Society (APS)', 'url': 'https://doi.org/10.1103%2Fphysrevb.67.125101', 'year': '2003', 'author': ['Youhong Li', 'Donald J. Siegel', 'James B. Adams', 'Xiang-Yang Liu']}}]"
77,"['pair_style lcbop\n', 'pair_coeff * * C.lcbop C\n']",['potential_LAMMPS/2003--Los-J-H--C--LAMMPS--ipr1/C.lcbop'],NISTiprpy,2003--Los-J-H--C--LAMMPS--ipr1,['C'],"[{'Los_2003': {'title': 'Intrinsic long-range bond-order potential for carbon: Performance in Monte Carlo simulations of graphitization', 'journal': 'Physical Review B', 'volume': '68', 'pages': '024107', 'number': '2', 'doi': '10.1103/physrevb.68.024107', 'publisher': 'American Physical Society (APS)', 'url': 'https://doi.org/10.1103%2Fphysrevb.68.024107', 'year': '2003', 'author': ['J. H. Los', 'A. Fasolino']}}]"
78,"['pair_style eam/fs\n', 'pair_coeff * * Fe_2.eam.fs Fe\n']",['potential_LAMMPS/2003--Mendelev-M-I--Fe-2--LAMMPS--ipr3/Fe_2.eam.fs'],NISTiprpy,2003--Mendelev-M-I--Fe-2--LAMMPS--ipr3,['Fe'],"[{'Mendelev_2003': {'title': 'Development of new interatomic potentials appropriate for crystalline and liquid iron', 'journal': 'Philosophical Magazine', 'volume': '83', 'pages': '3977--3994', 'number': '35', 'doi': '10.1080/14786430310001613264', 'publisher': 'Informa UK Limited', 'url': 'https://doi.org/10.1080%2F14786430310001613264', 'year': '2003', 'author': ['M. I. Mendelev', 'S. Han', 'D. J. Srolovitz', 'G. J. Ackland', 'D. Y. Sun', 'M. Asta']}}]"
79,"['pair_style eam/fs\n', 'pair_coeff * * Fe_5.eam.fs Fe\n']",['potential_LAMMPS/2003--Mendelev-M-I--Fe-5--LAMMPS--ipr1/Fe_5.eam.fs'],NISTiprpy,2003--Mendelev-M-I--Fe-5--LAMMPS--ipr1,['Fe'],"[{'Mendelev_2003': {'title': 'Development of new interatomic potentials appropriate for crystalline and liquid iron', 'journal': 'Philosophical Magazine', 'volume': '83', 'pages': '3977--3994', 'number': '35', 'doi': '10.1080/14786430310001613264', 'publisher': 'Informa UK Limited', 'url': 'https://doi.org/10.1080%2F14786430310001613264', 'year': '2003', 'author': ['M. I. Mendelev', 'S. Han', 'D. J. Srolovitz', 'G. J. Ackland', 'D. Y. Sun', 'M. Asta']}}]"
80,"['pair_style tersoff\n', 'pair_coeff * * 2003_GaN.tersoff Ga N\n']",['potential_LAMMPS/2003--Nord-J--Ga-N--LAMMPS--ipr1/2003_GaN.tersoff'],NISTiprpy,2003--Nord-J--Ga-N--LAMMPS--ipr1,"['Ga', 'N']","[{'Nord_2003': {'title': 'Modelling of compound semiconductors: analytical bond-order potential for gallium, nitrogen and gallium nitride', 'journal': 'Journal of Physics: Condensed Matter', 'volume': '15', 'pages': '5649--5662', 'number': '32', 'doi': '10.1088/0953-8984/15/32/324', 'publisher': 'IOP Publishing', 'url': 'https://doi.org/10.1088%2F0953-8984%2F15%2F32%2F324', 'year': '2003', 'author': ['J Nord', 'K Albe', 'P Erhart', 'K Nordlund']}}]"
81,"['pair_style meam\n', 'pair_coeff * * library.meam Ni W NiW.meam Ni W\n']","['potential_LAMMPS/2003--Shim-J-H--Ni-W--LAMMPS--ipr1/library.meam', 'potential_LAMMPS/2003--Shim-J-H--Ni-W--LAMMPS--ipr1/NiW.meam']",NISTiprpy,2003--Shim-J-H--Ni-W--LAMMPS--ipr1,"['Ni', 'W']","[{'Shim_2003': {'title': 'Modified embedded-atom method calculation for the Ni–W system', 'journal': 'Journal of Materials Research', 'volume': '18', 'pages': '1863--1867', 'number': '8', 'doi': '10.1557/jmr.2003.0260', 'publisher': 'Cambridge University Press (CUP)', 'url': 'https://doi.org/10.1557%2Fjmr.2003.0260', 'year': '2003', 'author': ['Jae-Hyeok Shim', 'Sung Il Park', 'Young Whan Cho', 'Byeong-Joo Lee']}}]"
82,"['pair_style eam/alloy\n', 'pair_coeff * * Al03.eam.alloy Al\n']",['potential_LAMMPS/2003--Zope-R-R--Al--LAMMPS--ipr1/Al03.eam.alloy'],NISTiprpy,2003--Zope-R-R--Al--LAMMPS--ipr1,['Al'],"[{'Zope_2003': {'title': 'Interatomic potentials for atomistic simulations of the Ti-Al system', 'journal': 'Physical Review B', 'volume': '68', 'pages': '024102', 'number': '2', 'doi': '10.1103/physrevb.68.024102', 'publisher': 'American Physical Society (APS)', 'url': 'https://doi.org/10.1103%2Fphysrevb.68.024102', 'year': '2003', 'author': ['Rajendra R. Zope', 'Y. Mishin']}}]"
83,"['pair_style eam/alloy\n', 'pair_coeff * * Zope-Ti-Al-2003.eam.alloy Ti Al\n']",['potential_LAMMPS/2003--Zope-R-R--Ti-Al--LAMMPS--ipr1/Zope-Ti-Al-2003.eam.alloy'],NISTiprpy,2003--Zope-R-R--Ti-Al--LAMMPS--ipr1,"['Ti', 'Al']","[{'Zope_2003': {'title': 'Interatomic potentials for atomistic simulations of the Ti-Al system', 'journal': 'Physical Review B', 'volume': '68', 'pages': '024102', 'number': '2', 'doi': '10.1103/physrevb.68.024102', 'publisher': 'American Physical Society (APS)', 'url': 'https://doi.org/10.1103%2Fphysrevb.68.024102', 'year': '2003', 'author': ['Rajendra R. Zope', 'Y. Mishin']}}]"
84,"['pair_style eam/fs\n', 'pair_coeff * * Fe-P.eam.fs Fe P\n']",['potential_LAMMPS/2004--Ackland-G-J--Fe-P--LAMMPS--ipr1/Fe-P.eam.fs'],NISTiprpy,2004--Ackland-G-J--Fe-P--LAMMPS--ipr1,"['Fe', 'P']","[{'Ackland_2004': {'title': 'Development of an interatomic potential for phosphorus impurities in α-iron', 'journal': 'Journal of Physics: Condensed Matter', 'volume': '16', 'pages': 'S2629--S2642', 'number': '27', 'doi': '10.1088/0953-8984/16/27/003', 'publisher': 'IOP Publishing', 'url': 'https://doi.org/10.1088%2F0953-8984%2F16%2F27%2F003', 'year': '2004', 'author': ['G J Ackland', 'M I Mendelev', 'D J Srolovitz', 'S Han', 'A V Barashev']}}]"
85,"['pair_style meam\n', 'pair_coeff * * library.meam Ni Cu NiCu.meam Ni Cu\n']","['potential_LAMMPS/2004--Lee-B-J--Cu-Ni--LAMMPS--ipr1/library.meam', 'potential_LAMMPS/2004--Lee-B-J--Cu-Ni--LAMMPS--ipr1/NiCu.meam']",NISTiprpy,2004--Lee-B-J--Cu-Ni--LAMMPS--ipr1,"['Ni', 'Cu']","[{'Lee_2004': {'title': 'A modified embedded atom method interatomic potential for the Cu–Ni system', 'journal': 'Calphad', 'volume': '28', 'pages': '125--132', 'number': '2', 'doi': '10.1016/j.calphad.2004.06.001', 'publisher': 'Elsevier BV', 'url': 'https://doi.org/10.1016%2Fj.calphad.2004.06.001', 'year': '2004', 'author': ['Byeong-Joo Lee', 'Jae-Hyeok Shim']}}]"
86,"['pair_style eam/alloy\n', 'pair_coeff * * Al-LEA.eam.alloy Al\n']",['potential_LAMMPS/2004--Liu-X-Y--Al--LAMMPS--ipr1/Al-LEA.eam.alloy'],NISTiprpy,2004--Liu-X-Y--Al--LAMMPS--ipr1,['Al'],"[{'Liu_2004': {'title': 'Aluminium interatomic potential from density functional theory calculations with improved stacking fault energy', 'journal': 'Modelling and Simulation in Materials Science and Engineering', 'volume': '12', 'pages': '665--670', 'number': '4', 'doi': '10.1088/0965-0393/12/4/007', 'publisher': 'IOP Publishing', 'url': 'https://doi.org/10.1088%2F0965-0393%2F12%2F4%2F007', 'year': '2004', 'author': ['Xiang-Yang Liu', 'Furio Ercolessi', 'James B Adams']}}]"
87,"['pair_style eam/alloy\n', 'pair_coeff * * NiAl.eam.alloy Ni Al\n']",['potential_LAMMPS/2004--Mishin-Y--Ni-Al--LAMMPS--ipr1/NiAl.eam.alloy'],NISTiprpy,2004--Mishin-Y--Ni-Al--LAMMPS--ipr1,"['Ni', 'Al']","[{'Mishin_2004': {'title': ""Atomistic modeling of the γ and γ'-phases of the Ni-Al system"", 'journal': 'Acta Materialia', 'volume': '52', 'pages': '1451--1467', 'number': '6', 'doi': '10.1016/j.actamat.2003.11.026', 'publisher': 'Elsevier BV', 'url': 'https://doi.org/10.1016%2Fj.actamat.2003.11.026', 'year': '2004', 'author': ['Y. Mishin']}}]"
88,"['pair_style eam/alloy\n', 'pair_coeff * * NiAl_Mishin_2004.eam.alloy Ni Al\n']",['potential_LAMMPS/2004--Mishin-Y--Ni-Al--LAMMPS--ipr2/NiAl_Mishin_2004.eam.alloy'],NISTiprpy,2004--Mishin-Y--Ni-Al--LAMMPS--ipr2,"['Ni', 'Al']","[{'Mishin_2004': {'title': ""Atomistic modeling of the γ and γ'-phases of the Ni-Al system"", 'journal': 'Acta Materialia', 'volume': '52', 'pages': '1451--1467', 'number': '6', 'doi': '10.1016/j.actamat.2003.11.026', 'publisher': 'Elsevier BV', 'url': 'https://doi.org/10.1016%2Fj.actamat.2003.11.026', 'year': '2004', 'author': ['Y. Mishin']}}]"
89,"['pair_style eam/alloy\n', 'pair_coeff * * Ag_Zhou04.eam.alloy Ag\n']",['potential_LAMMPS/2004--Zhou-X-W--Ag--LAMMPS--ipr2/Ag_Zhou04.eam.alloy'],NISTiprpy,2004--Zhou-X-W--Ag--LAMMPS--ipr2,['Ag'],"[{'Zhou_2004': {'title': 'Misfit-energy-increasing dislocations in vapor-deposited CoFe/NiFe multilayers', 'journal': 'Physical Review B', 'volume': '69', 'pages': '144113', 'number': '14', 'doi': '10.1103/physrevb.69.144113', 'publisher': 'American Physical Society (APS)', 'url': 'https://doi.org/10.1103%2Fphysrevb.69.144113', 'year': '2004', 'author': ['X. W. Zhou', 'R. A. Johnson', 'H. N. G. Wadley']}}]"
90,"['pair_style eam/alloy\n', 'pair_coeff * * Al_Zhou04.eam.alloy Al\n']",['potential_LAMMPS/2004--Zhou-X-W--Al--LAMMPS--ipr2/Al_Zhou04.eam.alloy'],NISTiprpy,2004--Zhou-X-W--Al--LAMMPS--ipr2,['Al'],"[{'Zhou_2004': {'title': 'Misfit-energy-increasing dislocations in vapor-deposited CoFe/NiFe multilayers', 'journal': 'Physical Review B', 'volume': '69', 'pages': '144113', 'number': '14', 'doi': '10.1103/physrevb.69.144113', 'publisher': 'American Physical Society (APS)', 'url': 'https://doi.org/10.1103%2Fphysrevb.69.144113', 'year': '2004', 'author': ['X. W. Zhou', 'R. A. Johnson', 'H. N. G. Wadley']}}]"
91,"['pair_style eam/alloy\n', 'pair_coeff * * Au_Zhou04.eam.alloy Au\n']",['potential_LAMMPS/2004--Zhou-X-W--Au--LAMMPS--ipr2/Au_Zhou04.eam.alloy'],NISTiprpy,2004--Zhou-X-W--Au--LAMMPS--ipr2,['Au'],"[{'Zhou_2004': {'title': 'Misfit-energy-increasing dislocations in vapor-deposited CoFe/NiFe multilayers', 'journal': 'Physical Review B', 'volume': '69', 'pages': '144113', 'number': '14', 'doi': '10.1103/physrevb.69.144113', 'publisher': 'American Physical Society (APS)', 'url': 'https://doi.org/10.1103%2Fphysrevb.69.144113', 'year': '2004', 'author': ['X. W. Zhou', 'R. A. Johnson', 'H. N. G. Wadley']}}]"
92,"['pair_style eam/alloy\n', 'pair_coeff * * Co_Zhou04.eam.alloy Co\n']",['potential_LAMMPS/2004--Zhou-X-W--Co--LAMMPS--ipr2/Co_Zhou04.eam.alloy'],NISTiprpy,2004--Zhou-X-W--Co--LAMMPS--ipr2,['Co'],"[{'Zhou_2004': {'title': 'Misfit-energy-increasing dislocations in vapor-deposited CoFe/NiFe multilayers', 'journal': 'Physical Review B', 'volume': '69', 'pages': '144113', 'number': '14', 'doi': '10.1103/physrevb.69.144113', 'publisher': 'American Physical Society (APS)', 'url': 'https://doi.org/10.1103%2Fphysrevb.69.144113', 'year': '2004', 'author': ['X. W. Zhou', 'R. A. Johnson', 'H. N. G. Wadley']}}]"
93,"['pair_style eam/alloy\n', 'pair_coeff * * Cu_Zhou04.eam.alloy Cu\n']",['potential_LAMMPS/2004--Zhou-X-W--Cu--LAMMPS--ipr2/Cu_Zhou04.eam.alloy'],NISTiprpy,2004--Zhou-X-W--Cu--LAMMPS--ipr2,['Cu'],"[{'Zhou_2004': {'title': 'Misfit-energy-increasing dislocations in vapor-deposited CoFe/NiFe multilayers', 'journal': 'Physical Review B', 'volume': '69', 'pages': '144113', 'number': '14', 'doi': '10.1103/physrevb.69.144113', 'publisher': 'American Physical Society (APS)', 'url': 'https://doi.org/10.1103%2Fphysrevb.69.144113', 'year': '2004', 'author': ['X. W. Zhou', 'R. A. Johnson', 'H. N. G. Wadley']}}]"
94,"['pair_style eam/alloy\n', 'pair_coeff * * CuAgAu_Zhou04.eam.alloy Cu Ag Au\n']",['potential_LAMMPS/2004--Zhou-X-W--Cu-Ag-Au--LAMMPS--ipr2/CuAgAu_Zhou04.eam.alloy'],NISTiprpy,2004--Zhou-X-W--Cu-Ag-Au--LAMMPS--ipr2,"['Cu', 'Ag', 'Au']","[{'Zhou_2004': {'title': 'Misfit-energy-increasing dislocations in vapor-deposited CoFe/NiFe multilayers', 'journal': 'Physical Review B', 'volume': '69', 'pages': '144113', 'number': '14', 'doi': '10.1103/physrevb.69.144113', 'publisher': 'American Physical Society (APS)', 'url': 'https://doi.org/10.1103%2Fphysrevb.69.144113', 'year': '2004', 'author': ['X. W. Zhou', 'R. A. Johnson', 'H. N. G. Wadley']}}]"
95,"['pair_style eam/alloy\n', 'pair_coeff * * Fe_Zhou04.eam.alloy Fe\n']",['potential_LAMMPS/2004--Zhou-X-W--Fe--LAMMPS--ipr2/Fe_Zhou04.eam.alloy'],NISTiprpy,2004--Zhou-X-W--Fe--LAMMPS--ipr2,['Fe'],"[{'Zhou_2004': {'title': 'Misfit-energy-increasing dislocations in vapor-deposited CoFe/NiFe multilayers', 'journal': 'Physical Review B', 'volume': '69', 'pages': '144113', 'number': '14', 'doi': '10.1103/physrevb.69.144113', 'publisher': 'American Physical Society (APS)', 'url': 'https://doi.org/10.1103%2Fphysrevb.69.144113', 'year': '2004', 'author': ['X. W. Zhou', 'R. A. Johnson', 'H. N. G. Wadley']}}]"
96,"['pair_style eam/alloy\n', 'pair_coeff * * Mg_Zhou04.eam.alloy Mg\n']",['potential_LAMMPS/2004--Zhou-X-W--Mg--LAMMPS--ipr2/Mg_Zhou04.eam.alloy'],NISTiprpy,2004--Zhou-X-W--Mg--LAMMPS--ipr2,['Mg'],"[{'Zhou_2004': {'title': 'Misfit-energy-increasing dislocations in vapor-deposited CoFe/NiFe multilayers', 'journal': 'Physical Review B', 'volume': '69', 'pages': '144113', 'number': '14', 'doi': '10.1103/physrevb.69.144113', 'publisher': 'American Physical Society (APS)', 'url': 'https://doi.org/10.1103%2Fphysrevb.69.144113', 'year': '2004', 'author': ['X. W. Zhou', 'R. A. Johnson', 'H. N. G. Wadley']}}]"
97,"['pair_style eam/alloy\n', 'pair_coeff * * Mo_Zhou04.eam.alloy Mo\n']",['potential_LAMMPS/2004--Zhou-X-W--Mo--LAMMPS--ipr2/Mo_Zhou04.eam.alloy'],NISTiprpy,2004--Zhou-X-W--Mo--LAMMPS--ipr2,['Mo'],"[{'Zhou_2004': {'title': 'Misfit-energy-increasing dislocations in vapor-deposited CoFe/NiFe multilayers', 'journal': 'Physical Review B', 'volume': '69', 'pages': '144113', 'number': '14', 'doi': '10.1103/physrevb.69.144113', 'publisher': 'American Physical Society (APS)', 'url': 'https://doi.org/10.1103%2Fphysrevb.69.144113', 'year': '2004', 'author': ['X. W. Zhou', 'R. A. Johnson', 'H. N. G. Wadley']}}]"
98,"['pair_style eam/fs\n', 'pair_coeff * * Ni_Zhou04.eam.alloy Ni\n']",['potential_LAMMPS/2004--Zhou-X-W--Ni--LAMMPS--ipr2/Ni_Zhou04.eam.alloy'],NISTiprpy,2004--Zhou-X-W--Ni--LAMMPS--ipr2,['Ni'],"[{'Zhou_2004': {'title': 'Misfit-energy-increasing dislocations in vapor-deposited CoFe/NiFe multilayers', 'journal': 'Physical Review B', 'volume': '69', 'pages': '144113', 'number': '14', 'doi': '10.1103/physrevb.69.144113', 'publisher': 'American Physical Society (APS)', 'url': 'https://doi.org/10.1103%2Fphysrevb.69.144113', 'year': '2004', 'author': ['X. W. Zhou', 'R. A. Johnson', 'H. N. G. Wadley']}}]"
99,"['pair_style eam/alloy\n', 'pair_coeff * * Pb_Zhou04.eam.alloy Pb\n']",['potential_LAMMPS/2004--Zhou-X-W--Pb--LAMMPS--ipr2/Pb_Zhou04.eam.alloy'],NISTiprpy,2004--Zhou-X-W--Pb--LAMMPS--ipr2,['Pb'],"[{'Zhou_2004': {'title': 'Misfit-energy-increasing dislocations in vapor-deposited CoFe/NiFe multilayers', 'journal': 'Physical Review B', 'volume': '69', 'pages': '144113', 'number': '14', 'doi': '10.1103/physrevb.69.144113', 'publisher': 'American Physical Society (APS)', 'url': 'https://doi.org/10.1103%2Fphysrevb.69.144113', 'year': '2004', 'author': ['X. W. Zhou', 'R. A. Johnson', 'H. N. G. Wadley']}}]"
100,"['pair_style eam/alloy\n', 'pair_coeff * * Pd_Zhou04.eam.alloy Pd\n']",['potential_LAMMPS/2004--Zhou-X-W--Pd--LAMMPS--ipr2/Pd_Zhou04.eam.alloy'],NISTiprpy,2004--Zhou-X-W--Pd--LAMMPS--ipr2,['Pd'],"[{'Zhou_2004': {'title': 'Misfit-energy-increasing dislocations in vapor-deposited CoFe/NiFe multilayers', 'journal': 'Physical Review B', 'volume': '69', 'pages': '144113', 'number': '14', 'doi': '10.1103/physrevb.69.144113', 'publisher': 'American Physical Society (APS)', 'url': 'https://doi.org/10.1103%2Fphysrevb.69.144113', 'year': '2004', 'author': ['X. W. Zhou', 'R. A. Johnson', 'H. N. G. Wadley']}}]"
101,"['pair_style eam/alloy\n', 'pair_coeff * * Pt_Zhou04.eam.alloy Pt\n']",['potential_LAMMPS/2004--Zhou-X-W--Pt--LAMMPS--ipr2/Pt_Zhou04.eam.alloy'],NISTiprpy,2004--Zhou-X-W--Pt--LAMMPS--ipr2,['Pt'],"[{'Zhou_2004': {'title': 'Misfit-energy-increasing dislocations in vapor-deposited CoFe/NiFe multilayers', 'journal': 'Physical Review B', 'volume': '69', 'pages': '144113', 'number': '14', 'doi': '10.1103/physrevb.69.144113', 'publisher': 'American Physical Society (APS)', 'url': 'https://doi.org/10.1103%2Fphysrevb.69.144113', 'year': '2004', 'author': ['X. W. Zhou', 'R. A. Johnson', 'H. N. G. Wadley']}}]"
102,"['pair_style eam/alloy\n', 'pair_coeff * * Ta_Zhou04.eam.alloy Ta\n']",['potential_LAMMPS/2004--Zhou-X-W--Ta--LAMMPS--ipr2/Ta_Zhou04.eam.alloy'],NISTiprpy,2004--Zhou-X-W--Ta--LAMMPS--ipr2,['Ta'],"[{'Zhou_2004': {'title': 'Misfit-energy-increasing dislocations in vapor-deposited CoFe/NiFe multilayers', 'journal': 'Physical Review B', 'volume': '69', 'pages': '144113', 'number': '14', 'doi': '10.1103/physrevb.69.144113', 'publisher': 'American Physical Society (APS)', 'url': 'https://doi.org/10.1103%2Fphysrevb.69.144113', 'year': '2004', 'author': ['X. W. Zhou', 'R. A. Johnson', 'H. N. G. Wadley']}}]"
103,"['pair_style eam/alloy\n', 'pair_coeff * * TaCu_Zhou04.eam.alloy Ta Cu\n']",['potential_LAMMPS/2004--Zhou-X-W--Ta-Cu--LAMMPS--ipr2/TaCu_Zhou04.eam.alloy'],NISTiprpy,2004--Zhou-X-W--Ta-Cu--LAMMPS--ipr2,"['Ta', 'Cu']","[{'Zhou_2004': {'title': 'Misfit-energy-increasing dislocations in vapor-deposited CoFe/NiFe multilayers', 'journal': 'Physical Review B', 'volume': '69', 'pages': '144113', 'number': '14', 'doi': '10.1103/physrevb.69.144113', 'publisher': 'American Physical Society (APS)', 'url': 'https://doi.org/10.1103%2Fphysrevb.69.144113', 'year': '2004', 'author': ['X. W. Zhou', 'R. A. Johnson', 'H. N. G. Wadley']}}]"
104,"['pair_style eam/alloy\n', 'pair_coeff * * Ti_Zhou04.eam.alloy Ti\n']",['potential_LAMMPS/2004--Zhou-X-W--Ti--LAMMPS--ipr2/Ti_Zhou04.eam.alloy'],NISTiprpy,2004--Zhou-X-W--Ti--LAMMPS--ipr2,['Ti'],"[{'Zhou_2004': {'title': 'Misfit-energy-increasing dislocations in vapor-deposited CoFe/NiFe multilayers', 'journal': 'Physical Review B', 'volume': '69', 'pages': '144113', 'number': '14', 'doi': '10.1103/physrevb.69.144113', 'publisher': 'American Physical Society (APS)', 'url': 'https://doi.org/10.1103%2Fphysrevb.69.144113', 'year': '2004', 'author': ['X. W. Zhou', 'R. A. Johnson', 'H. N. G. Wadley']}}]"
105,"['pair_style eam/alloy\n', 'pair_coeff * * W_Zhou04.eam.alloy W\n']",['potential_LAMMPS/2004--Zhou-X-W--W--LAMMPS--ipr2/W_Zhou04.eam.alloy'],NISTiprpy,2004--Zhou-X-W--W--LAMMPS--ipr2,['W'],"[{'Zhou_2004': {'title': 'Misfit-energy-increasing dislocations in vapor-deposited CoFe/NiFe multilayers', 'journal': 'Physical Review B', 'volume': '69', 'pages': '144113', 'number': '14', 'doi': '10.1103/physrevb.69.144113', 'publisher': 'American Physical Society (APS)', 'url': 'https://doi.org/10.1103%2Fphysrevb.69.144113', 'year': '2004', 'author': ['X. W. Zhou', 'R. A. Johnson', 'H. N. G. Wadley']}}]"
106,"['pair_style eam/alloy\n', 'pair_coeff * * Zr_Zhou04.eam.alloy Zr\n']",['potential_LAMMPS/2004--Zhou-X-W--Zr--LAMMPS--ipr2/Zr_Zhou04.eam.alloy'],NISTiprpy,2004--Zhou-X-W--Zr--LAMMPS--ipr2,['Zr'],"[{'Zhou_2004': {'title': 'Misfit-energy-increasing dislocations in vapor-deposited CoFe/NiFe multilayers', 'journal': 'Physical Review B', 'volume': '69', 'pages': '144113', 'number': '14', 'doi': '10.1103/physrevb.69.144113', 'publisher': 'American Physical Society (APS)', 'url': 'https://doi.org/10.1103%2Fphysrevb.69.144113', 'year': '2004', 'author': ['X. W. Zhou', 'R. A. Johnson', 'H. N. G. Wadley']}}]"
107,"['pair_style tersoff\n', 'pair_coeff * * 2005_SiC_I.tersoff Si C\n']",['potential_LAMMPS/2005--Erhart-P--Si-C-I--LAMMPS--ipr1/2005_SiC_I.tersoff'],NISTiprpy,2005--Erhart-P--Si-C-I--LAMMPS--ipr1,"['Si', 'C']","[{'Erhart_2005': {'title': 'Analytical potential for atomistic simulations of silicon, carbon, and silicon carbide', 'journal': 'Physical Review B', 'volume': '71', 'pages': '035211', 'number': '3', 'doi': '10.1103/physrevb.71.035211', 'publisher': 'American Physical Society (APS)', 'url': 'https://doi.org/10.1103%2Fphysrevb.71.035211', 'year': '2005', 'author': ['Paul Erhart', 'Karsten Albe']}}]"
108,"['pair_style tersoff\n', 'pair_coeff * * 2005_SiC_II.tersoff Si C\n']",['potential_LAMMPS/2005--Erhart-P--Si-C-II--LAMMPS--ipr1/2005_SiC_II.tersoff'],NISTiprpy,2005--Erhart-P--Si-C-II--LAMMPS--ipr1,"['Si', 'C']","[{'Erhart_2005': {'title': 'Analytical potential for atomistic simulations of silicon, carbon, and silicon carbide', 'journal': 'Physical Review B', 'volume': '71', 'pages': '035211', 'number': '3', 'doi': '10.1103/physrevb.71.035211', 'publisher': 'American Physical Society (APS)', 'url': 'https://doi.org/10.1103%2Fphysrevb.71.035211', 'year': '2005', 'author': ['Paul Erhart', 'Karsten Albe']}}]"
109,"['pair_style eam/alloy\n', 'pair_coeff * * Au-Grochola-JCP05.eam.alloy Au\n']",['potential_LAMMPS/2005--Grochola-G--Au--LAMMPS--ipr1/Au-Grochola-JCP05.eam.alloy'],NISTiprpy,2005--Grochola-G--Au--LAMMPS--ipr1,['Au'],"[{'Grochola_2005': {'title': 'On fitting a gold embedded atom method potential using the force matching method', 'journal': 'The Journal of Chemical Physics', 'volume': '123', 'pages': '204719', 'number': '20', 'doi': '10.1063/1.2124667', 'publisher': 'AIP Publishing', 'url': 'https://doi.org/10.1063%2F1.2124667', 'year': '2005', 'author': ['Gregory Grochola', 'Salvy P. Russo', 'Ian K. Snook']}}]"
110,"['pair_style meam\n', 'pair_coeff * * library.meam C C.meam C\n']","['potential_LAMMPS/2005--Lee-B-J--C--LAMMPS--ipr1/library.meam', 'potential_LAMMPS/2005--Lee-B-J--C--LAMMPS--ipr1/C.meam']",NISTiprpy,2005--Lee-B-J--C--LAMMPS--ipr1,['C'],"[{'Lee_2005': {'title': 'A modified embedded atom method interatomic potential for carbon', 'journal': 'Calphad', 'volume': '29', 'pages': '7--16', 'number': '1', 'doi': '10.1016/j.calphad.2005.02.003', 'publisher': 'Elsevier BV', 'url': 'https://doi.org/10.1016%2Fj.calphad.2005.02.003', 'year': '2005', 'author': ['Byeong-Joo Lee', 'Jin Wook Lee']}}]"
111,"['pair_style meam\n', 'pair_coeff * * library.meam Fe Cu FeCu.meam Fe Cu\n']","['potential_LAMMPS/2005--Lee-B-J--Fe-Cu--LAMMPS--ipr1/library.meam', 'potential_LAMMPS/2005--Lee-B-J--Fe-Cu--LAMMPS--ipr1/FeCu.meam']",NISTiprpy,2005--Lee-B-J--Fe-Cu--LAMMPS--ipr1,"['Fe', 'Cu']","[{'Lee_2005': {'title': 'Modified embedded-atom method interatomic potential for the Fe-Cu alloy system and cascade simulations on pure Fe and Fe-Cu alloys', 'journal': 'Physical Review B', 'volume': '71', 'pages': '184205', 'number': '18', 'doi': '10.1103/physrevb.71.184205', 'publisher': 'American Physical Society (APS)', 'url': 'https://doi.org/10.1103%2Fphysrevb.71.184205', 'year': '2005', 'author': ['Byeong-Joo Lee', 'Brian D. Wirth', 'Jae-Hyeok Shim', 'Junhyun Kwon', 'Sang Chul Kwon', 'Jun-Hwa Hong']}}]"
112,"['pair_style eam/fs\n', 'pair_coeff * * Al-Fe.eam.fs Al Fe\n']",['potential_LAMMPS/2005--Mendelev-M-I--Al-Fe--LAMMPS--ipr1/Al-Fe.eam.fs'],NISTiprpy,2005--Mendelev-M-I--Al-Fe--LAMMPS--ipr1,"['Al', 'Fe']","[{'Mendelev_2005': {'title': 'Effect of Fe Segregation on the Migration of a Non-Symmetric Σ5 Tilt Grain Boundary in Al', 'journal': 'Journal of Materials Research', 'volume': '20', 'pages': '208--218', 'number': '1', 'doi': '10.1557/jmr.2005.0024', 'publisher': 'Cambridge University Press (CUP)', 'url': 'https://doi.org/10.1557%2Fjmr.2005.0024', 'year': '2005', 'author': ['M.I. Mendelev', 'D.J. Srolovitz', 'G.J. Ackland', 'S. Han']}}]"
113,"['pair_style sw\n', 'pair_coeff * * GaN.sw Ga N\n']",['potential_LAMMPS/2006--Bere-A--Ga-N--LAMMPS--ipr1/GaN.sw'],NISTiprpy,2006--Bere-A--Ga-N--LAMMPS--ipr1,"['Ga', 'N']","[{'B_r__2006': {'title': 'On the atomic structures, mobility and interactions of extended defects in GaN: dislocations, tilt and twin boundaries', 'journal': 'Philosophical Magazine', 'volume': '86', 'pages': '2159--2192', 'number': '15', 'doi': '10.1080/14786430600640486', 'publisher': 'Informa UK Limited', 'url': 'https://doi.org/10.1080%2F14786430600640486', 'year': '2006', 'author': ['A. Béré', 'A. Serra']}}]"
114,"['pair_style eam/alloy\n', 'pair_coeff * * Fe_Mishin2006.eam.alloy Fe\n']",['potential_LAMMPS/2006--Chamati-H--Fe--LAMMPS--ipr1/Fe_Mishin2006.eam.alloy'],NISTiprpy,2006--Chamati-H--Fe--LAMMPS--ipr1,['Fe'],"[{'Chamati_2006': {'title': 'Embedded-atom potential for Fe and its application to self-diffusion on Fe(100)', 'journal': 'Surface Science', 'volume': '600', 'pages': '1793--1803', 'number': '9', 'doi': '10.1016/j.susc.2006.02.010', 'publisher': 'Elsevier BV', 'url': 'https://doi.org/10.1016%2Fj.susc.2006.02.010', 'year': '2006', 'author': ['H. Chamati', 'N.I. Papanicolaou', 'Y. Mishin', 'D.A. Papaconstantopoulos']}}]"
115,"['pair_style meam\n', 'pair_coeff * * library.meam Pt Fe PtFe.meam Pt Fe\n']","['potential_LAMMPS/2006--Kim-J--Fe-Pt--LAMMPS--ipr1/library.meam', 'potential_LAMMPS/2006--Kim-J--Fe-Pt--LAMMPS--ipr1/PtFe.meam']",NISTiprpy,2006--Kim-J--Fe-Pt--LAMMPS--ipr1,"['Pt', 'Fe']","[{'Kim_2006': {'title': 'Modified embedded-atom method interatomic potential for the Fe–Pt alloy system', 'journal': 'Journal of Materials Research', 'volume': '21', 'pages': '199--208', 'number': '1', 'doi': '10.1557/jmr.2006.0008', 'publisher': 'Cambridge University Press (CUP)', 'url': 'https://doi.org/10.1557%2Fjmr.2006.0008', 'year': '2006', 'author': ['Jaesong Kim', 'Yangmo Koo', 'Byeong-Joo Lee']}}]"
116,"['pair_style meam\n', 'pair_coeff * * library.meam Ti Ti.meam Ti\n']","['potential_LAMMPS/2006--Kim-Y-M--Ti--LAMMPS--ipr1/library.meam', 'potential_LAMMPS/2006--Kim-Y-M--Ti--LAMMPS--ipr1/Ti.meam']",NISTiprpy,2006--Kim-Y-M--Ti--LAMMPS--ipr1,['Ti'],"[{'Kim_2006': {'title': 'Modified embedded-atom method interatomic potentials for Ti and Zr', 'journal': 'Physical Review B', 'volume': '74', 'pages': '014101', 'number': '1', 'doi': '10.1103/physrevb.74.014101', 'publisher': 'American Physical Society (APS)', 'url': 'https://doi.org/10.1103%2Fphysrevb.74.014101', 'year': '2006', 'author': ['Young-Min Kim', 'Byeong-Joo Lee', 'M. I. Baskes']}}]"
117,"['pair_style meam\n', 'pair_coeff * * library.meam Zr Zr.meam Zr\n']","['potential_LAMMPS/2006--Kim-Y-M--Zr--LAMMPS--ipr1/library.meam', 'potential_LAMMPS/2006--Kim-Y-M--Zr--LAMMPS--ipr1/Zr.meam']",NISTiprpy,2006--Kim-Y-M--Zr--LAMMPS--ipr1,['Zr'],"[{'Kim_2006': {'title': 'Modified embedded-atom method interatomic potentials for Ti and Zr', 'journal': 'Physical Review B', 'volume': '74', 'pages': '014101', 'number': '1', 'doi': '10.1103/physrevb.74.014101', 'publisher': 'American Physical Society (APS)', 'url': 'https://doi.org/10.1103%2Fphysrevb.74.014101', 'year': '2006', 'author': ['Young-Min Kim', 'Byeong-Joo Lee', 'M. I. Baskes']}}]"
118,"['pair_style meam\n', 'pair_coeff * * library.meam Fe C FeC-para.meam Fe C\n']","['potential_LAMMPS/2006--Lee-B-J--Fe-C--LAMMPS--ipr1/library.meam', 'potential_LAMMPS/2006--Lee-B-J--Fe-C--LAMMPS--ipr1/FeC-para.meam']",NISTiprpy,2006--Lee-B-J--Fe-C--LAMMPS--ipr1,"['Fe', 'C']","[{'Lee_2006': {'title': 'A modified embedded-atom method interatomic potential for the Fe–C system', 'journal': 'Acta Materialia', 'volume': '54', 'pages': '701--711', 'number': '3', 'doi': '10.1016/j.actamat.2005.09.034', 'publisher': 'Elsevier BV', 'url': 'https://doi.org/10.1016%2Fj.actamat.2005.09.034', 'year': '2006', 'author': ['Byeong-Joo Lee']}}]"
119,"['pair_style meam\n', 'pair_coeff * * library.meam Fe N FeN.meam Fe N\n']","['potential_LAMMPS/2006--Lee-B-J--Fe-N--LAMMPS--ipr1/library.meam', 'potential_LAMMPS/2006--Lee-B-J--Fe-N--LAMMPS--ipr1/FeN.meam']",NISTiprpy,2006--Lee-B-J--Fe-N--LAMMPS--ipr1,"['Fe', 'N']","[{'Lee_2006': {'title': 'A modified embedded-atom method interatomic potential for the Fe–N system: A comparative study with the Fe–C system', 'journal': 'Acta Materialia', 'volume': '54', 'pages': '4597--4607', 'number': '17', 'doi': '10.1016/j.actamat.2006.06.003', 'publisher': 'Elsevier BV', 'url': 'https://doi.org/10.1016%2Fj.actamat.2006.06.003', 'year': '2006', 'author': ['Byeong-Joo Lee', 'Tae-Ho Lee', 'Sung-Joon Kim']}}]"
120,"['pair_style bop\n', 'pair_coeff * * GaAs.bop.table Ga As\n', 'comm_modify cutoff 14.7\n']",['potential_LAMMPS/2006--Murdick-D-A--Ga-As--LAMMPS--ipr1/GaAs.bop.table'],NISTiprpy,2006--Murdick-D-A--Ga-As--LAMMPS--ipr1,"['Ga', 'As']","[{'Murdick_2006': {'title': 'Analytic bond-order potential for the gallium arsenide system', 'journal': 'Physical Review B', 'volume': '73', 'pages': '045206', 'number': '4', 'doi': '10.1103/physrevb.73.045206', 'publisher': 'American Physical Society (APS)', 'url': 'https://doi.org/10.1103%2Fphysrevb.73.045206', 'year': '2006', 'author': ['D. A. Murdick', 'X. W. Zhou', 'H. N. G. Wadley', 'D. Nguyen-Manh', 'R. Drautz', 'D. G. Pettifor']}}]"
121,"['pair_style eam/fs\n', 'pair_coeff * * Mg.eam.fs Mg\n']",['potential_LAMMPS/2006--Sun-D-Y--Mg--LAMMPS--ipr1/Mg.eam.fs'],NISTiprpy,2006--Sun-D-Y--Mg--LAMMPS--ipr1,['Mg'],"[{'Sun_2006': {'title': 'Crystal-melt interfacial free energies in hcp metals: A molecular dynamics study of Mg', 'journal': 'Physical Review B', 'volume': '73', 'pages': '024116', 'number': '2', 'doi': '10.1103/physrevb.73.024116', 'publisher': 'American Physical Society (APS)', 'url': 'https://doi.org/10.1103%2Fphysrevb.73.024116', 'year': '2006', 'author': ['D. Y. Sun', 'M. I. Mendelev', 'C. A. Becker', 'K. Kudin', 'Tomorr Haxhimali', 'M. Asta', 'J. J. Hoyt', 'A. Karma', 'D. J. Srolovitz']}}]"
122,"['pair_style eam/alloy\n', 'pair_coeff * * Ag.eam.alloy Ag\n']",['potential_LAMMPS/2006--Williams-P-L--Ag--LAMMPS--ipr1/Ag.eam.alloy'],NISTiprpy,2006--Williams-P-L--Ag--LAMMPS--ipr1,['Ag'],"[{'Williams_2006': {'title': 'An embedded-atom potential for the Cu-Ag system', 'journal': 'Modelling and Simulation in Materials Science and Engineering', 'volume': '14', 'pages': '817--833', 'number': '5', 'doi': '10.1088/0965-0393/14/5/002', 'publisher': 'IOP Publishing', 'url': 'https://doi.org/10.1088%2F0965-0393%2F14%2F5%2F002', 'year': '2006', 'author': ['P L Williams', 'Y Mishin', 'J C Hamilton']}}]"
123,"['pair_style eam/alloy\n', 'pair_coeff * * CuAg.eam.alloy Cu Ag\n']",['potential_LAMMPS/2006--Williams-P-L--Cu-Ag--LAMMPS--ipr1/CuAg.eam.alloy'],NISTiprpy,2006--Williams-P-L--Cu-Ag--LAMMPS--ipr1,"['Cu', 'Ag']","[{'Williams_2006': {'title': 'An embedded-atom potential for the Cu-Ag system', 'journal': 'Modelling and Simulation in Materials Science and Engineering', 'volume': '14', 'pages': '817--833', 'number': '5', 'doi': '10.1088/0965-0393/14/5/002', 'publisher': 'IOP Publishing', 'url': 'https://doi.org/10.1088%2F0965-0393%2F14%2F5%2F002', 'year': '2006', 'author': ['P L Williams', 'Y Mishin', 'J C Hamilton']}}]"
124,"['pair_style tersoff/mod\n', 'pair_coeff * * Si.tersoff.mod Si\n']",['potential_LAMMPS/2007--Kumagai-T--Si--LAMMPS--ipr1/Si.tersoff.mod'],NISTiprpy,2007--Kumagai-T--Si--LAMMPS--ipr1,['Si'],"[{'Kumagai_2007': {'title': 'Development of bond-order potentials that can reproduce the elastic constants and melting point of silicon for classical molecular dynamics simulation', 'journal': 'Computational Materials Science', 'volume': '39', 'pages': '457--464', 'number': '2', 'doi': '10.1016/j.commatsci.2006.07.013', 'publisher': 'Elsevier BV', 'url': 'https://doi.org/10.1016%2Fj.commatsci.2006.07.013', 'year': '2007', 'author': ['T. Kumagai', 'S. Izumi', 'S. Hara', 'S. Sakai']}}]"
125,"['pair_style meam\n', 'pair_coeff * * library.meam Fe H FeH.meam Fe H\n']","['potential_LAMMPS/2007--Lee-B-J--Fe-H--LAMMPS--ipr1/library.meam', 'potential_LAMMPS/2007--Lee-B-J--Fe-H--LAMMPS--ipr1/FeH.meam']",NISTiprpy,2007--Lee-B-J--Fe-H--LAMMPS--ipr1,"['Fe', 'H']","[{'Lee_2007': {'title': 'A modified embedded-atom method interatomic potential for the Fe-H system', 'journal': 'Acta Materialia', 'volume': '55', 'pages': '6779--6788', 'number': '20', 'doi': '10.1016/j.actamat.2007.08.041', 'publisher': 'Elsevier BV', 'url': 'https://doi.org/10.1016%2Fj.actamat.2007.08.041', 'year': '2007', 'author': ['Byeong-Joo Lee', 'Je-Wook Jang']}}]"
126,"['pair_style meam\n', 'pair_coeff * * library.meam Si Si.meam Si\n']","['potential_LAMMPS/2007--Lee-B-J--Si--LAMMPS--ipr1/library.meam', 'potential_LAMMPS/2007--Lee-B-J--Si--LAMMPS--ipr1/Si.meam']",NISTiprpy,2007--Lee-B-J--Si--LAMMPS--ipr1,['Si'],"[{'Lee_2007': {'title': 'A modified embedded atom method interatomic potential for silicon', 'journal': 'Calphad', 'volume': '31', 'pages': '95--104', 'number': '1', 'doi': '10.1016/j.calphad.2006.10.002', 'publisher': 'Elsevier BV', 'url': 'https://doi.org/10.1016%2Fj.calphad.2006.10.002', 'year': '2007', 'author': ['Byeong-Joo Lee']}}]"
127,"['pair_style eam/fs\n', 'pair_coeff * * Cu-Zr.eam.fs Cu Zr\n']",['potential_LAMMPS/2007--Mendelev-M-I--Cu-Zr--LAMMPS--ipr1/Cu-Zr.eam.fs'],NISTiprpy,2007--Mendelev-M-I--Cu-Zr--LAMMPS--ipr1,"['Cu', 'Zr']","[{'Mendelev_2007': {'title': 'Using atomistic computer simulations to analyze x-ray diffraction data from metallic glasses', 'journal': 'Journal of Applied Physics', 'volume': '102', 'pages': '043501', 'number': '4', 'doi': '10.1063/1.2769157', 'publisher': 'AIP Publishing', 'url': 'https://doi.org/10.1063%2F1.2769157', 'year': '2007', 'author': ['M. I. Mendelev', 'D. J. Sordelet', 'M. J. Kramer']}}]"
128,"['pair_style eam/fs\n', 'pair_coeff * * V-Fe.eam.fs V Fe\n']",['potential_LAMMPS/2007--Mendelev-M-I--V-Fe--LAMMPS--ipr1/V-Fe.eam.fs'],NISTiprpy,2007--Mendelev-M-I--V-Fe--LAMMPS--ipr1,"['V', 'Fe']","[{'Mendelev_2007': {'title': 'Simulation of the interaction between Fe impurities and point defects in V', 'journal': 'Physical Review B', 'volume': '76', 'pages': '214105', 'number': '21', 'doi': '10.1103/physrevb.76.214105', 'publisher': 'American Physical Society (APS)', 'url': 'https://doi.org/10.1103%2Fphysrevb.76.214105', 'year': '2007', 'author': ['Mikhail I. Mendelev', 'Seungwu Han', 'Won-joon Son', 'Graeme J. Ackland', 'David J. Srolovitz']}}]"
129,"['pair_style eam/fs\n', 'pair_coeff * * Zr_1.eam.fs Zr\n']",['potential_LAMMPS/2007--Mendelev-M-I--Zr-1--LAMMPS--ipr1/Zr_1.eam.fs'],NISTiprpy,2007--Mendelev-M-I--Zr-1--LAMMPS--ipr1,['Zr'],"[{'Mendelev_2007': {'title': 'Development of an interatomic potential for the simulation of phase transformations in zirconium', 'journal': 'Philosophical Magazine Letters', 'volume': '87', 'pages': '349--359', 'number': '5', 'doi': '10.1080/09500830701191393', 'publisher': 'Informa UK Limited', 'url': 'https://doi.org/10.1080%2F09500830701191393', 'year': '2007', 'author': ['M. I. Mendelev', 'G. J. Ackland']}}]"
130,"['pair_style eam/fs\n', 'pair_coeff * * Zr_2.eam.fs Zr\n']",['potential_LAMMPS/2007--Mendelev-M-I--Zr-2--LAMMPS--ipr2/Zr_2.eam.fs'],NISTiprpy,2007--Mendelev-M-I--Zr-2--LAMMPS--ipr2,['Zr'],"[{'Mendelev_2007': {'title': 'Development of an interatomic potential for the simulation of phase transformations in zirconium', 'journal': 'Philosophical Magazine Letters', 'volume': '87', 'pages': '349--359', 'number': '5', 'doi': '10.1080/09500830701191393', 'publisher': 'Informa UK Limited', 'url': 'https://doi.org/10.1080%2F09500830701191393', 'year': '2007', 'author': ['M. I. Mendelev', 'G. J. Ackland']}}]"
131,"['pair_style eam/fs\n', 'pair_coeff * * Zr_3.eam.fs Zr\n']",['potential_LAMMPS/2007--Mendelev-M-I--Zr-3--LAMMPS--ipr2/Zr_3.eam.fs'],NISTiprpy,2007--Mendelev-M-I--Zr-3--LAMMPS--ipr2,['Zr'],"[{'Mendelev_2007': {'title': 'Development of an interatomic potential for the simulation of phase transformations in zirconium', 'journal': 'Philosophical Magazine Letters', 'volume': '87', 'pages': '349--359', 'number': '5', 'doi': '10.1080/09500830701191393', 'publisher': 'Informa UK Limited', 'url': 'https://doi.org/10.1080%2F09500830701191393', 'year': '2007', 'author': ['M. I. Mendelev', 'G. J. Ackland']}}]"
132,"['pair_style tersoff\n', 'pair_coeff * * 2007_SiO.tersoff Si O\n']",['potential_LAMMPS/2007--Munetoh-S--Si-O--LAMMPS--ipr1/2007_SiO.tersoff'],NISTiprpy,2007--Munetoh-S--Si-O--LAMMPS--ipr1,"['Si', 'O']","[{'Munetoh_2007': {'title': 'Interatomic potential for Si-O systems using Tersoff parameterization', 'journal': 'Computational Materials Science', 'volume': '39', 'pages': '334--339', 'number': '2', 'doi': '10.1016/j.commatsci.2006.06.010', 'publisher': 'Elsevier BV', 'url': 'https://doi.org/10.1016%2Fj.commatsci.2006.06.010', 'year': '2007', 'author': ['Shinji Munetoh', 'Teruaki Motooka', 'Koji Moriguchi', 'Akira Shintani']}}]"
133,"['pair_style meam\n', 'pair_coeff * * library.meam Al Ni AlNi.meam Al Ni\n']","['potential_LAMMPS/2007--Silva-A-C--Al-Ni--LAMMPS--ipr1/library.meam', 'potential_LAMMPS/2007--Silva-A-C--Al-Ni--LAMMPS--ipr1/AlNi.meam']",NISTiprpy,2007--Silva-A-C--Al-Ni--LAMMPS--ipr1,"['Al', 'Ni']","[{'Costa_e_Silva_2007': {'title': 'Applications of computational thermodynamics - the extension from phase equilibrium to phase transformations and other properties', 'journal': 'Calphad', 'volume': '31', 'pages': '53--74', 'number': '1', 'doi': '10.1016/j.calphad.2006.02.006', 'publisher': 'Elsevier BV', 'url': 'https://doi.org/10.1016%2Fj.calphad.2006.02.006', 'year': '2007', 'author': ['André Costa e Silva', 'John Ågren', 'Maria Teresa Clavaguera-Mora', 'D. Djurovic', 'Tomas Gomez-Acebo', 'Byeong-Joo Lee', 'Zi-Kui Liu', 'Peter Miodownik', 'Hans Juergen Seifert']}}]"
134,"['pair_style vashishta\n', 'pair_coeff * * SiC.vashishta Si C\n']",['potential_LAMMPS/2007--Vashishta-P--Si-C--LAMMPS--ipr1/SiC.vashishta'],NISTiprpy,2007--Vashishta-P--Si-C--LAMMPS--ipr1,"['Si', 'C']","[{'Vashishta_2007': {'title': 'Interaction potential for silicon carbide: A molecular dynamics study of elastic constants and vibrational density of states for crystalline and amorphous silicon carbide', 'journal': 'Journal of Applied Physics', 'volume': '101', 'pages': '103515', 'number': '10', 'doi': '10.1063/1.2724570', 'publisher': 'AIP Publishing', 'url': 'https://doi.org/10.1063%2F1.2724570', 'year': '2007', 'author': ['Priya Vashishta', 'Rajiv K. Kalia', 'Aiichiro Nakano', 'José Pedro Rino']}}]"
135,"['pair_style reax/c NULL\n', 'pair_coeff * * ffield.reax.CHO_2008 C H O\n', 'fix qeq_fix all qeq/reax 1 0.0 10.0 1e-06 reax/c\n']",['potential_LAMMPS/2008--Chenoweth-K--C-H-O--LAMMPS--ipr1/ffield.reax.CHO_2008'],NISTiprpy,2008--Chenoweth-K--C-H-O--LAMMPS--ipr1,"['C', 'H', 'O']","[{'Chenoweth_2008': {'title': 'ReaxFF Reactive Force Field for Molecular Dynamics Simulations of Hydrocarbon Oxidation', 'journal': 'The Journal of Physical Chemistry A', 'volume': '112', 'pages': '1040--1053', 'number': '5', 'doi': '10.1021/jp709896w', 'publisher': 'American Chemical Society (ACS)', 'url': 'https://doi.org/10.1021%2Fjp709896w', 'year': '2008', 'author': ['Kimberly Chenoweth', 'Adri C. T. van Duin', 'William A. Goddard']}}]"
136,"['pair_style meam\n', 'pair_coeff * * library.meam In In.meam In\n']","['potential_LAMMPS/2008--Do-E-C--In--LAMMPS--ipr1/library.meam', 'potential_LAMMPS/2008--Do-E-C--In--LAMMPS--ipr1/In.meam']",NISTiprpy,2008--Do-E-C--In--LAMMPS--ipr1,['In'],"[{'Do_2008': {'title': 'A modified embedded-atom method interatomic potential for indium', 'journal': 'Calphad', 'volume': '32', 'pages': '82--88', 'number': '1', 'doi': '10.1016/j.calphad.2007.08.004', 'publisher': 'Elsevier BV', 'url': 'https://doi.org/10.1016%2Fj.calphad.2007.08.004', 'year': '2008', 'author': ['Eun Cheol Do', 'Young-Han Shin', 'Byeong-Joo Lee']}}]"
137,"['pair_style eam/fs\n', 'pair_coeff * * Ru.eam.fs Ru\n']",['potential_LAMMPS/2008--Fortini-A--Ru--LAMMPS--ipr1/Ru.eam.fs'],NISTiprpy,2008--Fortini-A--Ru--LAMMPS--ipr1,['Ru'],"[{'Fortini_2008': {'title': 'Asperity contacts at the nanoscale: Comparison of Ru and Au', 'journal': 'Journal of Applied Physics', 'volume': '104', 'pages': '074320', 'number': '7', 'doi': '10.1063/1.2991301', 'publisher': 'AIP Publishing', 'url': 'https://doi.org/10.1063%2F1.2991301', 'year': '2008', 'author': ['Andrea Fortini', 'Mikhail I. Mendelev', 'Sergey Buldyrev', 'David Srolovitz']}}]"
138,"['pair_style meam/spline\n', 'pair_coeff * * Ti.meam.spline Ti\n']",['potential_LAMMPS/2008--Hennig-R-G--Ti--LAMMPS--ipr1/Ti.meam.spline'],NISTiprpy,2008--Hennig-R-G--Ti--LAMMPS--ipr1,['Ti'],"[{'Hennig_2008': {'title': 'Classical potential describes martensitic phase transformations between the α, β, and ω titanium phases', 'journal': 'Physical Review B', 'volume': '78', 'pages': '054121', 'number': '5', 'doi': '10.1103/physrevb.78.054121', 'publisher': 'American Physical Society (APS)', 'url': 'https://doi.org/10.1103%2Fphysrevb.78.054121', 'year': '2008', 'author': ['R. G. Hennig', 'T. J. Lenosky', 'D. R. Trinkle', 'S. P. Rudin', 'J. W. Wilkins']}}]"
139,"['pair_style eam/fs\n', 'pair_coeff * * Fe-C_Hepburn_Ackland.eam.fs Fe C\n']",['potential_LAMMPS/2008--Hepburn-D-J--Fe-C--LAMMPS--ipr1/Fe-C_Hepburn_Ackland.eam.fs'],NISTiprpy,2008--Hepburn-D-J--Fe-C--LAMMPS--ipr1,"['Fe', 'C']","[{'Hepburn_2008': {'title': 'Metallic-covalent interatomic potential for carbon in iron', 'journal': 'Physical Review B', 'volume': '78', 'pages': '165115', 'number': '16', 'doi': '10.1103/physrevb.78.165115', 'publisher': 'American Physical Society (APS)', 'url': 'https://doi.org/10.1103%2Fphysrevb.78.165115', 'year': '2008', 'author': ['Derek J. Hepburn', 'Graeme J. Ackland']}}]"
140,"['pair_style meam\n', 'pair_coeff * * library.meam Ge Ge.meam Ge\n']","['potential_LAMMPS/2008--Kim-E-H--Ge--LAMMPS--ipr1/library.meam', 'potential_LAMMPS/2008--Kim-E-H--Ge--LAMMPS--ipr1/Ge.meam']",NISTiprpy,2008--Kim-E-H--Ge--LAMMPS--ipr1,['Ge'],"[{'Kim_2008': {'title': 'A modified embedded-atom method interatomic potential for Germanium', 'journal': 'Calphad', 'volume': '32', 'pages': '34--42', 'number': '1', 'doi': '10.1016/j.calphad.2007.12.003', 'publisher': 'Elsevier BV', 'url': 'https://doi.org/10.1016%2Fj.calphad.2007.12.003', 'year': '2008', 'author': ['Eun Ha Kim', 'Young-Han Shin', 'Byeong-Joo Lee']}}]"
141,"['pair_style meam\n', 'pair_coeff * * library.meam Zr Cu ZrCu.meam Zr Cu\n']","['potential_LAMMPS/2008--Kim-Y-M--Cu-Zr--LAMMPS--ipr1/library.meam', 'potential_LAMMPS/2008--Kim-Y-M--Cu-Zr--LAMMPS--ipr1/ZrCu.meam']",NISTiprpy,2008--Kim-Y-M--Cu-Zr--LAMMPS--ipr1,"['Zr', 'Cu']","[{'Kim_2008': {'title': 'A modified embedded-atom method interatomic potential for the Cu–Zr system', 'journal': 'Journal of Materials Research', 'volume': '23', 'pages': '1095--1104', 'number': '4', 'doi': '10.1557/jmr.2008.0130', 'publisher': 'Cambridge University Press (CUP)', 'url': 'https://doi.org/10.1557%2Fjmr.2008.0130', 'year': '2008', 'author': ['Young-Min Kim', 'Byeong-Joo Lee']}}]"
142,"['pair_style meam\n', 'pair_coeff * * library.meam Ti C TiC.meam Ti C\n']","['potential_LAMMPS/2008--Kim-Y-M--Ti-C--LAMMPS--ipr1/library.meam', 'potential_LAMMPS/2008--Kim-Y-M--Ti-C--LAMMPS--ipr1/TiC.meam']",NISTiprpy,2008--Kim-Y-M--Ti-C--LAMMPS--ipr1,"['Ti', 'C']","[{'Kim_2008': {'title': 'Modified embedded-atom method interatomic potentials for the Ti-C and Ti-N binary systems', 'journal': 'Acta Materialia', 'volume': '56', 'pages': '3481--3489', 'number': '14', 'doi': '10.1016/j.actamat.2008.03.027', 'publisher': 'Elsevier BV', 'url': 'https://doi.org/10.1016%2Fj.actamat.2008.03.027', 'year': '2008', 'author': ['Young-Min Kim', 'Byeong-Joo Lee']}}]"
143,"['pair_style meam\n', 'pair_coeff * * library.meam Ti N TiN.meam Ti N\n']","['potential_LAMMPS/2008--Kim-Y-M--Ti-N--LAMMPS--ipr1/library.meam', 'potential_LAMMPS/2008--Kim-Y-M--Ti-N--LAMMPS--ipr1/TiN.meam']",NISTiprpy,2008--Kim-Y-M--Ti-N--LAMMPS--ipr1,"['Ti', 'N']","[{'Kim_2008': {'title': 'Modified embedded-atom method interatomic potentials for the Ti-C and Ti-N binary systems', 'journal': 'Acta Materialia', 'volume': '56', 'pages': '3481--3489', 'number': '14', 'doi': '10.1016/j.actamat.2008.03.027', 'publisher': 'Elsevier BV', 'url': 'https://doi.org/10.1016%2Fj.actamat.2008.03.027', 'year': '2008', 'author': ['Young-Min Kim', 'Byeong-Joo Lee']}}]"
144,"['pair_style eam/fs\n', 'pair_coeff * * Al1.eam.fs Al\n']",['potential_LAMMPS/2008--Mendelev-M-I--Al--LAMMPS--ipr1/Al1.eam.fs'],NISTiprpy,2008--Mendelev-M-I--Al--LAMMPS--ipr1,['Al'],"[{'Mendelev_2008': {'title': 'Analysis of semi-empirical interatomic potentials appropriate for simulation of crystalline and liquid Al and Cu', 'journal': 'Philosophical Magazine', 'volume': '88', 'pages': '1723--1750', 'number': '12', 'doi': '10.1080/14786430802206482', 'publisher': 'Informa UK Limited', 'url': 'https://doi.org/10.1080%2F14786430802206482', 'year': '2008', 'author': ['M.I. Mendelev', 'M.J. Kramer', 'C.A. Becker', 'M. Asta']}}]"
145,"['pair_style eam/fs\n', 'pair_coeff * * Cu1.eam.fs Cu\n']",['potential_LAMMPS/2008--Mendelev-M-I--Cu--LAMMPS--ipr1/Cu1.eam.fs'],NISTiprpy,2008--Mendelev-M-I--Cu--LAMMPS--ipr1,['Cu'],"[{'Mendelev_2008': {'title': 'Analysis of semi-empirical interatomic potentials appropriate for simulation of crystalline and liquid Al and Cu', 'journal': 'Philosophical Magazine', 'volume': '88', 'pages': '1723--1750', 'number': '12', 'doi': '10.1080/14786430802206482', 'publisher': 'Informa UK Limited', 'url': 'https://doi.org/10.1080%2F14786430802206482', 'year': '2008', 'author': ['M.I. Mendelev', 'M.J. Kramer', 'C.A. Becker', 'M. Asta']}}]"
146,"['pair_style meam\n', 'pair_coeff * * library.meam Nb Fe NbFe.meam Nb Fe\n']","['potential_LAMMPS/2008--Sa-I--Fe-Nb--LAMMPS--ipr1/library.meam', 'potential_LAMMPS/2008--Sa-I--Fe-Nb--LAMMPS--ipr1/NbFe.meam']",NISTiprpy,2008--Sa-I--Fe-Nb--LAMMPS--ipr1,"['Nb', 'Fe']","[{'SA_2008': {'title': 'Modified embedded-atom method interatomic potentials for the Fe–Nb and Fe–Ti binary systems', 'journal': 'Scripta Materialia', 'volume': '59', 'pages': '595--598', 'number': '6', 'doi': '10.1016/j.scriptamat.2008.05.007', 'publisher': 'Elsevier BV', 'url': 'https://doi.org/10.1016%2Fj.scriptamat.2008.05.007', 'year': '2008', 'author': ['I Sa', 'B Lee']}}]"
147,"['pair_style meam\n', 'pair_coeff * * library.meam Fe Ti FeTi.meam Fe Ti\n']","['potential_LAMMPS/2008--Sa-I--Fe-Ti--LAMMPS--ipr1/library.meam', 'potential_LAMMPS/2008--Sa-I--Fe-Ti--LAMMPS--ipr1/FeTi.meam']",NISTiprpy,2008--Sa-I--Fe-Ti--LAMMPS--ipr1,"['Fe', 'Ti']","[{'SA_2008': {'title': 'Modified embedded-atom method interatomic potentials for the Fe–Nb and Fe–Ti binary systems', 'journal': 'Scripta Materialia', 'volume': '59', 'pages': '595--598', 'number': '6', 'doi': '10.1016/j.scriptamat.2008.05.007', 'publisher': 'Elsevier BV', 'url': 'https://doi.org/10.1016%2Fj.scriptamat.2008.05.007', 'year': '2008', 'author': ['I Sa', 'B Lee']}}]"
148,"['pair_style eam/alloy\n', 'pair_coeff * * PdH_Zhou_June29_2007_2.set Pd H\n']",['potential_LAMMPS/2008--Zhou-X-W--Pd-H--LAMMPS--ipr1/PdH_Zhou_June29_2007_2.set'],NISTiprpy,2008--Zhou-X-W--Pd-H--LAMMPS--ipr1,"['Pd', 'H']","[{'Zhou_2008': {'title': 'An embedded-atom method interatomic potential for Pd-H alloys', 'journal': 'Journal of Materials Research', 'volume': '23', 'pages': '704--718', 'number': '3', 'doi': '10.1557/jmr.2008.0090', 'publisher': 'Cambridge University Press (CUP)', 'url': 'https://doi.org/10.1557%2Fjmr.2008.0090', 'year': '2008', 'author': ['X.W. Zhou', 'J.A. Zimmerman', 'B.M. Wong', 'J.J. Hoyt']}}]"
149,"['pair_style eam/alloy\n', 'pair_coeff * * FeCuNi.eam.alloy Fe Cu Ni\n']",['potential_LAMMPS/2009--Bonny-G--Fe-Cu-Ni--LAMMPS--ipr1/FeCuNi.eam.alloy'],NISTiprpy,2009--Bonny-G--Fe-Cu-Ni--LAMMPS--ipr1,"['Fe', 'Cu', 'Ni']","[{'Bonny_2009': {'title': 'Ternary Fe-Cu-Ni many-body potential to model reactor pressure vessel steels: First validation by simulated thermal annealing', 'journal': 'Philosophical Magazine', 'volume': '89', 'pages': '3531--3546', 'number': '34-36', 'doi': '10.1080/14786430903299824', 'publisher': 'Informa UK Limited', 'url': 'https://doi.org/10.1080%2F14786430903299824', 'year': '2009', 'author': ['G. Bonny', 'R.C. Pasianot', 'N. Castin', 'L. Malerba']}}]"
150,"['pair_style eam/alloy\n', 'pair_coeff * * Fe-Ni.eam.alloy Fe Ni\n']",['potential_LAMMPS/2009--Bonny-G--Fe-Ni--LAMMPS--ipr1/Fe-Ni.eam.alloy'],NISTiprpy,2009--Bonny-G--Fe-Ni--LAMMPS--ipr1,"['Fe', 'Ni']","[{'Bonny_2009': {'title': 'Fe-Ni many-body potential for metallurgical applications', 'journal': 'Modelling and Simulation in Materials Science and Engineering', 'volume': '17', 'pages': '025010', 'number': '2', 'doi': '10.1088/0965-0393/17/2/025010', 'publisher': 'IOP Publishing', 'url': 'https://doi.org/10.1088%2F0965-0393%2F17%2F2%2F025010', 'year': '2009', 'author': ['G Bonny', 'R C Pasianot', 'L Malerba']}}]"
151,"['pair_style vashishta\n', 'pair_coeff * * InP.vashishta In P\n']",['potential_LAMMPS/2009--Branicio-P-S--In-P--LAMMPS--ipr1/InP.vashishta'],NISTiprpy,2009--Branicio-P-S--In-P--LAMMPS--ipr1,"['In', 'P']","[{'Branicio_2009': {'title': 'Interaction potential for indium phosphide: a molecular dynamics and first-principles study of the elastic constants, generalized stacking fault and surface energies', 'journal': 'Journal of Physics: Condensed Matter', 'volume': '21', 'pages': '095002', 'number': '9', 'doi': '10.1088/0953-8984/21/9/095002', 'publisher': 'IOP Publishing', 'url': 'https://doi.org/10.1088%2F0953-8984%2F21%2F9%2F095002', 'year': '2009', 'author': ['Paulo Sergio Branicio', 'José Pedro Rino', 'Chee Kwan Gan', 'Hélio Tsuzuki']}}]"
152,"['pair_style meam\n', 'pair_coeff * * library.meam Ga In GaIn.meam Ga In\n']","['potential_LAMMPS/2009--Do-E-C--Ga-In--LAMMPS--ipr1/library.meam', 'potential_LAMMPS/2009--Do-E-C--Ga-In--LAMMPS--ipr1/GaIn.meam']",NISTiprpy,2009--Do-E-C--Ga-In--LAMMPS--ipr1,"['Ga', 'In']","[{'Do_2009': {'title': 'Atomistic modeling of III-V nitrides: modified embedded-atom method interatomic potentials for GaN, InN and Ga<sub>1-x</sub>In<sub>x</sub>N', 'journal': 'Journal of Physics: Condensed Matter', 'volume': '21', 'pages': '325801', 'number': '32', 'doi': '10.1088/0953-8984/21/32/325801', 'publisher': 'IOP Publishing', 'url': 'https://doi.org/10.1088%2F0953-8984%2F21%2F32%2F325801', 'year': '2009', 'author': ['Eun Cheol Do', 'Young-Han Shin', 'Byeong-Joo Lee']}}]"
153,"['pair_style meam\n', 'pair_coeff * * library.meam Ga In N GaInN.meam Ga In N\n']","['potential_LAMMPS/2009--Do-E-C--Ga-In-N--LAMMPS--ipr1/library.meam', 'potential_LAMMPS/2009--Do-E-C--Ga-In-N--LAMMPS--ipr1/GaInN.meam']",NISTiprpy,2009--Do-E-C--Ga-In-N--LAMMPS--ipr1,"['Ga', 'In', 'N']","[{'Do_2009': {'title': 'Atomistic modeling of III-V nitrides: modified embedded-atom method interatomic potentials for GaN, InN and Ga<sub>1-x</sub>In<sub>x</sub>N', 'journal': 'Journal of Physics: Condensed Matter', 'volume': '21', 'pages': '325801', 'number': '32', 'doi': '10.1088/0953-8984/21/32/325801', 'publisher': 'IOP Publishing', 'url': 'https://doi.org/10.1088%2F0953-8984%2F21%2F32%2F325801', 'year': '2009', 'author': ['Eun Cheol Do', 'Young-Han Shin', 'Byeong-Joo Lee']}}]"
154,"['pair_style meam\n', 'pair_coeff * * library.meam Ga N GaN.meam Ga N\n']","['potential_LAMMPS/2009--Do-E-C--Ga-N--LAMMPS--ipr1/library.meam', 'potential_LAMMPS/2009--Do-E-C--Ga-N--LAMMPS--ipr1/GaN.meam']",NISTiprpy,2009--Do-E-C--Ga-N--LAMMPS--ipr1,"['Ga', 'N']","[{'Do_2009': {'title': 'Atomistic modeling of III-V nitrides: modified embedded-atom method interatomic potentials for GaN, InN and Ga<sub>1-x</sub>In<sub>x</sub>N', 'journal': 'Journal of Physics: Condensed Matter', 'volume': '21', 'pages': '325801', 'number': '32', 'doi': '10.1088/0953-8984/21/32/325801', 'publisher': 'IOP Publishing', 'url': 'https://doi.org/10.1088%2F0953-8984%2F21%2F32%2F325801', 'year': '2009', 'author': ['Eun Cheol Do', 'Young-Han Shin', 'Byeong-Joo Lee']}}]"
155,"['pair_style meam\n', 'pair_coeff * * library.meam In N InN.meam In N\n']","['potential_LAMMPS/2009--Do-E-C--In-N--LAMMPS--ipr1/library.meam', 'potential_LAMMPS/2009--Do-E-C--In-N--LAMMPS--ipr1/InN.meam']",NISTiprpy,2009--Do-E-C--In-N--LAMMPS--ipr1,"['In', 'N']","[{'Do_2009': {'title': 'Atomistic modeling of III-V nitrides: modified embedded-atom method interatomic potentials for GaN, InN and Ga<sub>1-x</sub>In<sub>x</sub>N', 'journal': 'Journal of Physics: Condensed Matter', 'volume': '21', 'pages': '325801', 'number': '32', 'doi': '10.1088/0953-8984/21/32/325801', 'publisher': 'IOP Publishing', 'url': 'https://doi.org/10.1088%2F0953-8984%2F21%2F32%2F325801', 'year': '2009', 'author': ['Eun Cheol Do', 'Young-Han Shin', 'Byeong-Joo Lee']}}]"
156,"['pair_style meam\n', 'pair_coeff * * library.meam Ag Cu AgCu.meam Ag Cu\n']","['potential_LAMMPS/2009--Kang-K-H--Cu-Ag--LAMMPS--ipr1/library.meam', 'potential_LAMMPS/2009--Kang-K-H--Cu-Ag--LAMMPS--ipr1/AgCu.meam']",NISTiprpy,2009--Kang-K-H--Cu-Ag--LAMMPS--ipr1,"['Ag', 'Cu']","[{'Kang_2009': {'title': 'Atomistic modeling of the Cu–Zr–Ag bulk metallic glass system', 'journal': 'Scripta Materialia', 'volume': '61', 'pages': '801--804', 'number': '8', 'doi': '10.1016/j.scriptamat.2009.07.002', 'publisher': 'Elsevier BV', 'url': 'https://doi.org/10.1016%2Fj.scriptamat.2009.07.002', 'year': '2009', 'author': ['K.-H. Kang', 'I. Sa', 'J.-C. Lee', 'E. Fleury', 'B.-J. Lee']}}]"
157,"['pair_style meam\n', 'pair_coeff * * library.meam Zr Ag Cu ZrAgCu.meam Zr Ag Cu\n']","['potential_LAMMPS/2009--Kang-K-H--Cu-Zr-Ag--LAMMPS--ipr1/library.meam', 'potential_LAMMPS/2009--Kang-K-H--Cu-Zr-Ag--LAMMPS--ipr1/ZrAgCu.meam']",NISTiprpy,2009--Kang-K-H--Cu-Zr-Ag--LAMMPS--ipr1,"['Zr', 'Ag', 'Cu']","[{'Kang_2009': {'title': 'Atomistic modeling of the Cu–Zr–Ag bulk metallic glass system', 'journal': 'Scripta Materialia', 'volume': '61', 'pages': '801--804', 'number': '8', 'doi': '10.1016/j.scriptamat.2009.07.002', 'publisher': 'Elsevier BV', 'url': 'https://doi.org/10.1016%2Fj.scriptamat.2009.07.002', 'year': '2009', 'author': ['K.-H. Kang', 'I. Sa', 'J.-C. Lee', 'E. Fleury', 'B.-J. Lee']}}]"
158,"['pair_style meam\n', 'pair_coeff * * library.meam Zr Ag ZrAg.meam Zr Ag\n']","['potential_LAMMPS/2009--Kang-K-H--Zr-Ag--LAMMPS--ipr1/library.meam', 'potential_LAMMPS/2009--Kang-K-H--Zr-Ag--LAMMPS--ipr1/ZrAg.meam']",NISTiprpy,2009--Kang-K-H--Zr-Ag--LAMMPS--ipr1,"['Zr', 'Ag']","[{'Kang_2009': {'title': 'Atomistic modeling of the Cu–Zr–Ag bulk metallic glass system', 'journal': 'Scripta Materialia', 'volume': '61', 'pages': '801--804', 'number': '8', 'doi': '10.1016/j.scriptamat.2009.07.002', 'publisher': 'Elsevier BV', 'url': 'https://doi.org/10.1016%2Fj.scriptamat.2009.07.002', 'year': '2009', 'author': ['K.-H. Kang', 'I. Sa', 'J.-C. Lee', 'E. Fleury', 'B.-J. Lee']}}]"
159,"['pair_style meam\n', 'pair_coeff * * FeTiClibrary.meam Fe Ti C FeTiC.meam Fe Ti C\n']","['potential_LAMMPS/2009--Kim-H-K--Fe-Ti-C--LAMMPS--ipr2/FeTiClibrary.meam', 'potential_LAMMPS/2009--Kim-H-K--Fe-Ti-C--LAMMPS--ipr2/FeTiC.meam']",NISTiprpy,2009--Kim-H-K--Fe-Ti-C--LAMMPS--ipr2,"['Fe', 'Ti', 'C']","[{'Kim_2009': {'title': 'Modified embedded-atom method interatomic potentials for the Fe-Ti-C and Fe-Ti-N ternary systems', 'journal': 'Acta Materialia', 'volume': '57', 'pages': '3140--3147', 'number': '11', 'doi': '10.1016/j.actamat.2009.03.019', 'publisher': 'Elsevier BV', 'url': 'https://doi.org/10.1016%2Fj.actamat.2009.03.019', 'year': '2009', 'author': ['Hyun-Kyu Kim', 'Woo-Sang Jung', 'Byeong-Joo Lee']}}]"
160,"['pair_style meam\n', 'pair_coeff * * library.meam Fe Mn FeMn-para.meam Fe Mn\n']","['potential_LAMMPS/2009--Kim-Y-M--Fe-Mn--LAMMPS--ipr1/library.meam', 'potential_LAMMPS/2009--Kim-Y-M--Fe-Mn--LAMMPS--ipr1/FeMn-para.meam']",NISTiprpy,2009--Kim-Y-M--Fe-Mn--LAMMPS--ipr1,"['Fe', 'Mn']","[{'Kim_2009': {'title': 'Modified embedded-atom method interatomic potentials for pure Mn and the Fe-Mn system', 'journal': 'Acta Materialia', 'volume': '57', 'pages': '474--482', 'number': '2', 'doi': '10.1016/j.actamat.2008.09.031', 'publisher': 'Elsevier BV', 'url': 'https://doi.org/10.1016%2Fj.actamat.2008.09.031', 'year': '2009', 'author': ['Young-Min Kim', 'Young-Han Shin', 'Byeong-Joo Lee']}}]"
161,"['pair_style meam\n', 'pair_coeff * * library.meam Mg Mg.meam Mg\n']","['potential_LAMMPS/2009--Kim-Y-M--Mg--LAMMPS--ipr1/library.meam', 'potential_LAMMPS/2009--Kim-Y-M--Mg--LAMMPS--ipr1/Mg.meam']",NISTiprpy,2009--Kim-Y-M--Mg--LAMMPS--ipr1,['Mg'],"[{'Kim_2009': {'title': 'Atomistic Modeling of pure Mg and Mg-Al systems', 'journal': 'Calphad', 'volume': '33', 'pages': '650--657', 'number': '4', 'doi': '10.1016/j.calphad.2009.07.004', 'publisher': 'Elsevier BV', 'url': 'https://doi.org/10.1016%2Fj.calphad.2009.07.004', 'year': '2009', 'author': ['Young-Min Kim', 'Nack J. Kim', 'Byeong-Joo Lee']}}]"
162,"['pair_style meam\n', 'pair_coeff * * library.meam Al Mg AlMg.meam Al Mg\n']","['potential_LAMMPS/2009--Kim-Y-M--Mg-Al--LAMMPS--ipr1/library.meam', 'potential_LAMMPS/2009--Kim-Y-M--Mg-Al--LAMMPS--ipr1/AlMg.meam']",NISTiprpy,2009--Kim-Y-M--Mg-Al--LAMMPS--ipr1,"['Al', 'Mg']","[{'Kim_2009': {'title': 'Atomistic Modeling of pure Mg and Mg-Al systems', 'journal': 'Calphad', 'volume': '33', 'pages': '650--657', 'number': '4', 'doi': '10.1016/j.calphad.2009.07.004', 'publisher': 'Elsevier BV', 'url': 'https://doi.org/10.1016%2Fj.calphad.2009.07.004', 'year': '2009', 'author': ['Young-Min Kim', 'Nack J. Kim', 'Byeong-Joo Lee']}}]"
163,"['pair_style meam\n', 'pair_coeff * * library.meam Mn Mn.meam Mn\n']","['potential_LAMMPS/2009--Kim-Y-M--Mn--LAMMPS--ipr1/library.meam', 'potential_LAMMPS/2009--Kim-Y-M--Mn--LAMMPS--ipr1/Mn.meam']",NISTiprpy,2009--Kim-Y-M--Mn--LAMMPS--ipr1,['Mn'],"[{'Kim_2009': {'title': 'Modified embedded-atom method interatomic potentials for pure Mn and the Fe-Mn system', 'journal': 'Acta Materialia', 'volume': '57', 'pages': '474--482', 'number': '2', 'doi': '10.1016/j.actamat.2008.09.031', 'publisher': 'Elsevier BV', 'url': 'https://doi.org/10.1016%2Fj.actamat.2008.09.031', 'year': '2009', 'author': ['Young-Min Kim', 'Young-Han Shin', 'Byeong-Joo Lee']}}]"
164,"['pair_style eam/fs\n', 'pair_coeff * * Al-Mg.eam.fs Al Mg\n']",['potential_LAMMPS/2009--Mendelev-M-I--Al-Mg--LAMMPS--ipr1/Al-Mg.eam.fs'],NISTiprpy,2009--Mendelev-M-I--Al-Mg--LAMMPS--ipr1,"['Al', 'Mg']","[{'Mendelev_2009': {'title': 'Development of interatomic potentials appropriate for simulation of solid-liquid interface properties in Al-Mg alloys', 'journal': 'Philosophical Magazine', 'volume': '89', 'pages': '3269--3285', 'number': '34-36', 'doi': '10.1080/14786430903260727', 'publisher': 'Informa UK Limited', 'url': 'https://doi.org/10.1080%2F14786430903260727', 'year': '2009', 'author': ['M.I. Mendelev', 'M. Asta', 'M.J. Rahman', 'J.J. Hoyt']}}]"
165,"['pair_style eam/fs\n', 'pair_coeff * * Cu-Zr_2.eam.fs Cu Zr\n']",['potential_LAMMPS/2009--Mendelev-M-I--Cu-Zr--LAMMPS--ipr1/Cu-Zr_2.eam.fs'],NISTiprpy,2009--Mendelev-M-I--Cu-Zr--LAMMPS--ipr1,"['Cu', 'Zr']","[{'Mendelev_2009': {'title': 'Development of suitable interatomic potentials for simulation of liquid and amorphous Cu-Zr alloys', 'journal': 'Philosophical Magazine', 'volume': '89', 'pages': '967--987', 'number': '11', 'doi': '10.1080/14786430902832773', 'publisher': 'Informa UK Limited', 'url': 'https://doi.org/10.1080%2F14786430902832773', 'year': '2009', 'author': ['M.I. Mendelev', 'M.J. Kramer', 'R.T. Ott', 'D.J. Sordelet', 'D. Yagodin', 'P. Popel']}}]"
166,"['pair_style sw\n', 'pair_coeff * * mW.sw mW\n']",['potential_LAMMPS/2009--Molinero-V--water--ipr-1/mW.sw'],NISTiprpy,2009--Molinero-V--water--ipr-1,['mW'],"[{'Molinero_2009': {'title': 'Water Modeled As an Intermediate Element between Carbon and Silicon', 'journal': 'The Journal of Physical Chemistry B', 'volume': '113', 'pages': '4008--4016', 'number': '13', 'doi': '10.1021/jp805227c', 'publisher': 'American Chemical Society (ACS)', 'url': 'https://doi.org/10.1021%2Fjp805227c', 'year': '2009', 'author': ['Valeria Molinero', 'Emily B. Moore']}}]"
167,"['pair_style eam/alloy\n', 'pair_coeff * * Fe_Olsson_CMS2009.eam.alloy Fe\n']",['potential_LAMMPS/2009--Olsson-P-A-T--Fe--LAMMPS--ipr1/Fe_Olsson_CMS2009.eam.alloy'],NISTiprpy,2009--Olsson-P-A-T--Fe--LAMMPS--ipr1,['Fe'],"[{'Olsson_2009': {'title': 'Semi-empirical atomistic study of point defect properties in BCC transition metals', 'journal': 'Computational Materials Science', 'volume': '47', 'pages': '135--145', 'number': '1', 'doi': '10.1016/j.commatsci.2009.06.025', 'publisher': 'Elsevier BV', 'url': 'https://doi.org/10.1016%2Fj.commatsci.2009.06.025', 'year': '2009', 'author': ['Pär A.T. Olsson']}}]"
168,"['pair_style eam/alloy\n', 'pair_coeff * * V_Olsson_CMS2009.eam.alloy V\n']",['potential_LAMMPS/2009--Olsson-P-A-T--V--LAMMPS--ipr1/V_Olsson_CMS2009.eam.alloy'],NISTiprpy,2009--Olsson-P-A-T--V--LAMMPS--ipr1,['V'],"[{'Olsson_2009': {'title': 'Semi-empirical atomistic study of point defect properties in BCC transition metals', 'journal': 'Computational Materials Science', 'volume': '47', 'pages': '135--145', 'number': '1', 'doi': '10.1016/j.commatsci.2009.06.025', 'publisher': 'Elsevier BV', 'url': 'https://doi.org/10.1016%2Fj.commatsci.2009.06.025', 'year': '2009', 'author': ['Pär A.T. Olsson']}}]"
169,"['pair_style eam/alloy\n', 'pair_coeff * * W_Olsson_CMS2009.eam.alloy W\n']",['potential_LAMMPS/2009--Olsson-P-A-T--W--LAMMPS--ipr1/W_Olsson_CMS2009.eam.alloy'],NISTiprpy,2009--Olsson-P-A-T--W--LAMMPS--ipr1,['W'],"[{'Olsson_2009': {'title': 'Semi-empirical atomistic study of point defect properties in BCC transition metals', 'journal': 'Computational Materials Science', 'volume': '47', 'pages': '135--145', 'number': '1', 'doi': '10.1016/j.commatsci.2009.06.025', 'publisher': 'Elsevier BV', 'url': 'https://doi.org/10.1016%2Fj.commatsci.2009.06.025', 'year': '2009', 'author': ['Pär A.T. Olsson']}}]"
170,"['pair_style eam/alloy\n', 'pair_coeff * * Mishin-Ni-Al-2009.eam.alloy Ni Al\n']",['potential_LAMMPS/2009--Purja-Pun-G-P--Ni-Al--LAMMPS--ipr1/Mishin-Ni-Al-2009.eam.alloy'],NISTiprpy,2009--Purja-Pun-G-P--Ni-Al--LAMMPS--ipr1,"['Ni', 'Al']","[{'Purja_Pun_2009': {'title': 'Development of an interatomic potential for the Ni-Al system', 'journal': 'Philosophical Magazine', 'volume': '89', 'pages': '3245--3267', 'number': '34-36', 'doi': '10.1080/14786430903258184', 'publisher': 'Informa UK Limited', 'url': 'https://doi.org/10.1080%2F14786430903258184', 'year': '2009', 'author': ['G.P. Purja Pun', 'Y. Mishin']}}]"
171,"['pair_style eam/cd\n', 'pair_coeff * * FeCr.cdeam Fe Cr\n']",['potential_LAMMPS/2009--Stukowski-A--Fe-Cr--LAMMPS--ipr1/FeCr.cdeam'],NISTiprpy,2009--Stukowski-A--Fe-Cr--LAMMPS--ipr1,"['Fe', 'Cr']","[{'Stukowski_2009': {'title': 'Efficient implementation of the concentration-dependent embedded atom method for molecular-dynamics and Monte-Carlo simulations', 'journal': 'Modelling and Simulation in Materials Science and Engineering', 'volume': '17', 'pages': '075005', 'number': '7', 'doi': '10.1088/0965-0393/17/7/075005', 'publisher': 'IOP Publishing', 'url': 'https://doi.org/10.1088%2F0965-0393%2F17%2F7%2F075005', 'year': '2009', 'author': ['Alexander Stukowski', 'Babak Sadigh', 'Paul Erhart', 'Alfredo Caro']}}]"
172,"['pair_style eam/alloy\n', 'pair_coeff * * cu_ag_ymwu.eam.alloy Cu Ag\n']",['potential_LAMMPS/2009--Wu-H-H--Cu-Ag--LAMMPS--ipr1/cu_ag_ymwu.eam.alloy'],NISTiprpy,2009--Wu-H-H--Cu-Ag--LAMMPS--ipr1,"['Cu', 'Ag']","[{'Wu_2009': {'title': 'Cu/Ag EAM potential optimized for heteroepitaxial diffusion from ab initio data', 'journal': 'Computational Materials Science', 'volume': '47', 'pages': '577--583', 'number': '2', 'doi': '10.1016/j.commatsci.2009.09.026', 'publisher': 'Elsevier BV', 'url': 'https://doi.org/10.1016%2Fj.commatsci.2009.09.026', 'year': '2009', 'author': ['Henry H. Wu', 'Dallas R. Trinkle']}}]"
173,"['pair_style eam/alloy\n', 'pair_coeff * * Al-2009.eam.alloy Al\n']",['potential_LAMMPS/2009--Zhakhovskii-V-V--Al--LAMMPS--ipr2/Al-2009.eam.alloy'],NISTiprpy,2009--Zhakhovskii-V-V--Al--LAMMPS--ipr2,['Al'],"[{'Zhakhovskii_2009': {'title': 'Molecular dynamics simulation of femtosecond ablation and spallation with different interatomic potentials', 'journal': 'Applied Surface Science', 'volume': '255', 'pages': '9592--9596', 'number': '24', 'doi': '10.1016/j.apsusc.2009.04.082', 'publisher': 'Elsevier BV', 'url': 'https://doi.org/10.1016%2Fj.apsusc.2009.04.082', 'year': '2009', 'author': ['V.V. Zhakhovskii', 'N.A. Inogamov', 'Yu.V. Petrov', 'S.I. Ashitkov', 'K. Nishihara']}}]"
174,"['pair_style eam/alloy\n', 'pair_coeff * * Au-2009.eam.alloy Au\n']",['potential_LAMMPS/2009--Zhakhovskii-V-V--Au--LAMMPS--ipr2/Au-2009.eam.alloy'],NISTiprpy,2009--Zhakhovskii-V-V--Au--LAMMPS--ipr2,['Au'],"[{'Zhakhovskii_2009': {'title': 'Molecular dynamics simulation of femtosecond ablation and spallation with different interatomic potentials', 'journal': 'Applied Surface Science', 'volume': '255', 'pages': '9592--9596', 'number': '24', 'doi': '10.1016/j.apsusc.2009.04.082', 'publisher': 'Elsevier BV', 'url': 'https://doi.org/10.1016%2Fj.apsusc.2009.04.082', 'year': '2009', 'author': ['V.V. Zhakhovskii', 'N.A. Inogamov', 'Yu.V. Petrov', 'S.I. Ashitkov', 'K. Nishihara']}}]"
175,"['pair_style eam/alloy\n', 'pair_coeff * * Nb.eam.alloy Nb\n']",['potential_LAMMPS/2010--Fellinger-M-R--Nb--LAMMPS--ipr1/Nb.eam.alloy'],NISTiprpy,2010--Fellinger-M-R--Nb--LAMMPS--ipr1,['Nb'],"[{'Fellinger_2010': {'title': 'Force-matched embedded-atom method potential for niobium', 'journal': 'Physical Review B', 'volume': '81', 'pages': '144119', 'number': '14', 'doi': '10.1103/physrevb.81.144119', 'publisher': 'American Physical Society (APS)', 'url': 'https://doi.org/10.1103%2Fphysrevb.81.144119', 'year': '2010', 'author': ['Michael R. Fellinger', 'Hyoungki Park', 'John W. Wilkins']}}]"
176,"['pair_style meam\n', 'pair_coeff * * library.meam Nb Fe C NbFeC.meam Nb Fe C\n']","['potential_LAMMPS/2010--Kim-H-K--Fe-Nb-C--LAMMPS--ipr1/library.meam', 'potential_LAMMPS/2010--Kim-H-K--Fe-Nb-C--LAMMPS--ipr1/NbFeC.meam']",NISTiprpy,2010--Kim-H-K--Fe-Nb-C--LAMMPS--ipr1,"['Nb', 'Fe', 'C']","[{'Kim_2010': {'title': 'Modified embedded-atom method interatomic potentials for the Nb-C, Nb-N, Fe-Nb-C, and Fe-Nb-N systems', 'journal': 'Journal of Materials Research', 'volume': '25', 'pages': '1288--1297', 'number': '7', 'doi': '10.1557/jmr.2010.0182', 'publisher': 'Cambridge University Press (CUP)', 'url': 'https://doi.org/10.1557%2Fjmr.2010.0182', 'year': '2010', 'author': ['Hyun-Kyu Kim', 'Woo-Sang Jung', 'Byeong-Joo Lee']}}]"
177,"['pair_style meam\n', 'pair_coeff * * library.meam Nb C NbC.meam Nb C\n']","['potential_LAMMPS/2010--Kim-H-K--Nb-C--LAMMPS--ipr1/library.meam', 'potential_LAMMPS/2010--Kim-H-K--Nb-C--LAMMPS--ipr1/NbC.meam']",NISTiprpy,2010--Kim-H-K--Nb-C--LAMMPS--ipr1,"['Nb', 'C']","[{'Kim_2010': {'title': 'Modified embedded-atom method interatomic potentials for the Nb-C, Nb-N, Fe-Nb-C, and Fe-Nb-N systems', 'journal': 'Journal of Materials Research', 'volume': '25', 'pages': '1288--1297', 'number': '7', 'doi': '10.1557/jmr.2010.0182', 'publisher': 'Cambridge University Press (CUP)', 'url': 'https://doi.org/10.1557%2Fjmr.2010.0182', 'year': '2010', 'author': ['Hyun-Kyu Kim', 'Woo-Sang Jung', 'Byeong-Joo Lee']}}]"
178,"['pair_style meam\n', 'pair_coeff * * library.meam Fe Al FeAl.meam Fe Al\n']","['potential_LAMMPS/2010--Lee-E--Fe-Al--LAMMPS--ipr1/library.meam', 'potential_LAMMPS/2010--Lee-E--Fe-Al--LAMMPS--ipr1/FeAl.meam']",NISTiprpy,2010--Lee-E--Fe-Al--LAMMPS--ipr1,"['Fe', 'Al']","[{'Lee_2010': {'title': 'Modified embedded-atom method interatomic potential for the Fe–Al system', 'journal': 'Journal of Physics: Condensed Matter', 'volume': '22', 'pages': '175702', 'number': '17', 'doi': '10.1088/0953-8984/22/17/175702', 'publisher': 'IOP Publishing', 'url': 'https://doi.org/10.1088%2F0953-8984%2F22%2F17%2F175702', 'year': '2010', 'author': ['Eunkoo Lee', 'Byeong-Joo Lee']}}]"
179,"['pair_style eam/alloy\n', 'pair_coeff * * M07_eam.fs Fe\n']",['potential_LAMMPS/2010--Malerba-L--Fe--LAMMPS--ipr1/M07_eam.fs'],NISTiprpy,2010--Malerba-L--Fe--LAMMPS--ipr1,['Fe'],"[{'Malerba_2010': {'title': 'Comparison of empirical interatomic potentials for iron applied to radiation damage studies', 'journal': 'Journal of Nuclear Materials', 'volume': '406', 'pages': '19--38', 'number': '1', 'doi': '10.1016/j.jnucmat.2010.05.017', 'publisher': 'Elsevier BV', 'url': 'https://doi.org/10.1016%2Fj.jnucmat.2010.05.017', 'year': '2010', 'author': ['L. Malerba', 'M.C. Marinica', 'N. Anento', 'C. Björkas', 'H. Nguyen', 'C. Domain', 'F. Djurabekova', 'P. Olsson', 'K. Nordlund', 'A. Serra', 'D. Terentyev', 'F. Willaime', 'C.S. Becquart']}}, {'Marinica_2012': {'title': 'Irradiation-Induced Formation of Nanocrystallites with C15 Laves Phase Structure in bcc Iron', 'journal': 'Physical Review Letters', 'volume': '108', 'pages': '025501', 'number': '2', 'doi': '10.1103/physrevlett.108.025501', 'publisher': 'American Physical Society (APS)', 'url': 'https://doi.org/10.1103%2Fphysrevlett.108.025501', 'year': '2012', 'author': ['M.-C. Marinica', 'F. Willaime', 'J.-P. Crocombette']}}]"
180,"['pair_style eam/fs\n', 'pair_coeff * * Fictional-Al1-1.eam.fs Al\n']",['potential_LAMMPS/2010--Mendelev-M-I--fictional-Al-1--LAMMPS--ipr1/Fictional-Al1-1.eam.fs'],NISTiprpy,2010--Mendelev-M-I--fictional-Al-1--LAMMPS--ipr1,['Al'],"[{'Mendelev_2010': {'title': 'Molecular-dynamics study of solid-liquid interface migration in fcc metals', 'journal': 'Modelling and Simulation in Materials Science and Engineering', 'volume': '18', 'pages': '074002', 'number': '7', 'doi': '10.1088/0965-0393/18/7/074002', 'publisher': 'IOP Publishing', 'url': 'https://doi.org/10.1088%2F0965-0393%2F18%2F7%2F074002', 'year': '2010', 'author': ['M I Mendelev', 'M J Rahman', 'J J Hoyt', 'M Asta']}}]"
181,"['pair_style eam/fs\n', 'pair_coeff * * Fictional-Al1-2.eam.fs Al\n']",['potential_LAMMPS/2010--Mendelev-M-I--fictional-Al-2--LAMMPS--ipr1/Fictional-Al1-2.eam.fs'],NISTiprpy,2010--Mendelev-M-I--fictional-Al-2--LAMMPS--ipr1,['Al'],"[{'Mendelev_2010': {'title': 'Molecular-dynamics study of solid-liquid interface migration in fcc metals', 'journal': 'Modelling and Simulation in Materials Science and Engineering', 'volume': '18', 'pages': '074002', 'number': '7', 'doi': '10.1088/0965-0393/18/7/074002', 'publisher': 'IOP Publishing', 'url': 'https://doi.org/10.1088%2F0965-0393%2F18%2F7%2F074002', 'year': '2010', 'author': ['M I Mendelev', 'M J Rahman', 'J J Hoyt', 'M Asta']}}]"
182,"['pair_style eam/fs\n', 'pair_coeff * * Fictional-Al1-3.eam.fs Al\n']",['potential_LAMMPS/2010--Mendelev-M-I--fictional-Al-3--LAMMPS--ipr1/Fictional-Al1-3.eam.fs'],NISTiprpy,2010--Mendelev-M-I--fictional-Al-3--LAMMPS--ipr1,['Al'],"[{'Mendelev_2010': {'title': 'Molecular-dynamics study of solid-liquid interface migration in fcc metals', 'journal': 'Modelling and Simulation in Materials Science and Engineering', 'volume': '18', 'pages': '074002', 'number': '7', 'doi': '10.1088/0965-0393/18/7/074002', 'publisher': 'IOP Publishing', 'url': 'https://doi.org/10.1088%2F0965-0393%2F18%2F7%2F074002', 'year': '2010', 'author': ['M I Mendelev', 'M J Rahman', 'J J Hoyt', 'M Asta']}}]"
183,"['pair_style eam/alloy\n', 'pair_coeff * * Au_Olsson_JAP2010.eam.alloy Au\n']",['potential_LAMMPS/2010--Olsson-P-A-T--Au--LAMMPS--ipr1/Au_Olsson_JAP2010.eam.alloy'],NISTiprpy,2010--Olsson-P-A-T--Au--LAMMPS--ipr1,['Au'],"[{'Olsson_2010': {'title': 'Transverse resonant properties of strained gold nanowires', 'journal': 'Journal of Applied Physics', 'volume': '108', 'pages': '034318', 'number': '3', 'doi': '10.1063/1.3460127', 'publisher': 'AIP Publishing', 'url': 'https://doi.org/10.1063%2F1.3460127', 'year': '2010', 'author': ['Pär A. T. Olsson']}}]"
184,"['pair_style eam/alloy\n', 'pair_coeff * * Al_wkg_MSMSE_2009.set Al\n']",['potential_LAMMPS/2010--Winey-J-M--Al--LAMMPS--ipr1/Al_wkg_MSMSE_2009.set'],NISTiprpy,2010--Winey-J-M--Al--LAMMPS--ipr1,['Al'],"[{'Winey_2009': {'title': 'A thermodynamic approach to determine accurate potentials for molecular dynamics simulations: thermoelastic response of aluminum', 'journal': 'Modelling and Simulation in Materials Science and Engineering', 'volume': '17', 'pages': '055004', 'number': '5', 'doi': '10.1088/0965-0393/17/5/055004', 'publisher': 'IOP Publishing', 'url': 'https://doi.org/10.1088%2F0965-0393%2F17%2F5%2F055004', 'year': '2009', 'author': ['J M Winey', 'Alison Kubota', 'Y M Gupta']}}, {'Winey_2010': {'title': 'Thermodynamic approach to determine accurate potentials for molecular dynamics simulations: thermoelastic response of aluminum', 'journal': 'Modelling and Simulation in Materials Science and Engineering', 'volume': '18', 'pages': '029801', 'number': '2', 'doi': '10.1088/0965-0393/18/2/029801', 'publisher': 'IOP Publishing', 'url': 'https://doi.org/10.1088%2F0965-0393%2F18%2F2%2F029801', 'year': '2010', 'author': ['J M Winey', 'Alison Kubota', 'Y M Gupta']}}]"
185,"['pair_style adp\n', 'pair_coeff * * AlCu.adp Al Cu\n']",['potential_LAMMPS/2011--Apostol-F--Al-Cu--LAMMPS--ipr1/AlCu.adp'],NISTiprpy,2011--Apostol-F--Al-Cu--LAMMPS--ipr1,"['Al', 'Cu']","[{'Apostol_2011': {'title': 'Interatomic potential for the Al-Cu system', 'journal': 'Physical Review B', 'volume': '83', 'pages': '054116', 'number': '5', 'doi': '10.1103/physrevb.83.054116', 'publisher': 'American Physical Society (APS)', 'url': 'https://doi.org/10.1103%2Fphysrevb.83.054116', 'year': '2011', 'author': ['F. Apostol', 'Y. Mishin']}}]"
186,"['pair_style hybrid/overlay eam/alloy eam/fs\n', 'pair_coeff * * eam/alloy FeCr_d.eam.alloy Fe Cr\n', 'pair_coeff * * eam/fs FeCr_s.eam.fs Fe Cr\n']","['potential_LAMMPS/2011--Bonny-G--Fe-Cr--LAMMPS--ipr2/FeCr_d.eam.alloy', 'potential_LAMMPS/2011--Bonny-G--Fe-Cr--LAMMPS--ipr2/FeCr_s.eam.fs']",NISTiprpy,2011--Bonny-G--Fe-Cr--LAMMPS--ipr2,"['Fe', 'Cr']","[{'Bonny_2011': {'title': 'Iron chromium potential to model high-chromium ferritic alloys', 'journal': 'Philosophical Magazine', 'volume': '91', 'pages': '1724--1746', 'number': '12', 'doi': '10.1080/14786435.2010.545780', 'publisher': 'Informa UK Limited', 'url': 'https://doi.org/10.1080%2F14786435.2010.545780', 'year': '2011', 'author': ['G. Bonny', 'R.C. Pasianot', 'D. Terentyev', 'L. Malerba']}}]"
187,"['pair_style hybrid/overlay eam/alloy eam/fs\n', 'pair_coeff * * eam/alloy FeCr_d.eam.alloy Fe Cr\n', 'pair_coeff * * eam/fs FeCr_s.eam.fs Fe Cr\n']","['potential_LAMMPS/2011--Bonny-G--Fe-Cr--LAMMPS--ipr3/FeCr_d.eam.alloy', 'potential_LAMMPS/2011--Bonny-G--Fe-Cr--LAMMPS--ipr3/FeCr_s.eam.fs']",NISTiprpy,2011--Bonny-G--Fe-Cr--LAMMPS--ipr3,"['Fe', 'Cr']","[{'Bonny_2011': {'title': 'Iron chromium potential to model high-chromium ferritic alloys', 'journal': 'Philosophical Magazine', 'volume': '91', 'pages': '1724--1746', 'number': '12', 'doi': '10.1080/14786435.2010.545780', 'publisher': 'Informa UK Limited', 'url': 'https://doi.org/10.1080%2F14786435.2010.545780', 'year': '2011', 'author': ['G. Bonny', 'R.C. Pasianot', 'D. Terentyev', 'L. Malerba']}}]"
188,"['pair_style eam/alloy\n', 'pair_coeff * * FeNiCr.eam.alloy Fe Ni Cr\n']",['potential_LAMMPS/2011--Bonny-G--Fe-Ni-Cr--LAMMPS--ipr1/FeNiCr.eam.alloy'],NISTiprpy,2011--Bonny-G--Fe-Ni-Cr--LAMMPS--ipr1,"['Fe', 'Ni', 'Cr']","[{'Bonny_2011': {'title': 'Interatomic potential to study plasticity in stainless steels: the FeNiCr model alloy', 'journal': 'Modelling and Simulation in Materials Science and Engineering', 'volume': '19', 'pages': '085008', 'number': '8', 'doi': '10.1088/0965-0393/19/8/085008', 'publisher': 'IOP Publishing', 'url': 'https://doi.org/10.1088%2F0965-0393%2F19%2F8%2F085008', 'year': '2011', 'author': ['G Bonny', 'D Terentyev', 'R C Pasianot', 'S Poncé', 'A Bakaev']}}]"
189,"['pair_style eam/alloy\n', 'pair_coeff * * FeNiCr.eam.alloy Fe Ni Cr\n']",['potential_LAMMPS/2011--Bonny-G--Fe-Ni-Cr--LAMMPS--ipr2/FeNiCr.eam.alloy'],NISTiprpy,2011--Bonny-G--Fe-Ni-Cr--LAMMPS--ipr2,"['Fe', 'Ni', 'Cr']","[{'Bonny_2011': {'title': 'Interatomic potential to study plasticity in stainless steels: the FeNiCr model alloy', 'journal': 'Modelling and Simulation in Materials Science and Engineering', 'volume': '19', 'pages': '085008', 'number': '8', 'doi': '10.1088/0965-0393/19/8/085008', 'publisher': 'IOP Publishing', 'url': 'https://doi.org/10.1088%2F0965-0393%2F19%2F8%2F085008', 'year': '2011', 'author': ['G Bonny', 'D Terentyev', 'R C Pasianot', 'S Poncé', 'A Bakaev']}}]"
190,"['pair_style eam/alloy\n', 'pair_coeff * * Fe_Fe.CS3_33.alloy Fe\n']",['potential_LAMMPS/2011--Chiesa-S--Fe-33--LAMMPS--ipr1/Fe_Fe.CS3_33.alloy'],NISTiprpy,2011--Chiesa-S--Fe-33--LAMMPS--ipr1,['Fe'],"[{'Chiesa_2011': {'title': 'Optimization of the magnetic potential for α-Fe', 'journal': 'Journal of Physics: Condensed Matter', 'volume': '23', 'pages': '206001', 'number': '20', 'doi': '10.1088/0953-8984/23/20/206001', 'publisher': 'IOP Publishing', 'url': 'https://doi.org/10.1088%2F0953-8984%2F23%2F20%2F206001', 'year': '2011', 'author': ['S Chiesa', 'P M Derlet', 'S L Dudarev', 'H Van Swygenhoven']}}]"
191,"['pair_style tersoff\n', 'pair_coeff * * HfB_DLB2011.lbtrsff Hf B\n']",['potential_LAMMPS/2011--Daw-M-S--Hf-B--LAMMPS--ipr1/HfB_DLB2011.lbtrsff'],NISTiprpy,2011--Daw-M-S--Hf-B--LAMMPS--ipr1,"['Hf', 'B']","[{'Daw_2011': {'title': 'Interatomic potentials for Zirconium Diboride and Hafnium Diboride', 'journal': 'Computational Materials Science', 'volume': '50', 'pages': '2828--2835', 'number': '10', 'doi': '10.1016/j.commatsci.2011.04.038', 'publisher': 'Elsevier BV', 'url': 'https://doi.org/10.1016%2Fj.commatsci.2011.04.038', 'year': '2011', 'author': ['Murray S. Daw', 'John W. Lawson', 'Charles W. Bauschlicher']}}, {'Lawson_2011': {'title': 'Lattice thermal conductivity of ultra high temperature ceramics ZrB<sub>2</sub> and HfB<sub>2</sub> from atomistic simulations', 'journal': 'Journal of Applied Physics', 'volume': '110', 'pages': '083507', 'number': '8', 'doi': '10.1063/1.3647754', 'publisher': 'AIP Publishing', 'url': 'https://doi.org/10.1063%2F1.3647754', 'year': '2011', 'author': ['John W. Lawson', 'Murray S. Daw', 'Charles W. Bauschlicher']}}]"
192,"['pair_style tersoff\n', 'pair_coeff * * ZrB_pot2_DLB2011.lbtrsff Zr B\n']",['potential_LAMMPS/2011--Daw-M-S--Zr-B--LAMMPS--ipr1/ZrB_pot2_DLB2011.lbtrsff'],NISTiprpy,2011--Daw-M-S--Zr-B--LAMMPS--ipr1,"['Zr', 'B']","[{'Daw_2011': {'title': 'Interatomic potentials for Zirconium Diboride and Hafnium Diboride', 'journal': 'Computational Materials Science', 'volume': '50', 'pages': '2828--2835', 'number': '10', 'doi': '10.1016/j.commatsci.2011.04.038', 'publisher': 'Elsevier BV', 'url': 'https://doi.org/10.1016%2Fj.commatsci.2011.04.038', 'year': '2011', 'author': ['Murray S. Daw', 'John W. Lawson', 'Charles W. Bauschlicher']}}, {'Lawson_2011': {'title': 'Lattice thermal conductivity of ultra high temperature ceramics ZrB<sub>2</sub> and HfB<sub>2</sub> from atomistic simulations', 'journal': 'Journal of Applied Physics', 'volume': '110', 'pages': '083507', 'number': '8', 'doi': '10.1063/1.3647754', 'publisher': 'AIP Publishing', 'url': 'https://doi.org/10.1063%2F1.3647754', 'year': '2011', 'author': ['John W. Lawson', 'Murray S. Daw', 'Charles W. Bauschlicher']}}, {'Lawson_2012': {'title': 'Computational Modeling of Grain Boundaries in ZrB<sub>2</sub>: Implications for Lattice Thermal Conductivity', 'journal': 'Journal of the American Ceramic Society', 'volume': '95', 'pages': '3971--3978', 'number': '12', 'doi': '10.1111/jace.12037', 'publisher': 'Wiley', 'url': 'https://doi.org/10.1111%2Fjace.12037', 'year': '2012', 'author': ['John W. Lawson', 'Murray S. Daw', 'Thomas H. Squire', 'Charles W. Bauschlicher']}}]"
193,"['pair_style meam/spline\n', 'pair_coeff * * Si_2.meam.spline Si\n']",['potential_LAMMPS/2011--Du-Y-A--Si--LAMMPS--ipr1/Si_2.meam.spline'],NISTiprpy,2011--Du-Y-A--Si--LAMMPS--ipr1,['Si'],"[{'Du_2011': {'title': 'Energy landscape of silicon tetra-interstitials using an optimized classical potential', 'journal': 'physica status solidi (b)', 'volume': '248', 'pages': '2050-2055', 'number': '9', 'doi': '10.1002/pssb.201147137', 'publisher': 'Wiley', 'url': 'https://doi.org/10.1002%2Fpssb.201147137', 'year': '2011', 'author': ['Yaojun A. Du', 'Thomas J. Lenosky', 'Richard G. Hennig', 'Stefan Goedecker', 'John W. Wilkins']}}]"
194,"['pair_style meam\n', 'pair_coeff * * library.meam Al H AlH.meam Al H\n']","['potential_LAMMPS/2011--Ko-W-S--Al-H--LAMMPS--ipr1/library.meam', 'potential_LAMMPS/2011--Ko-W-S--Al-H--LAMMPS--ipr1/AlH.meam']",NISTiprpy,2011--Ko-W-S--Al-H--LAMMPS--ipr1,"['Al', 'H']","[{'Ko_2011': {'title': 'Atomistic modeling of the Al-H and Ni-H systems', 'journal': 'Journal of Materials Research', 'volume': '26', 'pages': '1552--1560', 'number': '12', 'doi': '10.1557/jmr.2011.95', 'publisher': 'Cambridge University Press (CUP)', 'url': 'https://doi.org/10.1557%2Fjmr.2011.95', 'year': '2011', 'author': ['Won-Seok Ko', 'Jae-Hyeok Shim', 'Byeong-Joo Lee']}}]"
195,"['pair_style meam\n', 'pair_coeff * * library.meam Ni H NiH.meam Ni H\n']","['potential_LAMMPS/2011--Ko-W-S--Ni-H--LAMMPS--ipr1/library.meam', 'potential_LAMMPS/2011--Ko-W-S--Ni-H--LAMMPS--ipr1/NiH.meam']",NISTiprpy,2011--Ko-W-S--Ni-H--LAMMPS--ipr1,"['Ni', 'H']","[{'Ko_2011': {'title': 'Atomistic modeling of the Al-H and Ni-H systems', 'journal': 'Journal of Materials Research', 'volume': '26', 'pages': '1552--1560', 'number': '12', 'doi': '10.1557/jmr.2011.95', 'publisher': 'Cambridge University Press (CUP)', 'url': 'https://doi.org/10.1557%2Fjmr.2011.95', 'year': '2011', 'author': ['Won-Seok Ko', 'Jae-Hyeok Shim', 'Byeong-Joo Lee']}}]"
196,"['pair_style meam\n', 'pair_coeff * * library.meam V H VH.meam V H\n']","['potential_LAMMPS/2011--Shim-J-H--V-H--LAMMPS--ipr1/library.meam', 'potential_LAMMPS/2011--Shim-J-H--V-H--LAMMPS--ipr1/VH.meam']",NISTiprpy,2011--Shim-J-H--V-H--LAMMPS--ipr1,"['V', 'H']","[{'Shim_2011': {'title': 'A modified embedded-atom method interatomic potential for the V–H system', 'journal': 'Calphad', 'volume': '35', 'pages': '302--307', 'number': '3', 'doi': '10.1016/j.calphad.2011.04.007', 'publisher': 'Elsevier BV', 'url': 'https://doi.org/10.1016%2Fj.calphad.2011.04.007', 'year': '2011', 'author': ['Jae-Hyeok Shim', 'Young-Su Lee', 'Eric Fleury', 'Young Whan Cho', 'Won-Seok Ko', 'Byeong-Joo Lee']}}]"
197,"['pair_style eim\n', 'pair_coeff * * Li Na K Rb Cs F Cl Br Id ffield.eim Li Na K Rb Cs F Cl Br Id\n']",['potential_LAMMPS/2011--Zhou-X-W--Li-Na-K-Rb-Cs-F-Cl-Br-I--LAMMPS--ipr1/ffield.eim'],NISTiprpy,2011--Zhou-X-W--Li-Na-K-Rb-Cs-F-Cl-Br-I--LAMMPS--ipr1,"['Li', 'Na', 'K', 'Rb', 'Cs', 'F', 'Cl', 'Br', 'I']","[{'Zhou_2011': {'title': 'Atomistic simulation study of atomic size effects on B1 (NaCl), B2 (CsCl), and B3 (zinc-blende) crystal stability of binary ionic compounds', 'journal': 'Computational Materials Science', 'volume': '50', 'pages': '2470--2481', 'number': '8', 'doi': '10.1016/j.commatsci.2011.03.028', 'publisher': 'Elsevier BV', 'url': 'https://doi.org/10.1016%2Fj.commatsci.2011.03.028', 'year': '2011', 'author': ['X.W. Zhou', 'F.P. Doty', 'P. Yang']}}]"
198,"['pair_style meam\n', 'pair_coeff * * library.meam Co Co.meam Co\n']","['potential_LAMMPS/2012--Dong-W-P--Co--LAMMPS--ipr1/library.meam', 'potential_LAMMPS/2012--Dong-W-P--Co--LAMMPS--ipr1/Co.meam']",NISTiprpy,2012--Dong-W-P--Co--LAMMPS--ipr1,['Co'],"[{'Dong_2012': {'title': 'Atomistic modeling of pure Co and Co–Al system', 'journal': 'Calphad', 'volume': '38', 'pages': '7--16', 'doi': '10.1016/j.calphad.2012.04.001', 'publisher': 'Elsevier BV', 'url': 'https://doi.org/10.1016%2Fj.calphad.2012.04.001', 'year': '2012', 'author': ['Wei-Ping Dong', 'Hyun-Kyu Kim', 'Won-Seok Ko', 'Byeong-Moon Lee', 'Byeong-Joo Lee']}}]"
199,"['pair_style meam\n', 'pair_coeff * * library.meam Co Al CoAl.meam Co Al\n']","['potential_LAMMPS/2012--Dong-W-P--Co-Al--LAMMPS--ipr1/library.meam', 'potential_LAMMPS/2012--Dong-W-P--Co-Al--LAMMPS--ipr1/CoAl.meam']",NISTiprpy,2012--Dong-W-P--Co-Al--LAMMPS--ipr1,"['Co', 'Al']","[{'Dong_2012': {'title': 'Atomistic modeling of pure Co and Co–Al system', 'journal': 'Calphad', 'volume': '38', 'pages': '7--16', 'doi': '10.1016/j.calphad.2012.04.001', 'publisher': 'Elsevier BV', 'url': 'https://doi.org/10.1016%2Fj.calphad.2012.04.001', 'year': '2012', 'author': ['Wei-Ping Dong', 'Hyun-Kyu Kim', 'Won-Seok Ko', 'Byeong-Moon Lee', 'Byeong-Joo Lee']}}]"
200,"['pair_style meam\n', 'pair_coeff * * Jelinek_2012_meamf AlS SiS MgS CuS FeS Jelinek_2012_meam.alsimgcufe AlS SiS MgS CuS FeS\n']","['potential_LAMMPS/2012--Jelinek-B--Al-Si-Mg-Cu-Fe--LAMMPS--ipr2/Jelinek_2012_meamf', 'potential_LAMMPS/2012--Jelinek-B--Al-Si-Mg-Cu-Fe--LAMMPS--ipr2/Jelinek_2012_meam.alsimgcufe']",NISTiprpy,2012--Jelinek-B--Al-Si-Mg-Cu-Fe--LAMMPS--ipr2,"['Al', 'Si', 'Mg', 'Cu', 'Fe']","[{'Jelinek_2012': {'title': 'Modified embedded atom method potential for Al, Si, Mg, Cu, and Fe alloys', 'journal': 'Physical Review B', 'volume': '85', 'pages': '245102', 'number': '24', 'doi': '10.1103/physrevb.85.245102', 'publisher': 'American Physical Society (APS)', 'url': 'https://doi.org/10.1103%2Fphysrevb.85.245102', 'year': '2012', 'author': ['B. Jelinek', 'S. Groh', 'M. F. Horstemeyer', 'J. Houze', 'S. G. Kim', 'G. J. Wagner', 'A. Moitra', 'M. I. Baskes']}}]"
201,"['pair_style edip/multi\n', 'pair_coeff * * SiC.edip Si C\n']",['potential_LAMMPS/2012--Jiang-C--Si-C--LAMMPS--ipr1/SiC.edip'],NISTiprpy,2012--Jiang-C--Si-C--LAMMPS--ipr1,"['Si', 'C']","[{'Jiang_2012': {'title': 'Carbon tri-interstitial defect: A model for the D<sub>II</sub> center', 'journal': 'Physical Review B', 'volume': '86', 'pages': '144118', 'number': '14', 'doi': '10.1103/physrevb.86.144118', 'publisher': 'American Physical Society (APS)', 'url': 'https://doi.org/10.1103%2Fphysrevb.86.144118', 'year': '2012', 'author': ['Chao Jiang', 'Dane Morgan', 'Izabela Szlufarska']}}]"
202,"['pair_style meam\n', 'pair_coeff * * library.meam Li Li.meam Li\n']","['potential_LAMMPS/2012--Kim-Y-M--Li--LAMMPS--ipr1/library.meam', 'potential_LAMMPS/2012--Kim-Y-M--Li--LAMMPS--ipr1/Li.meam']",NISTiprpy,2012--Kim-Y-M--Li--LAMMPS--ipr1,['Li'],"[{'Kim_2012': {'title': 'Atomistic modeling of pure Li and Mg-Li system', 'journal': 'Modelling and Simulation in Materials Science and Engineering', 'volume': '20', 'pages': '035005', 'number': '3', 'doi': '10.1088/0965-0393/20/3/035005', 'publisher': 'IOP Publishing', 'url': 'https://doi.org/10.1088%2F0965-0393%2F20%2F3%2F035005', 'year': '2012', 'author': ['Young-Min Kim', 'In-Ho Jung', 'Byeong-Joo Lee']}}]"
203,"['pair_style meam\n', 'pair_coeff * * library.meam Li Mg LiMg.meam Li Mg\n']","['potential_LAMMPS/2012--Kim-Y-M--Mg-Li--LAMMPS--ipr1/library.meam', 'potential_LAMMPS/2012--Kim-Y-M--Mg-Li--LAMMPS--ipr1/LiMg.meam']",NISTiprpy,2012--Kim-Y-M--Mg-Li--LAMMPS--ipr1,"['Li', 'Mg']","[{'Kim_2012': {'title': 'Atomistic modeling of pure Li and Mg-Li system', 'journal': 'Modelling and Simulation in Materials Science and Engineering', 'volume': '20', 'pages': '035005', 'number': '3', 'doi': '10.1088/0965-0393/20/3/035005', 'publisher': 'IOP Publishing', 'url': 'https://doi.org/10.1088%2F0965-0393%2F20%2F3%2F035005', 'year': '2012', 'author': ['Young-Min Kim', 'In-Ho Jung', 'Byeong-Joo Lee']}}]"
204,"['pair_style tersoff\n', 'pair_coeff * * BNC.tersoff B N C\n']",['potential_LAMMPS/2012--Kinaci-A--B-N-C--LAMMPS--ipr1/BNC.tersoff'],NISTiprpy,2012--Kinaci-A--B-N-C--LAMMPS--ipr1,"['B', 'N', 'C']","[{'K_nac__2012': {'title': 'Thermal conductivity of BN-C nanostructures', 'journal': 'Physical Review B', 'volume': '86', 'pages': '115410', 'number': '11', 'doi': '10.1103/physrevb.86.115410', 'publisher': 'American Physical Society (APS)', 'url': 'https://doi.org/10.1103%2Fphysrevb.86.115410', 'year': '2012', 'author': ['Alper Kınacı', 'Justin B. Haskins', 'Cem Sevik', 'Tahir Çağın']}}]"
205,"['pair_style meam\n', 'pair_coeff * * library.meam Fe P FeP.meam Fe P\n']","['potential_LAMMPS/2012--Ko-W-S--Fe-P--LAMMPS--ipr1/library.meam', 'potential_LAMMPS/2012--Ko-W-S--Fe-P--LAMMPS--ipr1/FeP.meam']",NISTiprpy,2012--Ko-W-S--Fe-P--LAMMPS--ipr1,"['Fe', 'P']","[{'Ko_2012': {'title': 'Atomistic modeling of an impurity element and a metal-impurity system: pure P and Fe-P system', 'journal': 'Journal of Physics: Condensed Matter', 'volume': '24', 'pages': '225002', 'number': '22', 'doi': '10.1088/0953-8984/24/22/225002', 'publisher': 'IOP Publishing', 'url': 'https://doi.org/10.1088%2F0953-8984%2F24%2F22%2F225002', 'year': '2012', 'author': ['Won-Seok Ko', 'Nack J Kim', 'Byeong-Joo Lee']}}]"
206,"['pair_style meam\n', 'pair_coeff * * library.meam P P.meam P\n']","['potential_LAMMPS/2012--Ko-W-S--P--LAMMPS--ipr1/library.meam', 'potential_LAMMPS/2012--Ko-W-S--P--LAMMPS--ipr1/P.meam']",NISTiprpy,2012--Ko-W-S--P--LAMMPS--ipr1,['P'],"[{'Ko_2012': {'title': 'Atomistic modeling of an impurity element and a metal-impurity system: pure P and Fe-P system', 'journal': 'Journal of Physics: Condensed Matter', 'volume': '24', 'pages': '225002', 'number': '22', 'doi': '10.1088/0953-8984/24/22/225002', 'publisher': 'IOP Publishing', 'url': 'https://doi.org/10.1088%2F0953-8984%2F24%2F22%2F225002', 'year': '2012', 'author': ['Won-Seok Ko', 'Nack J Kim', 'Byeong-Joo Lee']}}]"
207,"['pair_style eam/fs\n', 'pair_coeff * * Mendelev_Cu2_2012.eam.fs Cu\n']",['potential_LAMMPS/2012--Mendelev-M-I--Cu--LAMMPS--ipr1/Mendelev_Cu2_2012.eam.fs'],NISTiprpy,2012--Mendelev-M-I--Cu--LAMMPS--ipr1,['Cu'],"[{'Mendelev_2013': {'title': 'The interactions of self-interstitials with twin boundaries', 'journal': 'Philosophical Magazine', 'volume': '93', 'pages': '1268--1278', 'number': '10-12', 'doi': '10.1080/14786435.2012.747012', 'publisher': 'Informa UK Limited', 'url': 'https://doi.org/10.1080%2F14786435.2012.747012', 'year': '2013', 'author': ['M.I. Mendelev', 'A.H. King']}}]"
208,"['pair_style eam/fs\n', 'pair_coeff * * Ni1_Mendelev_2012.eam.fs Ni\n']",['potential_LAMMPS/2012--Mendelev-M-I--Ni--LAMMPS--ipr1/Ni1_Mendelev_2012.eam.fs'],NISTiprpy,2012--Mendelev-M-I--Ni--LAMMPS--ipr1,['Ni'],"[{'Mendelev_2012': {'title': 'Development of interatomic potentials appropriate for simulation of liquid and glass properties of NiZr2 alloy', 'journal': 'Philosophical Magazine', 'volume': '92', 'pages': '4454--4469', 'number': '35', 'doi': '10.1080/14786435.2012.712220', 'publisher': 'Informa UK Limited', 'url': 'https://doi.org/10.1080%2F14786435.2012.712220', 'year': '2012', 'author': ['M.I. Mendelev', 'M.J. Kramer', 'S.G. Hao', 'K.M. Ho', 'C.Z. Wang']}}]"
209,"['pair_style eam/fs\n', 'pair_coeff * * Ni-Zr_Mendelev_2012.eam.fs Ni Zr\n']",['potential_LAMMPS/2012--Mendelev-M-I--Ni-Zr--LAMMPS--ipr1/Ni-Zr_Mendelev_2012.eam.fs'],NISTiprpy,2012--Mendelev-M-I--Ni-Zr--LAMMPS--ipr1,"['Ni', 'Zr']","[{'Mendelev_2012': {'title': 'Development of interatomic potentials appropriate for simulation of liquid and glass properties of NiZr2 alloy', 'journal': 'Philosophical Magazine', 'volume': '92', 'pages': '4454--4469', 'number': '35', 'doi': '10.1080/14786435.2012.712220', 'publisher': 'Informa UK Limited', 'url': 'https://doi.org/10.1080%2F14786435.2012.712220', 'year': '2012', 'author': ['M.I. Mendelev', 'M.J. Kramer', 'S.G. Hao', 'K.M. Ho', 'C.Z. Wang']}}]"
210,"['pair_style eam/alloy\n', 'pair_coeff * * Au_5T.eam.alloy Au\n']",['potential_LAMMPS/2012--Norman-G-E--Au--LAMMPS--ipr1/Au_5T.eam.alloy'],NISTiprpy,2012--Norman-G-E--Au--LAMMPS--ipr1,['Au'],"[{'Norman_2012': {'title': 'Atomistic simulation of laser ablation of gold: Effect of pressure relaxation', 'journal': 'Journal of Experimental and Theoretical Physics', 'volume': '114', 'pages': '792--800', 'number': '5', 'doi': '10.1134/s1063776112040115', 'publisher': 'Pleiades Publishing Ltd', 'url': 'https://doi.org/10.1134%2Fs1063776112040115', 'year': '2012', 'author': ['G. E. Norman', 'S. V. Starikov', 'V. V. Stegailov']}}, {'Starikov_2014': {'title': 'Soft picosecond X-ray laser nanomodification of gold and aluminum surfaces', 'journal': 'Applied Physics B', 'volume': '116', 'pages': '1005--1016', 'number': '4', 'doi': '10.1007/s00340-014-5789-y', 'publisher': 'Springer Nature', 'url': 'https://doi.org/10.1007%2Fs00340-014-5789-y', 'year': '2014', 'author': ['S. V. Starikov', 'A. Ya. Faenov', 'T. A. Pikuz', 'I. Yu. Skobelev', 'V. E. Fortov', 'S. Tamotsu', 'M. Ishino', 'M. Tanaka', 'N. Hasegawa', 'M. Nishikino', 'T. Kaihori', 'T. Imazono', 'M. Kando', 'T. Kawachi']}}]"
211,"['pair_style meam/spline\n', 'pair_coeff * * Park_MEAM_Mo_2012.spline Mo\n']",['potential_LAMMPS/2012--Park-H--Mo--LAMMPS--ipr1/Park_MEAM_Mo_2012.spline'],NISTiprpy,2012--Park-H--Mo--LAMMPS--ipr1,['Mo'],"[{'Park_2012': {'title': 'Ab initio based empirical potential used to study the mechanical properties of molybdenum', 'journal': 'Physical Review B', 'volume': '85', 'pages': '214121', 'number': '21', 'doi': '10.1103/physrevb.85.214121', 'publisher': 'American Physical Society (APS)', 'url': 'https://doi.org/10.1103%2Fphysrevb.85.214121', 'year': '2012', 'author': ['Hyoungki Park', 'Michael R. Fellinger', 'Thomas J. Lenosky', 'William W. Tipton', 'Dallas R. Trinkle', 'Sven P. Rudin', 'Christopher Woodward', 'John W. Wilkins', 'Richard G. Hennig']}}]"
212,"['pair_style eam/alloy\n', 'pair_coeff * * MCM2011_eam.fs Fe\n']",['potential_LAMMPS/2012--Proville-L--Fe--LAMMPS--ipr1/MCM2011_eam.fs'],NISTiprpy,2012--Proville-L--Fe--LAMMPS--ipr1,['Fe'],"[{'Proville_2012': {'title': 'Quantum effect on thermally activated glide of dislocations', 'journal': 'Nature Materials', 'volume': '11', 'pages': '845--849', 'number': '10', 'doi': '10.1038/nmat3401', 'publisher': 'Springer Nature', 'url': 'https://doi.org/10.1038%2Fnmat3401', 'year': '2012', 'author': ['Laurent Proville', 'David Rodney', 'Mihai-Cosmin Marinica']}}]"
213,"['pair_style eam/alloy\n', 'pair_coeff * * Co_PurjaPun_2012.eam.alloy Co\n']",['potential_LAMMPS/2012--Purja-Pun-G-P--Co--LAMMPS--ipr1/Co_PurjaPun_2012.eam.alloy'],NISTiprpy,2012--Purja-Pun-G-P--Co--LAMMPS--ipr1,['Co'],"[{'Pun_2012': {'title': 'Embedded-atom potential for hcp and fcc cobalt', 'journal': 'Physical Review B', 'volume': '86', 'pages': '134116', 'number': '13', 'doi': '10.1103/physrevb.86.134116', 'publisher': 'American Physical Society (APS)', 'url': 'https://doi.org/10.1103%2Fphysrevb.86.134116', 'year': '2012', 'author': ['G. P. Purja Pun', 'Y. Mishin']}}]"
214,"['pair_style eam/alloy\n', 'pair_coeff * * AlMnPd_Schopf_2012.lammps.EAM_CORRECT Al Mn Pd\n']",['potential_LAMMPS/2012--Schopf-D--Al-Mn-Pd--LAMMPS--ipr1/AlMnPd_Schopf_2012.lammps.EAM_CORRECT'],NISTiprpy,2012--Schopf-D--Al-Mn-Pd--LAMMPS--ipr1,"['Al', 'Mn', 'Pd']","[{'Schopf_2012': {'title': 'Embedded atom method potentials for Al-Pd-Mn phases', 'journal': 'Physical Review B', 'volume': '85', 'pages': '054201', 'number': '5', 'doi': '10.1103/physrevb.85.054201', 'publisher': 'American Physical Society (APS)', 'url': 'https://doi.org/10.1103%2Fphysrevb.85.054201', 'year': '2012', 'author': ['Daniel Schopf', 'Peter Brommer', 'Benjamin Frigan', 'Hans-Rainer Trebin']}}]"
215,"['pair_style eam/alloy\n', 'pair_coeff * * U.eam.sss2012.alloy U\n']",['potential_LAMMPS/2012--Smirnova-D-E--U--LAMMPS--ipr1/U.eam.sss2012.alloy'],NISTiprpy,2012--Smirnova-D-E--U--LAMMPS--ipr1,['U'],"[{'Smirnova_2011': {'title': 'Interatomic potential for uranium in a wide range of pressures and temperatures', 'journal': 'Journal of Physics: Condensed Matter', 'volume': '24', 'pages': '015702', 'number': '1', 'doi': '10.1088/0953-8984/24/1/015702', 'publisher': 'IOP Publishing', 'url': 'https://doi.org/10.1088%2F0953-8984%2F24%2F1%2F015702', 'year': '2011', 'author': ['D E Smirnova', 'S V Starikov', 'V V Stegailov']}}, {'Smirnova_2012': {'title': 'Interatomic potential for uranium in a wide range of pressures and temperatures', 'journal': 'Journal of Physics: Condensed Matter', 'volume': '24', 'pages': '149501', 'number': '14', 'doi': '10.1088/0953-8984/24/14/149501', 'publisher': 'IOP Publishing', 'url': 'https://doi.org/10.1088%2F0953-8984%2F24%2F14%2F149501', 'year': '2012', 'author': ['D E Smirnova', 'S V Starikov', 'V V Stegailov']}}]"
216,"['pair_style bop\n', 'pair_coeff * * CdTe.bop.table Cd Te\n', 'comm_modify cutoff 14.7\n']",['potential_LAMMPS/2012--Ward-D-K--Cd-Te--LAMMPS--ipr1/CdTe.bop.table'],NISTiprpy,2012--Ward-D-K--Cd-Te--LAMMPS--ipr1,"['Cd', 'Te']","[{'Ward_2012': {'title': 'Analytical bond-order potential for the cadmium telluride binary system', 'journal': 'Physical Review B', 'volume': '85', 'pages': '115206', 'number': '11', 'doi': '10.1103/physrevb.85.115206', 'publisher': 'American Physical Society (APS)', 'url': 'https://doi.org/10.1103%2Fphysrevb.85.115206', 'year': '2012', 'author': ['D. K. Ward', 'X. W. Zhou', 'B. M. Wong', 'F. P. Doty', 'J. A. Zimmerman']}}]"
217,"['pair_style bop\n', 'pair_coeff * * CdZnTe_v1.bop.table Cd Te Zn\n', 'comm_modify cutoff 14.7\n']",['potential_LAMMPS/2012--Ward-D-K--Cd-Te-Zn--LAMMPS--ipr1/CdZnTe_v1.bop.table'],NISTiprpy,2012--Ward-D-K--Cd-Te-Zn--LAMMPS--ipr1,"['Cd', 'Te', 'Zn']","[{'Ward_2012': {'title': 'Analytical bond-order potential for the Cd-Zn-Te ternary system', 'journal': 'Physical Review B', 'volume': '86', 'pages': '245203', 'number': '24', 'doi': '10.1103/physrevb.86.245203', 'publisher': 'American Physical Society (APS)', 'url': 'https://doi.org/10.1103%2Fphysrevb.86.245203', 'year': '2012', 'author': ['D. K. Ward', 'X. W. Zhou', 'B. M. Wong', 'F. P. Doty', 'J. A. Zimmerman']}}]"
218,"['pair_style eam/alloy\n', 'pair_coeff * * Be_Agrawal.eam.alloy Be\n']",['potential_LAMMPS/2013--Agrawal-A--Be--LAMMPS--ipr1/Be_Agrawal.eam.alloy'],NISTiprpy,2013--Agrawal-A--Be--LAMMPS--ipr1,['Be'],"[{'Agrawal_2013': {'title': 'An embedded atom method potential of beryllium', 'journal': 'Modelling and Simulation in Materials Science and Engineering', 'volume': '21', 'pages': '085001', 'number': '8', 'doi': '10.1088/0965-0393/21/8/085001', 'publisher': 'IOP Publishing', 'url': 'https://doi.org/10.1088%2F0965-0393%2F21%2F8%2F085001', 'year': '2013', 'author': ['Anupriya Agrawal', 'Rohan Mishra', 'Logan Ward', 'Katharine M Flores', 'Wolfgang Windl']}}]"
219,"['pair_style hybrid/overlay eam/alloy eam/fs\n', 'pair_coeff * * eam/alloy FeCrW_d.eam.alloy Fe Cr W\n', 'pair_coeff * * eam/fs FeCrW_s.eam.fs Fe Cr W\n']","['potential_LAMMPS/2013--Bonny-G--Fe-Cr-W--LAMMPS--ipr2/FeCrW_d.eam.alloy', 'potential_LAMMPS/2013--Bonny-G--Fe-Cr-W--LAMMPS--ipr2/FeCrW_s.eam.fs']",NISTiprpy,2013--Bonny-G--Fe-Cr-W--LAMMPS--ipr2,"['Fe', 'Cr', 'W']","[{'Bonny_2013': {'title': 'On the mobility of vacancy clusters in reduced activation steels: an atomistic study in the Fe-Cr-W model alloy', 'journal': 'Journal of Physics: Condensed Matter', 'volume': '25', 'pages': '315401', 'number': '31', 'doi': '10.1088/0953-8984/25/31/315401', 'publisher': 'IOP Publishing', 'url': 'https://doi.org/10.1088%2F0953-8984%2F25%2F31%2F315401', 'year': '2013', 'author': ['G Bonny', 'N Castin', 'J Bullens', 'A Bakaev', 'T C P Klaver', 'D Terentyev']}}]"
220,"['pair_style hybrid/overlay eam/alloy eam/fs\n', 'pair_coeff * * eam/alloy FeCrW_d.eam.alloy Fe Cr W\n', 'pair_coeff * * eam/fs FeCrW_s.eam.fs Fe Cr W\n']","['potential_LAMMPS/2013--Bonny-G--Fe-Cr-W--LAMMPS--ipr3/FeCrW_d.eam.alloy', 'potential_LAMMPS/2013--Bonny-G--Fe-Cr-W--LAMMPS--ipr3/FeCrW_s.eam.fs']",NISTiprpy,2013--Bonny-G--Fe-Cr-W--LAMMPS--ipr3,"['Fe', 'Cr', 'W']","[{'Bonny_2013': {'title': 'On the mobility of vacancy clusters in reduced activation steels: an atomistic study in the Fe-Cr-W model alloy', 'journal': 'Journal of Physics: Condensed Matter', 'volume': '25', 'pages': '315401', 'number': '31', 'doi': '10.1088/0953-8984/25/31/315401', 'publisher': 'IOP Publishing', 'url': 'https://doi.org/10.1088%2F0953-8984%2F25%2F31%2F315401', 'year': '2013', 'author': ['G Bonny', 'N Castin', 'J Bullens', 'A Bakaev', 'T C P Klaver', 'D Terentyev']}}]"
221,"['pair_style eam/alloy\n', 'pair_coeff * * FeNiCr_Bonny_2013_ptDef.eam.alloy Fe Ni Cr\n']",['potential_LAMMPS/2013--Bonny-G--Fe-Ni-Cr--LAMMPS--ipr1/FeNiCr_Bonny_2013_ptDef.eam.alloy'],NISTiprpy,2013--Bonny-G--Fe-Ni-Cr--LAMMPS--ipr1,"['Fe', 'Ni', 'Cr']","[{'Bonny_2013': {'title': 'Interatomic potential for studying ageing under irradiation in stainless steels: the FeNiCr model alloy', 'journal': 'Modelling and Simulation in Materials Science and Engineering', 'volume': '21', 'pages': '085004', 'number': '8', 'doi': '10.1088/0965-0393/21/8/085004', 'publisher': 'IOP Publishing', 'url': 'https://doi.org/10.1088%2F0965-0393%2F21%2F8%2F085004', 'year': '2013', 'author': ['G Bonny', 'N Castin', 'D Terentyev']}}]"
222,"['pair_style eam/alloy\n', 'pair_coeff * * FeW.eam.alloy Fe W\n']",['potential_LAMMPS/2013--Bonny-G--Fe-W--LAMMPS--ipr1/FeW.eam.alloy'],NISTiprpy,2013--Bonny-G--Fe-W--LAMMPS--ipr1,"['Fe', 'W']","[{'Bonny_2013': {'title': 'On the mobility of vacancy clusters in reduced activation steels: an atomistic study in the Fe-Cr-W model alloy', 'journal': 'Journal of Physics: Condensed Matter', 'volume': '25', 'pages': '315401', 'number': '31', 'doi': '10.1088/0953-8984/25/31/315401', 'publisher': 'IOP Publishing', 'url': 'https://doi.org/10.1088%2F0953-8984%2F25%2F31%2F315401', 'year': '2013', 'author': ['G Bonny', 'N Castin', 'J Bullens', 'A Bakaev', 'T C P Klaver', 'D Terentyev']}}]"
223,"['pair_style meam\n', 'pair_coeff * * library_AgTaO3.meam Ag Ta O AgTaO3.meam Ag Ta O\n']","['potential_LAMMPS/2013--Gao-H--AgTaO3--LAMMPS--ipr2/library_AgTaO3.meam', 'potential_LAMMPS/2013--Gao-H--AgTaO3--LAMMPS--ipr2/AgTaO3.meam']",NISTiprpy,2013--Gao-H--AgTaO3--LAMMPS--ipr2,"['Ag', 'Ta', 'O']","[{'Gao_2013': {'title': 'An empirical model for silver tantalate', 'journal': 'Modelling and Simulation in Materials Science and Engineering', 'volume': '21', 'pages': '055002', 'number': '5', 'doi': '10.1088/0965-0393/21/5/055002', 'publisher': 'IOP Publishing', 'url': 'https://doi.org/10.1088%2F0965-0393%2F21%2F5%2F055002', 'year': '2013', 'author': ['H. Gao', 'A. Otero-de-la-Roza', 'S. M. Aouadi', 'E. R. Johnson', 'A. Martini']}}]"
224,"['pair_style eam/alloy\n', 'pair_coeff * * PdAgH_HybridPd3Ag.eam.alloy Pd Ag H\n']",['potential_LAMMPS/2013--Hale-L-M--Pd-Ag-H-Hybrid--LAMMPS--ipr1/PdAgH_HybridPd3Ag.eam.alloy'],NISTiprpy,2013--Hale-L-M--Pd-Ag-H-Hybrid--LAMMPS--ipr1,"['Pd', 'Ag', 'H']","[{'Hale_2013': {'title': 'Atomistic potentials for palladium-silver hydrides', 'journal': 'Modelling and Simulation in Materials Science and Engineering', 'volume': '21', 'pages': '045005', 'number': '4', 'doi': '10.1088/0965-0393/21/4/045005', 'publisher': 'IOP Publishing', 'url': 'https://doi.org/10.1088%2F0965-0393%2F21%2F4%2F045005', 'year': '2013', 'author': ['L M Hale', 'B M Wong', 'J A Zimmerman', 'X W Zhou']}}]"
225,"['pair_style eam/alloy\n', 'pair_coeff * * PdAgH_MorsePd3Ag.eam.alloy Pd Ag H\n']",['potential_LAMMPS/2013--Hale-L-M--Pd-Ag-H-Morse--LAMMPS--ipr1/PdAgH_MorsePd3Ag.eam.alloy'],NISTiprpy,2013--Hale-L-M--Pd-Ag-H-Morse--LAMMPS--ipr1,"['Pd', 'Ag', 'H']","[{'Hale_2013': {'title': 'Atomistic potentials for palladium-silver hydrides', 'journal': 'Modelling and Simulation in Materials Science and Engineering', 'volume': '21', 'pages': '045005', 'number': '4', 'doi': '10.1088/0965-0393/21/4/045005', 'publisher': 'IOP Publishing', 'url': 'https://doi.org/10.1088%2F0965-0393%2F21%2F4%2F045005', 'year': '2013', 'author': ['L M Hale', 'B M Wong', 'J A Zimmerman', 'X W Zhou']}}]"
226,"['pair_style tersoff/zbl\n', 'pair_coeff * * FeC_Henriksson_2013.tersoff.zbl Fe C\n']",['potential_LAMMPS/2013--Henriksson-K-O-E--Fe-C--LAMMPS--ipr1/FeC_Henriksson_2013.tersoff.zbl'],NISTiprpy,2013--Henriksson-K-O-E--Fe-C--LAMMPS--ipr1,"['Fe', 'C']","[{'Henriksson_2013': {'title': 'Atomistic simulations of stainless steels: a many-body potential for the Fe-Cr-C system', 'journal': 'Journal of Physics: Condensed Matter', 'volume': '25', 'pages': '445401', 'number': '44', 'doi': '10.1088/0953-8984/25/44/445401', 'publisher': 'IOP Publishing', 'url': 'https://doi.org/10.1088%2F0953-8984%2F25%2F44%2F445401', 'year': '2013', 'author': ['K O E Henriksson', 'C Björkas', 'K Nordlund']}}]"
227,"['pair_style meam\n', 'pair_coeff * * library.meam V Pd Y VPdY.meam V Pd Y\n']","['potential_LAMMPS/2013--Ko-W-S--V-Pd-Y--LAMMPS--ipr1/library.meam', 'potential_LAMMPS/2013--Ko-W-S--V-Pd-Y--LAMMPS--ipr1/VPdY.meam']",NISTiprpy,2013--Ko-W-S--V-Pd-Y--LAMMPS--ipr1,"['V', 'Pd', 'Y']","[{'Ko_2013': {'title': 'Modified embedded-atom method interatomic potentials for pure Y and the V-Pd-Y ternary system', 'journal': 'Modelling and Simulation in Materials Science and Engineering', 'volume': '21', 'pages': '085008', 'number': '8', 'doi': '10.1088/0965-0393/21/8/085008', 'publisher': 'IOP Publishing', 'url': 'https://doi.org/10.1088%2F0965-0393%2F21%2F8%2F085008', 'year': '2013', 'author': ['Won-Seok Ko', 'Byeong-Joo Lee']}}]"
228,"['pair_style meam\n', 'pair_coeff * * library.meam Y Y.meam Y\n']","['potential_LAMMPS/2013--Ko-W-S--Y--LAMMPS--ipr1/library.meam', 'potential_LAMMPS/2013--Ko-W-S--Y--LAMMPS--ipr1/Y.meam']",NISTiprpy,2013--Ko-W-S--Y--LAMMPS--ipr1,['Y'],"[{'Ko_2013': {'title': 'Modified embedded-atom method interatomic potentials for pure Y and the V-Pd-Y ternary system', 'journal': 'Modelling and Simulation in Materials Science and Engineering', 'volume': '21', 'pages': '085008', 'number': '8', 'doi': '10.1088/0965-0393/21/8/085008', 'publisher': 'IOP Publishing', 'url': 'https://doi.org/10.1088%2F0965-0393%2F21%2F8%2F085008', 'year': '2013', 'author': ['Won-Seok Ko', 'Byeong-Joo Lee']}}]"
229,"['pair_style eam/alloy\n', 'pair_coeff * * w_eam2.fs W\n']",['potential_LAMMPS/2013--Marinica-M-C--W-2--LAMMPS--ipr1/w_eam2.fs'],NISTiprpy,2013--Marinica-M-C--W-2--LAMMPS--ipr1,['W'],"[{'Marinica_2013': {'title': 'Interatomic potentials for modelling radiation defects and dislocations in tungsten', 'journal': 'Journal of Physics: Condensed Matter', 'volume': '25', 'pages': '395502', 'number': '39', 'doi': '10.1088/0953-8984/25/39/395502', 'publisher': 'IOP Publishing', 'url': 'https://doi.org/10.1088%2F0953-8984%2F25%2F39%2F395502', 'year': '2013', 'author': ['M-C Marinica', 'Lisa Ventelon', 'M R Gilbert', 'L Proville', 'S L Dudarev', 'J Marian', 'G Bencteux', 'F Willaime']}}]"
230,"['pair_style eam/alloy\n', 'pair_coeff * * w_eam3.fs W\n']",['potential_LAMMPS/2013--Marinica-M-C--W-3--LAMMPS--ipr1/w_eam3.fs'],NISTiprpy,2013--Marinica-M-C--W-3--LAMMPS--ipr1,['W'],"[{'Marinica_2013': {'title': 'Interatomic potentials for modelling radiation defects and dislocations in tungsten', 'journal': 'Journal of Physics: Condensed Matter', 'volume': '25', 'pages': '395502', 'number': '39', 'doi': '10.1088/0953-8984/25/39/395502', 'publisher': 'IOP Publishing', 'url': 'https://doi.org/10.1088%2F0953-8984%2F25%2F39%2F395502', 'year': '2013', 'author': ['M-C Marinica', 'Lisa Ventelon', 'M R Gilbert', 'L Proville', 'S L Dudarev', 'J Marian', 'G Bencteux', 'F Willaime']}}]"
231,"['pair_style eam/alloy\n', 'pair_coeff * * w_eam4.fs W\n']",['potential_LAMMPS/2013--Marinica-M-C--W-4--LAMMPS--ipr1/w_eam4.fs'],NISTiprpy,2013--Marinica-M-C--W-4--LAMMPS--ipr1,['W'],"[{'Marinica_2013': {'title': 'Interatomic potentials for modelling radiation defects and dislocations in tungsten', 'journal': 'Journal of Physics: Condensed Matter', 'volume': '25', 'pages': '395502', 'number': '39', 'doi': '10.1088/0953-8984/25/39/395502', 'publisher': 'IOP Publishing', 'url': 'https://doi.org/10.1088%2F0953-8984%2F25%2F39%2F395502', 'year': '2013', 'author': ['M-C Marinica', 'Lisa Ventelon', 'M R Gilbert', 'L Proville', 'S L Dudarev', 'J Marian', 'G Bencteux', 'F Willaime']}}]"
232,"['pair_style eam/alloy\n', 'pair_coeff * * CuNi_v2.eam.alloy Cu Ni\n']",['potential_LAMMPS/2013--Onat-B--Cu-Ni--LAMMPS--ipr2/CuNi_v2.eam.alloy'],NISTiprpy,2013--Onat-B--Cu-Ni--LAMMPS--ipr2,"['Cu', 'Ni']","[{'Onat_2013': {'title': 'An optimized interatomic potential for Cu–Ni alloys with the embedded-atom method', 'journal': 'Journal of Physics: Condensed Matter', 'volume': '26', 'pages': '035404', 'number': '3', 'doi': '10.1088/0953-8984/26/3/035404', 'publisher': 'IOP Publishing', 'url': 'https://doi.org/10.1088%2F0953-8984%2F26%2F3%2F035404', 'year': '2013', 'author': ['Berk Onat', 'Sondan Durukanoğlu']}}]"
233,"['pair_style eam/alloy\n', 'pair_coeff * * Ta1_Ravelo_2013.eam.alloy Ta\n']",['potential_LAMMPS/2013--Ravelo-R--Ta-1--LAMMPS--ipr1/Ta1_Ravelo_2013.eam.alloy'],NISTiprpy,2013--Ravelo-R--Ta-1--LAMMPS--ipr1,['Ta'],"[{'Ravelo_2013': {'title': 'Shock-induced plasticity in tantalum single crystals: Interatomic potentials and large-scale molecular-dynamics simulations', 'journal': 'Physical Review B', 'volume': '88', 'pages': '134101', 'number': '13', 'doi': '10.1103/physrevb.88.134101', 'publisher': 'American Physical Society (APS)', 'url': 'https://doi.org/10.1103%2Fphysrevb.88.134101', 'year': '2013', 'author': ['R. Ravelo', 'T. C. Germann', 'O. Guerrero', 'Q. An', 'B. L. Holian']}}]"
234,"['pair_style eam/alloy\n', 'pair_coeff * * Ta2_Ravelo_2013.eam.alloy Ta\n']",['potential_LAMMPS/2013--Ravelo-R--Ta-2--LAMMPS--ipr1/Ta2_Ravelo_2013.eam.alloy'],NISTiprpy,2013--Ravelo-R--Ta-2--LAMMPS--ipr1,['Ta'],"[{'Ravelo_2013': {'title': 'Shock-induced plasticity in tantalum single crystals: Interatomic potentials and large-scale molecular-dynamics simulations', 'journal': 'Physical Review B', 'volume': '88', 'pages': '134101', 'number': '13', 'doi': '10.1103/physrevb.88.134101', 'publisher': 'American Physical Society (APS)', 'url': 'https://doi.org/10.1103%2Fphysrevb.88.134101', 'year': '2013', 'author': ['R. Ravelo', 'T. C. Germann', 'O. Guerrero', 'Q. An', 'B. L. Holian']}}]"
235,"['pair_style meam\n', 'pair_coeff * * library.meam Al V AlV.meam Al V\n']","['potential_LAMMPS/2013--Shim-J-H--V-Al--LAMMPS--ipr1/library.meam', 'potential_LAMMPS/2013--Shim-J-H--V-Al--LAMMPS--ipr1/AlV.meam']",NISTiprpy,2013--Shim-J-H--V-Al--LAMMPS--ipr1,"['Al', 'V']","[{'Shim_2013': {'title': 'Prediction of hydrogen permeability in V–Al and V–Ni alloys', 'journal': 'Journal of Membrane Science', 'volume': '430', 'pages': '234--241', 'doi': '10.1016/j.memsci.2012.12.019', 'publisher': 'Elsevier BV', 'url': 'https://doi.org/10.1016%2Fj.memsci.2012.12.019', 'year': '2013', 'author': ['Jae-Hyeok Shim', 'Won-Seok Ko', 'Ki-Hyun Kim', 'Heung-Soon Lee', 'Young-Su Lee', 'Jin-Yoo Suh', 'Young Whan Cho', 'Byeong-Joo Lee']}}]"
236,"['pair_style meam\n', 'pair_coeff * * library.meam Al V H AlVH.meam Al V H\n']","['potential_LAMMPS/2013--Shim-J-H--V-Al-H--LAMMPS--ipr1/library.meam', 'potential_LAMMPS/2013--Shim-J-H--V-Al-H--LAMMPS--ipr1/AlVH.meam']",NISTiprpy,2013--Shim-J-H--V-Al-H--LAMMPS--ipr1,"['Al', 'V', 'H']","[{'Shim_2013': {'title': 'Prediction of hydrogen permeability in V–Al and V–Ni alloys', 'journal': 'Journal of Membrane Science', 'volume': '430', 'pages': '234--241', 'doi': '10.1016/j.memsci.2012.12.019', 'publisher': 'Elsevier BV', 'url': 'https://doi.org/10.1016%2Fj.memsci.2012.12.019', 'year': '2013', 'author': ['Jae-Hyeok Shim', 'Won-Seok Ko', 'Ki-Hyun Kim', 'Heung-Soon Lee', 'Young-Su Lee', 'Jin-Yoo Suh', 'Young Whan Cho', 'Byeong-Joo Lee']}}]"
237,"['pair_style meam\n', 'pair_coeff * * library.meam Ni V NiV.meam Ni V\n']","['potential_LAMMPS/2013--Shim-J-H--V-Ni--LAMMPS--ipr1/library.meam', 'potential_LAMMPS/2013--Shim-J-H--V-Ni--LAMMPS--ipr1/NiV.meam']",NISTiprpy,2013--Shim-J-H--V-Ni--LAMMPS--ipr1,"['Ni', 'V']","[{'Shim_2013': {'title': 'Prediction of hydrogen permeability in V–Al and V–Ni alloys', 'journal': 'Journal of Membrane Science', 'volume': '430', 'pages': '234--241', 'doi': '10.1016/j.memsci.2012.12.019', 'publisher': 'Elsevier BV', 'url': 'https://doi.org/10.1016%2Fj.memsci.2012.12.019', 'year': '2013', 'author': ['Jae-Hyeok Shim', 'Won-Seok Ko', 'Ki-Hyun Kim', 'Heung-Soon Lee', 'Young-Su Lee', 'Jin-Yoo Suh', 'Young Whan Cho', 'Byeong-Joo Lee']}}]"
238,"['pair_style meam\n', 'pair_coeff * * library.meam Ni V H NiVH.meam Ni V H\n']","['potential_LAMMPS/2013--Shim-J-H--V-Ni-H--LAMMPS--ipr1/library.meam', 'potential_LAMMPS/2013--Shim-J-H--V-Ni-H--LAMMPS--ipr1/NiVH.meam']",NISTiprpy,2013--Shim-J-H--V-Ni-H--LAMMPS--ipr1,"['Ni', 'V', 'H']","[{'Shim_2013': {'title': 'Prediction of hydrogen permeability in V–Al and V–Ni alloys', 'journal': 'Journal of Membrane Science', 'volume': '430', 'pages': '234--241', 'doi': '10.1016/j.memsci.2012.12.019', 'publisher': 'Elsevier BV', 'url': 'https://doi.org/10.1016%2Fj.memsci.2012.12.019', 'year': '2013', 'author': ['Jae-Hyeok Shim', 'Won-Seok Ko', 'Ki-Hyun Kim', 'Heung-Soon Lee', 'Young-Su Lee', 'Jin-Yoo Suh', 'Young Whan Cho', 'Byeong-Joo Lee']}}]"
239,"['pair_style eam/alloy\n', 'pair_coeff * * U_Mo_Xe.2013.eam.alloy U Mo Xe\n']",['potential_LAMMPS/2013--Smirnova-D-E--U-Mo-Xe--LAMMPS--ipr2/U_Mo_Xe.2013.eam.alloy'],NISTiprpy,2013--Smirnova-D-E--U-Mo-Xe--LAMMPS--ipr2,"['U', 'Mo', 'Xe']","[{'Smirnova_2013': {'title': 'A ternary EAM interatomic potential for U-Mo alloys with xenon', 'journal': 'Modelling and Simulation in Materials Science and Engineering', 'volume': '21', 'pages': '035011', 'number': '3', 'doi': '10.1088/0965-0393/21/3/035011', 'publisher': 'IOP Publishing', 'url': 'https://doi.org/10.1088%2F0965-0393%2F21%2F3%2F035011', 'year': '2013', 'author': ['D E Smirnova', 'A Yu Kuksin', 'S V Starikov', 'V V Stegailov', 'Z Insepov', 'J Rest', 'A M Yacout']}}]"
240,"['pair_style bop\n', 'pair_coeff * * CdZnTe_v2.bop.table Cd Te Zn\n', 'comm_modify cutoff 14.7\n']",['potential_LAMMPS/2013--Ward-D-K--Cd-Te-Zn--LAMMPS--ipr1/CdZnTe_v2.bop.table'],NISTiprpy,2013--Ward-D-K--Cd-Te-Zn--LAMMPS--ipr1,"['Cd', 'Te', 'Zn']","[{'Ward_2013': {'title': 'A refined parameterization of the analytical Cd-Zn-Te bond-order potential', 'journal': 'Journal of Molecular Modeling', 'volume': '19', 'pages': '5469--5477', 'number': '12', 'doi': '10.1007/s00894-013-2004-8', 'publisher': 'Springer Nature', 'url': 'https://doi.org/10.1007%2Fs00894-013-2004-8', 'year': '2013', 'author': ['Donald K. Ward', 'Xiaowang Zhou', 'Bryan M. Wong', 'F. P. Doty']}}]"
241,"['pair_style sw\n', 'pair_coeff * * CdTeZnSeHgS0.sw Zn Cd Hg S Se Te\n']",['potential_LAMMPS/2013--Zhou-X-W--Zn-Cd-Hg-S-Se-Te--LAMMPS--ipr1/CdTeZnSeHgS0.sw'],NISTiprpy,2013--Zhou-X-W--Zn-Cd-Hg-S-Se-Te--LAMMPS--ipr1,"['Zn', 'Cd', 'Hg', 'S', 'Se', 'Te']","[{'Zhou_2013': {'title': 'Stillinger-Weber potential for the II-VI elements Zn-Cd-Hg-S-Se-Te', 'journal': 'Physical Review B', 'volume': '88', 'pages': '085309', 'number': '8', 'doi': '10.1103/physrevb.88.085309', 'publisher': 'American Physical Society (APS)', 'url': 'https://doi.org/10.1103%2Fphysrevb.88.085309', 'year': '2013', 'author': ['X. W. Zhou', 'D. K. Ward', 'J. E. Martin', 'F. B. van Swol', 'J. L. Cruz-Campa', 'D. Zubia']}}]"
242,"['pair_style eam/alloy\n', 'pair_coeff * * potential-WHHe-EAM1.eam.alloy W H He\n']",['potential_LAMMPS/2014--Bonny-G--W-H-He-1--LAMMPS--ipr1/potential-WHHe-EAM1.eam.alloy'],NISTiprpy,2014--Bonny-G--W-H-He-1--LAMMPS--ipr1,"['W', 'H', 'He']","[{'Bonny_2014': {'title': 'On the binding of nanometric hydrogen-helium clusters in tungsten', 'journal': 'Journal of Physics: Condensed Matter', 'volume': '26', 'pages': '485001', 'number': '48', 'doi': '10.1088/0953-8984/26/48/485001', 'publisher': 'IOP Publishing', 'url': 'https://doi.org/10.1088%2F0953-8984%2F26%2F48%2F485001', 'year': '2014', 'author': ['G Bonny', 'P Grigorev', 'D Terentyev']}}]"
243,"['pair_style eam/alloy\n', 'pair_coeff * * potential-WHHe-EAM2.eam.alloy W H He\n']",['potential_LAMMPS/2014--Bonny-G--W-H-He-2--LAMMPS--ipr1/potential-WHHe-EAM2.eam.alloy'],NISTiprpy,2014--Bonny-G--W-H-He-2--LAMMPS--ipr1,"['W', 'H', 'He']","[{'Bonny_2014': {'title': 'On the binding of nanometric hydrogen-helium clusters in tungsten', 'journal': 'Journal of Physics: Condensed Matter', 'volume': '26', 'pages': '485001', 'number': '48', 'doi': '10.1088/0953-8984/26/48/485001', 'publisher': 'IOP Publishing', 'url': 'https://doi.org/10.1088%2F0953-8984%2F26%2F48%2F485001', 'year': '2014', 'author': ['G Bonny', 'P Grigorev', 'D Terentyev']}}]"
244,"['pair_style meam\n', 'pair_coeff * * library-U.meam U U.meam U\n']","['potential_LAMMPS/2014--Fernandez-J-R--U--LAMMPS--ipr1/library-U.meam', 'potential_LAMMPS/2014--Fernandez-J-R--U--LAMMPS--ipr1/U.meam']",NISTiprpy,2014--Fernandez-J-R--U--LAMMPS--ipr1,['U'],"[{'Fern_ndez_2014': {'title': 'On the accurate description of uranium metallic phases: a MEAM interatomic potential approach', 'journal': 'Modelling and Simulation in Materials Science and Engineering', 'volume': '22', 'pages': '055019', 'number': '5', 'doi': '10.1088/0965-0393/22/5/055019', 'publisher': 'IOP Publishing', 'url': 'https://doi.org/10.1088%2F0965-0393%2F22%2F5%2F055019', 'year': '2014', 'author': ['J R Fernández', 'M I Pascuet']}}]"
245,"['pair_style meam\n', 'pair_coeff * * library.meam Si C SiC.meam Si C\n']","['potential_LAMMPS/2014--Kang-K-H--Si-C--LAMMPS--ipr1/library.meam', 'potential_LAMMPS/2014--Kang-K-H--Si-C--LAMMPS--ipr1/SiC.meam']",NISTiprpy,2014--Kang-K-H--Si-C--LAMMPS--ipr1,"['Si', 'C']","[{'Kang_2014': {'title': 'Governing factors for the formation of 4H or 6H-SiC polytype during SiC crystal growth: An atomistic computational approach', 'journal': 'Journal of Crystal Growth', 'volume': '389', 'pages': '120--133', 'doi': '10.1016/j.jcrysgro.2013.12.007', 'publisher': 'Elsevier BV', 'url': 'https://doi.org/10.1016%2Fj.jcrysgro.2013.12.007', 'year': '2014', 'author': ['Kyung-Han Kang', 'Taihee Eun', 'Myong-Chul Jun', 'Byeong-Joo Lee']}}]"
246,"['pair_style meam\n', 'pair_coeff * * library.meam Zr H ZrH.meam Zr H\n']","['potential_LAMMPS/2014--Lee-B-M--Zr-H--LAMMPS--ipr1/library.meam', 'potential_LAMMPS/2014--Lee-B-M--Zr-H--LAMMPS--ipr1/ZrH.meam']",NISTiprpy,2014--Lee-B-M--Zr-H--LAMMPS--ipr1,"['Zr', 'H']","[{'Lee_2014': {'title': 'A Comparative Study on Hydrogen Diffusion in Amorphous and Crystalline Metals Using a Molecular Dynamics Simulation', 'journal': 'Metallurgical and Materials Transactions A', 'volume': '45', 'pages': '2906--2915', 'number': '6', 'doi': '10.1007/s11661-014-2230-4', 'publisher': 'Springer Nature', 'url': 'https://doi.org/10.1007%2Fs11661-014-2230-4', 'year': '2014', 'author': ['Byeong-Moon Lee', 'Byeong-Joo Lee']}}]"
247,"['pair_style meam\n', 'pair_coeff * * library.meam Zr H ZrH.meam Zr H\n']","['potential_LAMMPS/2014--Lee-B-M--Zr-H--LAMMPS--ipr2/library.meam', 'potential_LAMMPS/2014--Lee-B-M--Zr-H--LAMMPS--ipr2/ZrH.meam']",NISTiprpy,2014--Lee-B-M--Zr-H--LAMMPS--ipr2,"['Zr', 'H']","[{'Lee_2014': {'title': 'A Comparative Study on Hydrogen Diffusion in Amorphous and Crystalline Metals Using a Molecular Dynamics Simulation', 'journal': 'Metallurgical and Materials Transactions A', 'volume': '45', 'pages': '2906--2915', 'number': '6', 'doi': '10.1007/s11661-014-2230-4', 'publisher': 'Springer Nature', 'url': 'https://doi.org/10.1007%2Fs11661-014-2230-4', 'year': '2014', 'author': ['Byeong-Moon Lee', 'Byeong-Joo Lee']}}]"
248,"['pair_style meam\n', 'pair_coeff * * Fe3C_library_Liyanage_2014.meam Fe C Fe3C_Liyanage_2014.meam Fe C\n']","['potential_LAMMPS/2014--Liyanage-L-S-I--Fe-C--LAMMPS--ipr2/Fe3C_library_Liyanage_2014.meam', 'potential_LAMMPS/2014--Liyanage-L-S-I--Fe-C--LAMMPS--ipr2/Fe3C_Liyanage_2014.meam']",NISTiprpy,2014--Liyanage-L-S-I--Fe-C--LAMMPS--ipr2,"['Fe', 'C']","[{'Liyanage_2014': {'title': 'Structural, elastic, and thermal properties of cementite (Fe3C) calculated using a modified embedded atom method', 'journal': 'Physical Review B', 'volume': '89', 'pages': '094102', 'number': '9', 'doi': '10.1103/physrevb.89.094102', 'publisher': 'American Physical Society (APS)', 'url': 'https://doi.org/10.1103%2Fphysrevb.89.094102', 'year': '2014', 'author': ['Laalitha S. I. Liyanage', 'Seong-Gon Kim', 'Jeff Houze', 'Sungho Kim', 'Mark A. Tschopp', 'M. I. Baskes', 'M. F. Horstemeyer']}}]"
249,"['pair_style meam\n', 'pair_coeff * * Nouranian_CH_library.meam C H Nouranian_CH.meam C H\n']","['potential_LAMMPS/2014--Nouranian-S--CH--ipr1/Nouranian_CH_library.meam', 'potential_LAMMPS/2014--Nouranian-S--CH--ipr1/Nouranian_CH.meam']",NISTiprpy,2014--Nouranian-S--CH--ipr1,"['C', 'H']","[{'Nouranian_2014': {'title': 'An interatomic potential for saturated hydrocarbons based on the modified embedded-atom method', 'journal': 'Physical Chemistry Chemical Physics', 'volume': '16', 'pages': '6233--6249', 'number': '13', 'doi': '10.1039/c4cp00027g', 'publisher': 'Royal Society of Chemistry (RSC)', 'url': 'https://doi.org/10.1039%2Fc4cp00027g', 'year': '2014', 'author': ['S. Nouranian', 'M. A. Tschopp', 'S. R. Gwaltney', 'M. I. Baskes', 'M. F. Horstemeyer']}}]"
250,"['pair_style bop\n', 'pair_coeff * * CdTeSe.bop.table Cd Te Se\n', 'comm_modify cutoff 14.7\n']",['potential_LAMMPS/2014--Zhou-X-W--Cd-Te-Se--LAMMPS--ipr1/CdTeSe.bop.table'],NISTiprpy,2014--Zhou-X-W--Cd-Te-Se--LAMMPS--ipr1,"['Cd', 'Te', 'Se']","[{'Zhou_2014': {'title': 'Analytical Bond-Order Potential for the Cd-Te-Se Ternary System', 'journal': 'The Journal of Physical Chemistry C', 'volume': '118', 'pages': '20661--20679', 'number': '35', 'doi': '10.1021/jp505915u', 'publisher': 'American Chemical Society (ACS)', 'url': 'https://doi.org/10.1021%2Fjp505915u', 'year': '2014', 'author': ['X. W. Zhou', 'M. E. Foster', 'F. B. van Swol', 'J. E. Martin', 'Bryan M. Wong']}}]"
251,"['pair_style meam\n', 'pair_coeff * * library.Cu.meam Cu Cu.meam Cu\n']","['potential_LAMMPS/2015--Asadi-E--Cu--LAMMPS--ipr1/library.Cu.meam', 'potential_LAMMPS/2015--Asadi-E--Cu--LAMMPS--ipr1/Cu.meam']",NISTiprpy,2015--Asadi-E--Cu--LAMMPS--ipr1,['Cu'],"[{'Asadi_2015': {'title': 'Two-phase solid-liquid coexistence of Ni, Cu, and Al by molecular dynamics simulations using the modified embedded-atom method', 'journal': 'Acta Materialia', 'volume': '86', 'pages': '169--181', 'doi': '10.1016/j.actamat.2014.12.010', 'publisher': 'Elsevier BV', 'url': 'https://doi.org/10.1016%2Fj.actamat.2014.12.010', 'year': '2015', 'author': ['Ebrahim Asadi', 'M. Asle Zaeem', 'Sasan Nouranian', 'Michael I. Baskes']}}]"
252,"['pair_style meam\n', 'pair_coeff * * library.Fe.meam Fe Fe.meam Fe\n']","['potential_LAMMPS/2015--Asadi-E--Fe--LAMMPS--ipr1/library.Fe.meam', 'potential_LAMMPS/2015--Asadi-E--Fe--LAMMPS--ipr1/Fe.meam']",NISTiprpy,2015--Asadi-E--Fe--LAMMPS--ipr1,['Fe'],"[{'Asadi_2015': {'title': 'Quantitative modeling of the equilibration of two-phase solid-liquid Fe by atomistic simulations on diffusive time scales', 'journal': 'Physical Review B', 'volume': '91', 'pages': '024105', 'number': '2', 'doi': '10.1103/physrevb.91.024105', 'publisher': 'American Physical Society (APS)', 'url': 'https://doi.org/10.1103%2Fphysrevb.91.024105', 'year': '2015', 'author': ['Ebrahim Asadi', 'M. Asle Zaeem', 'Sasan Nouranian', 'Michael I. Baskes']}}]"
253,"['pair_style meam\n', 'pair_coeff * * library.Ni.meam Ni Ni.meam Ni\n']","['potential_LAMMPS/2015--Asadi-E--Ni--LAMMPS--ipr1/library.Ni.meam', 'potential_LAMMPS/2015--Asadi-E--Ni--LAMMPS--ipr1/Ni.meam']",NISTiprpy,2015--Asadi-E--Ni--LAMMPS--ipr1,['Ni'],"[{'Asadi_2015': {'title': 'Two-phase solid-liquid coexistence of Ni, Cu, and Al by molecular dynamics simulations using the modified embedded-atom method', 'journal': 'Acta Materialia', 'volume': '86', 'pages': '169--181', 'doi': '10.1016/j.actamat.2014.12.010', 'publisher': 'Elsevier BV', 'url': 'https://doi.org/10.1016%2Fj.actamat.2014.12.010', 'year': '2015', 'author': ['Ebrahim Asadi', 'M. Asle Zaeem', 'Sasan Nouranian', 'Michael I. Baskes']}}]"
254,"['pair_style eam/fs\n', 'pair_coeff * * MCu1_MendelevM_2014.eam.fs Cu\n']",['potential_LAMMPS/2015--Borovikov-V--fictional-Cu-1--LAMMPS--ipr1/MCu1_MendelevM_2014.eam.fs'],NISTiprpy,2015--Borovikov-V--fictional-Cu-1--LAMMPS--ipr1,['Cu'],"[{'Borovikov_2015': {'title': 'Effect of stacking fault energy on mechanism of plastic deformation in nanotwinned FCC metals', 'journal': 'Modelling and Simulation in Materials Science and Engineering', 'volume': '23', 'pages': '055003', 'number': '5', 'doi': '10.1088/0965-0393/23/5/055003', 'publisher': 'IOP Publishing', 'url': 'https://doi.org/10.1088%2F0965-0393%2F23%2F5%2F055003', 'year': '2015', 'author': ['Valery Borovikov', 'Mikhail I Mendelev', 'Alexander H King', 'Richard LeSar']}}]"
255,"['pair_style eam/fs\n', 'pair_coeff * * MCu2_MendelevM_2014.eam.fs Cu\n']",['potential_LAMMPS/2015--Borovikov-V--fictional-Cu-2--LAMMPS--ipr1/MCu2_MendelevM_2014.eam.fs'],NISTiprpy,2015--Borovikov-V--fictional-Cu-2--LAMMPS--ipr1,['Cu'],"[{'Borovikov_2015': {'title': 'Effect of stacking fault energy on mechanism of plastic deformation in nanotwinned FCC metals', 'journal': 'Modelling and Simulation in Materials Science and Engineering', 'volume': '23', 'pages': '055003', 'number': '5', 'doi': '10.1088/0965-0393/23/5/055003', 'publisher': 'IOP Publishing', 'url': 'https://doi.org/10.1088%2F0965-0393%2F23%2F5%2F055003', 'year': '2015', 'author': ['Valery Borovikov', 'Mikhail I Mendelev', 'Alexander H King', 'Richard LeSar']}}]"
256,"['pair_style eam/fs\n', 'pair_coeff * * MCu3_MendelevM_2014.eam.fs Cu\n']",['potential_LAMMPS/2015--Borovikov-V--fictional-Cu-3--LAMMPS--ipr1/MCu3_MendelevM_2014.eam.fs'],NISTiprpy,2015--Borovikov-V--fictional-Cu-3--LAMMPS--ipr1,['Cu'],"[{'Borovikov_2015': {'title': 'Effect of stacking fault energy on mechanism of plastic deformation in nanotwinned FCC metals', 'journal': 'Modelling and Simulation in Materials Science and Engineering', 'volume': '23', 'pages': '055003', 'number': '5', 'doi': '10.1088/0965-0393/23/5/055003', 'publisher': 'IOP Publishing', 'url': 'https://doi.org/10.1088%2F0965-0393%2F23%2F5%2F055003', 'year': '2015', 'author': ['Valery Borovikov', 'Mikhail I Mendelev', 'Alexander H King', 'Richard LeSar']}}]"
257,"['pair_style eam/fs\n', 'pair_coeff * * MCu4_MendelevM_2014.eam.fs Cu\n']",['potential_LAMMPS/2015--Borovikov-V--fictional-Cu-4--LAMMPS--ipr1/MCu4_MendelevM_2014.eam.fs'],NISTiprpy,2015--Borovikov-V--fictional-Cu-4--LAMMPS--ipr1,['Cu'],"[{'Borovikov_2015': {'title': 'Effect of stacking fault energy on mechanism of plastic deformation in nanotwinned FCC metals', 'journal': 'Modelling and Simulation in Materials Science and Engineering', 'volume': '23', 'pages': '055003', 'number': '5', 'doi': '10.1088/0965-0393/23/5/055003', 'publisher': 'IOP Publishing', 'url': 'https://doi.org/10.1088%2F0965-0393%2F23%2F5%2F055003', 'year': '2015', 'author': ['Valery Borovikov', 'Mikhail I Mendelev', 'Alexander H King', 'Richard LeSar']}}]"
258,"['pair_style eam/fs\n', 'pair_coeff * * MCu5_MendelevM_2014.eam.fs Cu\n']",['potential_LAMMPS/2015--Borovikov-V--fictional-Cu-5--LAMMPS--ipr1/MCu5_MendelevM_2014.eam.fs'],NISTiprpy,2015--Borovikov-V--fictional-Cu-5--LAMMPS--ipr1,['Cu'],"[{'Borovikov_2015': {'title': 'Effect of stacking fault energy on mechanism of plastic deformation in nanotwinned FCC metals', 'journal': 'Modelling and Simulation in Materials Science and Engineering', 'volume': '23', 'pages': '055003', 'number': '5', 'doi': '10.1088/0965-0393/23/5/055003', 'publisher': 'IOP Publishing', 'url': 'https://doi.org/10.1088%2F0965-0393%2F23%2F5%2F055003', 'year': '2015', 'author': ['Valery Borovikov', 'Mikhail I Mendelev', 'Alexander H King', 'Richard LeSar']}}]"
259,"['pair_style eam/fs\n', 'pair_coeff * * MCu6_MendelevM_2014.eam.fs Cu\n']",['potential_LAMMPS/2015--Borovikov-V--fictional-Cu-6--LAMMPS--ipr1/MCu6_MendelevM_2014.eam.fs'],NISTiprpy,2015--Borovikov-V--fictional-Cu-6--LAMMPS--ipr1,['Cu'],"[{'Borovikov_2015': {'title': 'Effect of stacking fault energy on mechanism of plastic deformation in nanotwinned FCC metals', 'journal': 'Modelling and Simulation in Materials Science and Engineering', 'volume': '23', 'pages': '055003', 'number': '5', 'doi': '10.1088/0965-0393/23/5/055003', 'publisher': 'IOP Publishing', 'url': 'https://doi.org/10.1088%2F0965-0393%2F23%2F5%2F055003', 'year': '2015', 'author': ['Valery Borovikov', 'Mikhail I Mendelev', 'Alexander H King', 'Richard LeSar']}}]"
260,"['pair_style eam/fs\n', 'pair_coeff * * MCu7_MendelevM_2014.eam.fs Cu\n']",['potential_LAMMPS/2015--Borovikov-V--fictional-Cu-7--LAMMPS--ipr1/MCu7_MendelevM_2014.eam.fs'],NISTiprpy,2015--Borovikov-V--fictional-Cu-7--LAMMPS--ipr1,['Cu'],"[{'Borovikov_2015': {'title': 'Effect of stacking fault energy on mechanism of plastic deformation in nanotwinned FCC metals', 'journal': 'Modelling and Simulation in Materials Science and Engineering', 'volume': '23', 'pages': '055003', 'number': '5', 'doi': '10.1088/0965-0393/23/5/055003', 'publisher': 'IOP Publishing', 'url': 'https://doi.org/10.1088%2F0965-0393%2F23%2F5%2F055003', 'year': '2015', 'author': ['Valery Borovikov', 'Mikhail I Mendelev', 'Alexander H King', 'Richard LeSar']}}]"
261,"['pair_style reax/c NULL\n', 'pair_coeff * * ffield_Ce-O Ce O\n', 'fix qeq_fix all qeq/reax 1 0.0 10.0 1e-06 reax/c\n']",['potential_LAMMPS/2015--Broqvist-P--Ce-O--LAMMPS--ipr2/ffield_Ce-O'],NISTiprpy,2015--Broqvist-P--Ce-O--LAMMPS--ipr2,"['Ce', 'O']","[{'Broqvist_2015': {'title': 'ReaxFF Force-Field for Ceria Bulk, Surfaces, and Nanoparticles', 'journal': 'The Journal of Physical Chemistry C', 'volume': '119', 'pages': '13598--13609', 'number': '24', 'doi': '10.1021/acs.jpcc.5b01597', 'publisher': 'American Chemical Society (ACS)', 'url': 'https://doi.org/10.1021%2Facs.jpcc.5b01597', 'year': '2015', 'author': ['Peter Broqvist', 'Jolla Kullgren', 'Matthew J. Wolf', 'Adri C. T. van Duin', 'Kersti Hermansson']}}]"
262,"['pair_style comb3 polar_off\n', 'pair_coeff * * ffield.comb3.NiAlO Al\n', 'fix qeq all qeq/comb 10 0.0001\n']",['potential_LAMMPS/2015--Choudhary-K--Al--LAMMPS--ipr1/ffield.comb3.NiAlO'],NISTiprpy,2015--Choudhary-K--Al--LAMMPS--ipr1,['Al'],"[{'Choudhary_2014': {'title': 'Charge optimized many-body potential for aluminum', 'journal': 'Journal of Physics: Condensed Matter', 'volume': '27', 'pages': '015003', 'number': '1', 'doi': '10.1088/0953-8984/27/1/015003', 'publisher': 'IOP Publishing', 'url': 'https://doi.org/10.1088%2F0953-8984%2F27%2F1%2F015003', 'year': '2015', 'author': ['Kamal Choudhary', 'Tao Liang', 'Aleksandr Chernatynskiy', 'Zizhe Lu', 'Anuj Goyal', 'Simon R Phillpot', 'Susan B Sinnott']}}]"
263,"['pair_style comb3 polar_off\n', 'pair_coeff * * ffield.comb3.NiAlO Al O\n', 'fix qeq all qeq/comb 10 0.0001\n']",['potential_LAMMPS/2015--Choudhary-K--Al-O--LAMMPS--ipr1/ffield.comb3.NiAlO'],NISTiprpy,2015--Choudhary-K--Al-O--LAMMPS--ipr1,"['Al', 'O']","[{'Choudhary_2015': {'title': 'Charge optimized many-body (COMB) potential for Al<sub>2</sub>O<sub>3</sub> materials, interfaces, and nanostructures', 'journal': 'Journal of Physics: Condensed Matter', 'volume': '27', 'pages': '305004', 'number': '30', 'doi': '10.1088/0953-8984/27/30/305004', 'publisher': 'IOP Publishing', 'url': 'https://doi.org/10.1088%2F0953-8984%2F27%2F30%2F305004', 'year': '2015', 'author': ['Kamal Choudhary', 'Tao Liang', 'Aleksandr Chernatynskiy', 'Simon R Phillpot', 'Susan B Sinnott']}}]"
264,"['pair_style hybrid/overlay eam/alloy eam/fs\n', 'pair_coeff * * eam/alloy Fe_Cr_Eich_2015_TBM_lammps.eam.alloy Fe Cr\n', 'pair_coeff * * eam/fs Fe_Cr_Eich_2015_TBM_lammps.eam.fs Fe Cr\n']","['potential_LAMMPS/2015--Eich-S-M--Fe-Cr--LAMMPS--ipr1/Fe_Cr_Eich_2015_TBM_lammps.eam.alloy', 'potential_LAMMPS/2015--Eich-S-M--Fe-Cr--LAMMPS--ipr1/Fe_Cr_Eich_2015_TBM_lammps.eam.fs']",NISTiprpy,2015--Eich-S-M--Fe-Cr--LAMMPS--ipr1,"['Fe', 'Cr']","[{'Eich_2015': {'title': 'Embedded-atom potential for an accurate thermodynamic description of the iron-chromium system', 'journal': 'Computational Materials Science', 'volume': '104', 'pages': '185--192', 'doi': '10.1016/j.commatsci.2015.03.047', 'publisher': 'Elsevier BV', 'url': 'https://doi.org/10.1016%2Fj.commatsci.2015.03.047', 'year': '2015', 'author': ['S.M. Eich', 'D. Beinke', 'G. Schmitz']}}]"
265,"['pair_style reax/c NULL\n', 'pair_coeff * * ffield_LiS_PCCP2015.txt Li S\n', 'fix qeq_fix all qeq/reax 1 0.0 10.0 1e-06 reax/c\n']",['potential_LAMMPS/2015--Islam-M-M--Li-S--LAMMPS--ipr1/ffield_LiS_PCCP2015.txt'],NISTiprpy,2015--Islam-M-M--Li-S--LAMMPS--ipr1,"['Li', 'S']","[{'Islam_2015': {'title': 'ReaxFF molecular dynamics simulations on lithiated sulfur cathode materials', 'journal': 'Physical Chemistry Chemical Physics', 'volume': '17', 'pages': '3383--3393', 'number': '5', 'doi': '10.1039/c4cp04532g', 'publisher': 'Royal Society of Chemistry (RSC)', 'url': 'https://doi.org/10.1039%2Fc4cp04532g', 'year': '2015', 'author': ['Md Mahbubul Islam', 'Alireza Ostadhossein', 'Oleg Borodin', 'A. Todd Yeates', 'William W. Tipton', 'Richard G. Hennig', 'Nitin Kumar', 'Adri C. T. van Duin']}}]"
266,"['pair_style meam\n', 'pair_coeff * * library.meam Ca Ca.meam Ca\n']","['potential_LAMMPS/2015--Kim-K-H--Ca--LAMMPS--ipr1/library.meam', 'potential_LAMMPS/2015--Kim-K-H--Ca--LAMMPS--ipr1/Ca.meam']",NISTiprpy,2015--Kim-K-H--Ca--LAMMPS--ipr1,['Ca'],"[{'Kim_2015': {'title': 'Modified embedded-atom method interatomic potentials for Mg-X (X=Y, Sn, Ca) binary systems', 'journal': 'Calphad', 'volume': '48', 'pages': '27--34', 'doi': '10.1016/j.calphad.2014.10.001', 'publisher': 'Elsevier BV', 'url': 'https://doi.org/10.1016%2Fj.calphad.2014.10.001', 'year': '2015', 'author': ['Ki-Hyun Kim', 'Jong Bae Jeon', 'Byeong-Joo Lee']}}]"
267,"['pair_style meam\n', 'pair_coeff * * library.meam Ca Mg CaMg.meam Ca Mg\n']","['potential_LAMMPS/2015--Kim-K-H--Mg-Ca--LAMMPS--ipr1/library.meam', 'potential_LAMMPS/2015--Kim-K-H--Mg-Ca--LAMMPS--ipr1/CaMg.meam']",NISTiprpy,2015--Kim-K-H--Mg-Ca--LAMMPS--ipr1,"['Ca', 'Mg']","[{'Kim_2015': {'title': 'Modified embedded-atom method interatomic potentials for Mg-X (X=Y, Sn, Ca) binary systems', 'journal': 'Calphad', 'volume': '48', 'pages': '27--34', 'doi': '10.1016/j.calphad.2014.10.001', 'publisher': 'Elsevier BV', 'url': 'https://doi.org/10.1016%2Fj.calphad.2014.10.001', 'year': '2015', 'author': ['Ki-Hyun Kim', 'Jong Bae Jeon', 'Byeong-Joo Lee']}}]"
268,"['pair_style meam\n', 'pair_coeff * * library.meam Mg Sn MgSn.meam Mg Sn\n']","['potential_LAMMPS/2015--Kim-K-H--Mg-Sn--LAMMPS--ipr1/library.meam', 'potential_LAMMPS/2015--Kim-K-H--Mg-Sn--LAMMPS--ipr1/MgSn.meam']",NISTiprpy,2015--Kim-K-H--Mg-Sn--LAMMPS--ipr1,"['Mg', 'Sn']","[{'Kim_2015': {'title': 'Modified embedded-atom method interatomic potentials for Mg-X (X=Y, Sn, Ca) binary systems', 'journal': 'Calphad', 'volume': '48', 'pages': '27--34', 'doi': '10.1016/j.calphad.2014.10.001', 'publisher': 'Elsevier BV', 'url': 'https://doi.org/10.1016%2Fj.calphad.2014.10.001', 'year': '2015', 'author': ['Ki-Hyun Kim', 'Jong Bae Jeon', 'Byeong-Joo Lee']}}]"
269,"['pair_style meam\n', 'pair_coeff * * library.meam Mg Y MgY.meam Mg Y\n']","['potential_LAMMPS/2015--Kim-K-H--Mg-Y--LAMMPS--ipr1/library.meam', 'potential_LAMMPS/2015--Kim-K-H--Mg-Y--LAMMPS--ipr1/MgY.meam']",NISTiprpy,2015--Kim-K-H--Mg-Y--LAMMPS--ipr1,"['Mg', 'Y']","[{'Kim_2015': {'title': 'Modified embedded-atom method interatomic potentials for Mg-X (X=Y, Sn, Ca) binary systems', 'journal': 'Calphad', 'volume': '48', 'pages': '27--34', 'doi': '10.1016/j.calphad.2014.10.001', 'publisher': 'Elsevier BV', 'url': 'https://doi.org/10.1016%2Fj.calphad.2014.10.001', 'year': '2015', 'author': ['Ki-Hyun Kim', 'Jong Bae Jeon', 'Byeong-Joo Lee']}}]"
270,"['pair_style meam\n', 'pair_coeff * * library.meam Ni Al Co NiAlCo.meam Ni Al Co\n']","['potential_LAMMPS/2015--Kim-Y-K--Ni-Al-Co--LAMMPS--ipr1/library.meam', 'potential_LAMMPS/2015--Kim-Y-K--Ni-Al-Co--LAMMPS--ipr1/NiAlCo.meam']",NISTiprpy,2015--Kim-Y-K--Ni-Al-Co--LAMMPS--ipr1,"['Ni', 'Al', 'Co']","[{'Kim_2015': {'title': 'Modified embedded-atom method interatomic potentials for the Ni-Co binary and the Ni-Al-Co ternary systems', 'journal': 'Modelling and Simulation in Materials Science and Engineering', 'volume': '23', 'pages': '055004', 'number': '5', 'doi': '10.1088/0965-0393/23/5/055004', 'publisher': 'IOP Publishing', 'url': 'https://doi.org/10.1088%2F0965-0393%2F23%2F5%2F055004', 'year': '2015', 'author': ['Young-Kwang Kim', 'Woo-Sang Jung', 'Byeong-Joo Lee']}}]"
271,"['pair_style meam\n', 'pair_coeff * * library.meam Ni Co NiCo.meam Ni Co\n']","['potential_LAMMPS/2015--Kim-Y-K--Ni-Co--LAMMPS--ipr1/library.meam', 'potential_LAMMPS/2015--Kim-Y-K--Ni-Co--LAMMPS--ipr1/NiCo.meam']",NISTiprpy,2015--Kim-Y-K--Ni-Co--LAMMPS--ipr1,"['Ni', 'Co']","[{'Kim_2015': {'title': 'Modified embedded-atom method interatomic potentials for the Ni-Co binary and the Ni-Al-Co ternary systems', 'journal': 'Modelling and Simulation in Materials Science and Engineering', 'volume': '23', 'pages': '055004', 'number': '5', 'doi': '10.1088/0965-0393/23/5/055004', 'publisher': 'IOP Publishing', 'url': 'https://doi.org/10.1088%2F0965-0393%2F23%2F5%2F055004', 'year': '2015', 'author': ['Young-Kwang Kim', 'Woo-Sang Jung', 'Byeong-Joo Lee']}}]"
272,"['pair_style meam\n', 'pair_coeff * * library.meam Ni Ti NiTi.meam Ni Ti\n']","['potential_LAMMPS/2015--Ko-W-S--Ni-Ti--LAMMPS--ipr2/library.meam', 'potential_LAMMPS/2015--Ko-W-S--Ni-Ti--LAMMPS--ipr2/NiTi.meam']",NISTiprpy,2015--Ko-W-S--Ni-Ti--LAMMPS--ipr2,"['Ni', 'Ti']","[{'Ko_2015': {'title': 'Development and application of a Ni-Ti interatomic potential with high predictive accuracy of the martensitic phase transition', 'journal': 'Physical Review B', 'volume': '92', 'pages': '134107', 'number': '13', 'doi': '10.1103/physrevb.92.134107', 'publisher': 'American Physical Society (APS)', 'url': 'https://doi.org/10.1103%2Fphysrevb.92.134107', 'year': '2015', 'author': ['Won-Seok Ko', 'Blazej Grabowski', 'Jörg Neugebauer']}}]"
273,"['pair_style comb3 polar_off\n', 'pair_coeff * * ffield.comb3.NiAlO Al Ni\n', 'fix qeq all qeq/comb 10 0.0001\n']",['potential_LAMMPS/2015--Kumar-A--Al-Ni--LAMMPS--ipr1/ffield.comb3.NiAlO'],NISTiprpy,2015--Kumar-A--Al-Ni--LAMMPS--ipr1,"['Al', 'Ni']","[{'Kumar_2015': {'title': 'Charge optimized many-body (COMB) potential for dynamical simulation of Ni-Al phases', 'journal': 'Journal of Physics: Condensed Matter', 'volume': '27', 'pages': '336302', 'number': '33', 'doi': '10.1088/0953-8984/27/33/336302', 'publisher': 'IOP Publishing', 'url': 'https://doi.org/10.1088%2F0953-8984%2F27%2F33%2F336302', 'year': '2015', 'author': ['Aakash Kumar', 'Aleksandr Chernatynskiy', 'Tao Liang', 'Kamal Choudhary', 'Mark J Noordhoek', 'Yu-Ting Cheng', 'Simon R Phillpot', 'Susan B Sinnott']}}]"
274,"['pair_style comb3 polar_off\n', 'pair_coeff * * ffield.comb3.NiAlO Al Ni O\n', 'fix qeq all qeq/comb 10 0.0001\n']",['potential_LAMMPS/2015--Kumar-A--Al-Ni-O--LAMMPS--ipr1/ffield.comb3.NiAlO'],NISTiprpy,2015--Kumar-A--Al-Ni-O--LAMMPS--ipr1,"['Al', 'Ni', 'O']","[{'Kumar_2015': {'title': 'Charge optimized many-body (COMB) potential for dynamical simulation of Ni-Al phases', 'journal': 'Journal of Physics: Condensed Matter', 'volume': '27', 'pages': '336302', 'number': '33', 'doi': '10.1088/0953-8984/27/33/336302', 'publisher': 'IOP Publishing', 'url': 'https://doi.org/10.1088%2F0953-8984%2F27%2F33%2F336302', 'year': '2015', 'author': ['Aakash Kumar', 'Aleksandr Chernatynskiy', 'Tao Liang', 'Kamal Choudhary', 'Mark J Noordhoek', 'Yu-Ting Cheng', 'Simon R Phillpot', 'Susan B Sinnott']}}]"
275,"['pair_style eam/fs\n', 'pair_coeff * * Al90Sm10_MendelevM_2014.eam.fs Al Sm\n']",['potential_LAMMPS/2015--Mendelev-M-I--Al-Sm--LAMMPS--ipr1/Al90Sm10_MendelevM_2014.eam.fs'],NISTiprpy,2015--Mendelev-M-I--Al-Sm--LAMMPS--ipr1,"['Al', 'Sm']","[{'Mendelev_2015': {'title': 'Development of interatomic potentials appropriate for simulation of devitrification of Al90Sm10alloy', 'journal': 'Modelling and Simulation in Materials Science and Engineering', 'volume': '23', 'pages': '045013', 'number': '4', 'doi': '10.1088/0965-0393/23/4/045013', 'publisher': 'IOP Publishing', 'url': 'https://doi.org/10.1088%2F0965-0393%2F23%2F4%2F045013', 'year': '2015', 'author': ['M I Mendelev', 'F Zhang', 'Z Ye', 'Y Sun', 'M C Nguyen', 'S R Wilson', 'C Z Wang', 'K M Ho']}}]"
276,"['pair_style meam\n', 'pair_coeff * * library-Al.meam Al Al.meam Al\n']","['potential_LAMMPS/2015--Pascuet-M-I--Al--LAMMPS--ipr1/library-Al.meam', 'potential_LAMMPS/2015--Pascuet-M-I--Al--LAMMPS--ipr1/Al.meam']",NISTiprpy,2015--Pascuet-M-I--Al--LAMMPS--ipr1,['Al'],"[{'Pascuet_2015': {'title': 'Atomic interaction of the MEAM type for the study of intermetallics in the Al-U alloy', 'journal': 'Journal of Nuclear Materials', 'volume': '467', 'pages': '229--239', 'doi': '10.1016/j.jnucmat.2015.09.030', 'publisher': 'Elsevier BV', 'url': 'https://doi.org/10.1016%2Fj.jnucmat.2015.09.030', 'year': '2015', 'author': ['M.I. Pascuet', 'J.R. Fernández']}}]"
277,"['pair_style meam\n', 'pair_coeff * * library.meam Al U AlU.meam Al U\n']","['potential_LAMMPS/2015--Pascuet-M-I--Al-U--LAMMPS--ipr2/library.meam', 'potential_LAMMPS/2015--Pascuet-M-I--Al-U--LAMMPS--ipr2/AlU.meam']",NISTiprpy,2015--Pascuet-M-I--Al-U--LAMMPS--ipr2,"['Al', 'U']","[{'Pascuet_2015': {'title': 'Atomic interaction of the MEAM type for the study of intermetallics in the Al-U alloy', 'journal': 'Journal of Nuclear Materials', 'volume': '467', 'pages': '229--239', 'doi': '10.1016/j.jnucmat.2015.09.030', 'publisher': 'Elsevier BV', 'url': 'https://doi.org/10.1016%2Fj.jnucmat.2015.09.030', 'year': '2015', 'author': ['M.I. Pascuet', 'J.R. Fernández']}}]"
278,"['pair_style eam/alloy\n', 'pair_coeff * * Mishin_updated-Al-Co-2013.eam.alloy Al Co\n']",['potential_LAMMPS/2015--Purja-Pun-G-P--Al-Co--LAMMPS--ipr2/Mishin_updated-Al-Co-2013.eam.alloy'],NISTiprpy,2015--Purja-Pun-G-P--Al-Co--LAMMPS--ipr2,"['Al', 'Co']","[{'Purja_Pun_2015': {'title': 'Interatomic potential for the ternary Ni–Al–Co system and application to atomistic modeling of the B2–L10 martensitic transformation', 'journal': 'Modelling and Simulation in Materials Science and Engineering', 'volume': '23', 'pages': '065006', 'number': '6', 'doi': '10.1088/0965-0393/23/6/065006', 'publisher': 'IOP Publishing', 'url': 'https://doi.org/10.1088%2F0965-0393%2F23%2F6%2F065006', 'year': '2015', 'author': ['G. P. Purja Pun', 'V. Yamakov', 'Y. Mishin']}}]"
279,"['pair_style adp\n', 'pair_coeff * * CuTa_LJ15_2014.adp.txt Cu Ta\n']",['potential_LAMMPS/2015--Purja-Pun-G-P--Cu-Ta--LAMMPS--ipr2/CuTa_LJ15_2014.adp.txt'],NISTiprpy,2015--Purja-Pun-G-P--Cu-Ta--LAMMPS--ipr2,"['Cu', 'Ta']","[{'Purja_Pun_2015': {'title': 'Angular-dependent interatomic potential for the Cu-Ta system and its application to structural stability of nano-crystalline alloys', 'journal': 'Acta Materialia', 'volume': '100', 'pages': '377--391', 'doi': '10.1016/j.actamat.2015.08.052', 'publisher': 'Elsevier BV', 'url': 'https://doi.org/10.1016%2Fj.actamat.2015.08.052', 'year': '2015', 'author': ['G.P. Purja Pun', 'K.A. Darling', 'L.J. Kecskes', 'Y. Mishin']}}]"
280,"['pair_style eam/alloy\n', 'pair_coeff * * Mishin_updated-Ni-Al-Co-2013.eam.alloy Ni Al Co\n']",['potential_LAMMPS/2015--Purja-Pun-G-P--Ni-Al-Co--LAMMPS--ipr2/Mishin_updated-Ni-Al-Co-2013.eam.alloy'],NISTiprpy,2015--Purja-Pun-G-P--Ni-Al-Co--LAMMPS--ipr2,"['Ni', 'Al', 'Co']","[{'Purja_Pun_2015': {'title': 'Interatomic potential for the ternary Ni–Al–Co system and application to atomistic modeling of the B2–L10 martensitic transformation', 'journal': 'Modelling and Simulation in Materials Science and Engineering', 'volume': '23', 'pages': '065006', 'number': '6', 'doi': '10.1088/0965-0393/23/6/065006', 'publisher': 'IOP Publishing', 'url': 'https://doi.org/10.1088%2F0965-0393%2F23%2F6%2F065006', 'year': '2015', 'author': ['G. P. Purja Pun', 'V. Yamakov', 'Y. Mishin']}}]"
281,"['pair_style eam/alloy\n', 'pair_coeff * * Mishin_updated-Ni-Co-2013.eam.alloy Ni Co\n']",['potential_LAMMPS/2015--Purja-Pun-G-P--Ni-Co--LAMMPS--ipr2/Mishin_updated-Ni-Co-2013.eam.alloy'],NISTiprpy,2015--Purja-Pun-G-P--Ni-Co--LAMMPS--ipr2,"['Ni', 'Co']","[{'Purja_Pun_2015': {'title': 'Interatomic potential for the ternary Ni–Al–Co system and application to atomistic modeling of the B2–L10 martensitic transformation', 'journal': 'Modelling and Simulation in Materials Science and Engineering', 'volume': '23', 'pages': '065006', 'number': '6', 'doi': '10.1088/0965-0393/23/6/065006', 'publisher': 'IOP Publishing', 'url': 'https://doi.org/10.1088%2F0965-0393%2F23%2F6%2F065006', 'year': '2015', 'author': ['G. P. Purja Pun', 'V. Yamakov', 'Y. Mishin']}}]"
282,"['pair_style adp\n', 'pair_coeff * * Ta.adp.txt Ta\n']",['potential_LAMMPS/2015--Purja-Pun-G-P--Ta--LAMMPS--ipr1/Ta.adp.txt'],NISTiprpy,2015--Purja-Pun-G-P--Ta--LAMMPS--ipr1,['Ta'],"[{'Purja_Pun_2015': {'title': 'Angular-dependent interatomic potential for the Cu-Ta system and its application to structural stability of nano-crystalline alloys', 'journal': 'Acta Materialia', 'volume': '100', 'pages': '377--391', 'doi': '10.1016/j.actamat.2015.08.052', 'publisher': 'Elsevier BV', 'url': 'https://doi.org/10.1016%2Fj.actamat.2015.08.052', 'year': '2015', 'author': ['G.P. Purja Pun', 'K.A. Darling', 'L.J. Kecskes', 'Y. Mishin']}}]"
283,"['pair_style hybrid/overlay zbl 4 4.8 snap\n', 'pair_coeff * * zbl 73 73\n', 'pair_coeff * * snap Ta06A.snapcoeff Ta Ta06A.snapparam Ta\n']","['potential_LAMMPS/2015--Thompson-A-P--Ta--LAMMPS--ipr1/Ta06A.snapcoeff', 'potential_LAMMPS/2015--Thompson-A-P--Ta--LAMMPS--ipr1/Ta06A.snapparam']",NISTiprpy,2015--Thompson-A-P--Ta--LAMMPS--ipr1,['Ta'],"[{'Thompson_2015': {'title': 'Spectral neighbor analysis method for automated generation of quantum-accurate interatomic potentials', 'journal': 'Journal of Computational Physics', 'volume': '285', 'pages': '316--330', 'doi': '10.1016/j.jcp.2014.12.018', 'publisher': 'Elsevier BV', 'url': 'https://doi.org/10.1016%2Fj.jcp.2014.12.018', 'year': '2015', 'author': ['A.P. Thompson', 'L.P. Swiler', 'C.R. Trott', 'S.M. Foiles', 'G.J. Tucker']}}]"
284,"['pair_style hybrid/overlay zbl 4 4.8 snap\n', 'pair_coeff * * zbl 73 73\n', 'pair_coeff * * snap Ta06A.snapcoeff Ta06A.snapparam Ta\n']","['potential_LAMMPS/2015--Thompson-A-P--Ta--LAMMPS--ipr2/Ta06A.snapcoeff', 'potential_LAMMPS/2015--Thompson-A-P--Ta--LAMMPS--ipr2/Ta06A.snapparam']",NISTiprpy,2015--Thompson-A-P--Ta--LAMMPS--ipr2,['Ta'],"[{'Thompson_2015': {'title': 'Spectral neighbor analysis method for automated generation of quantum-accurate interatomic potentials', 'journal': 'Journal of Computational Physics', 'volume': '285', 'pages': '316--330', 'doi': '10.1016/j.jcp.2014.12.018', 'publisher': 'Elsevier BV', 'url': 'https://doi.org/10.1016%2Fj.jcp.2014.12.018', 'year': '2015', 'author': ['A.P. Thompson', 'L.P. Swiler', 'C.R. Trott', 'S.M. Foiles', 'G.J. Tucker']}}]"
285,"['pair_style hybrid/overlay zbl 4 4.8 snap\n', 'pair_coeff * * zbl 73 73\n', 'pair_coeff * * snap Ta06A.snapcoeff Ta06A.snapparam Ta\n']","['potential_LAMMPS/2015--Thompson-A-P--Ta--LAMMPS--ipr3/Ta06A.snapcoeff', 'potential_LAMMPS/2015--Thompson-A-P--Ta--LAMMPS--ipr3/Ta06A.snapparam']",NISTiprpy,2015--Thompson-A-P--Ta--LAMMPS--ipr3,['Ta'],"[{'Thompson_2015': {'title': 'Spectral neighbor analysis method for automated generation of quantum-accurate interatomic potentials', 'journal': 'Journal of Computational Physics', 'volume': '285', 'pages': '316--330', 'doi': '10.1016/j.jcp.2014.12.018', 'publisher': 'Elsevier BV', 'url': 'https://doi.org/10.1016%2Fj.jcp.2014.12.018', 'year': '2015', 'author': ['A.P. Thompson', 'L.P. Swiler', 'C.R. Trott', 'S.M. Foiles', 'G.J. Tucker']}}]"
286,"['pair_style eam/fs\n', 'pair_coeff * * Na_MendelevM_2014.eam.fs Na\n']",['potential_LAMMPS/2015--Wilson-S-R--Na--LAMMPS--ipr1/Na_MendelevM_2014.eam.fs'],NISTiprpy,2015--Wilson-S-R--Na--LAMMPS--ipr1,['Na'],"[{'Wilson_2015': {'title': 'Solid-liquid interface free energies of pure bcc metals and B2 phases', 'journal': 'The Journal of Chemical Physics', 'volume': '142', 'pages': '134705', 'number': '13', 'doi': '10.1063/1.4916741', 'publisher': 'AIP Publishing', 'url': 'https://doi.org/10.1063%2F1.4916741', 'year': '2015', 'author': ['S. R. Wilson', 'K. G. S. H. Gunawardana', 'M. I. Mendelev']}}]"
287,"['pair_style eam/fs\n', 'pair_coeff * * Ni-Zr_Mendelev_2014.eam.fs Ni Zr\n']",['potential_LAMMPS/2015--Wilson-S-R--Ni-Zr--LAMMPS--ipr1/Ni-Zr_Mendelev_2014.eam.fs'],NISTiprpy,2015--Wilson-S-R--Ni-Zr--LAMMPS--ipr1,"['Ni', 'Zr']","[{'Wilson_2015': {'title': 'Anisotropy of the solid-liquid interface properties of the Ni-Zr B33 phase from molecular dynamics simulation', 'journal': 'Philosophical Magazine', 'volume': '95', 'pages': '224--241', 'number': '2', 'doi': '10.1080/14786435.2014.995742', 'publisher': 'Informa UK Limited', 'url': 'https://doi.org/10.1080%2F14786435.2014.995742', 'year': '2015', 'author': ['S.R. Wilson', 'M.I. Mendelev']}}]"
288,"['pair_style eam/fs\n', 'pair_coeff * * FictionalNa2_MendelevM_2015.eam.fs Na\n']",['potential_LAMMPS/2015--Wilson-S-R--fictional-Na-2--LAMMPS--ipr1/FictionalNa2_MendelevM_2015.eam.fs'],NISTiprpy,2015--Wilson-S-R--fictional-Na-2--LAMMPS--ipr1,['Na'],"[{'Wilson_2015': {'title': 'Solid-liquid interface free energies of pure bcc metals and B2 phases', 'journal': 'The Journal of Chemical Physics', 'volume': '142', 'pages': '134705', 'number': '13', 'doi': '10.1063/1.4916741', 'publisher': 'AIP Publishing', 'url': 'https://doi.org/10.1063%2F1.4916741', 'year': '2015', 'author': ['S. R. Wilson', 'K. G. S. H. Gunawardana', 'M. I. Mendelev']}}]"
289,"['pair_style eam/fs\n', 'pair_coeff * * FictionalNa3_MendelevM_2015.eam.fs Na\n']",['potential_LAMMPS/2015--Wilson-S-R--fictional-Na-3--LAMMPS--ipr1/FictionalNa3_MendelevM_2015.eam.fs'],NISTiprpy,2015--Wilson-S-R--fictional-Na-3--LAMMPS--ipr1,['Na'],"[{'Wilson_2015': {'title': 'Solid-liquid interface free energies of pure bcc metals and B2 phases', 'journal': 'The Journal of Chemical Physics', 'volume': '142', 'pages': '134705', 'number': '13', 'doi': '10.1063/1.4916741', 'publisher': 'AIP Publishing', 'url': 'https://doi.org/10.1063%2F1.4916741', 'year': '2015', 'author': ['S. R. Wilson', 'K. G. S. H. Gunawardana', 'M. I. Mendelev']}}]"
290,"['pair_style bop\n', 'pair_coeff * * CCu_v2.bop.table C\n', 'comm_modify cutoff 14.7\n']",['potential_LAMMPS/2015--Zhou-X-W--C--LAMMPS--ipr1/CCu_v2.bop.table'],NISTiprpy,2015--Zhou-X-W--C--LAMMPS--ipr1,['C'],"[{'Zhou_2015': {'title': 'An analytical bond-order potential for carbon', 'journal': 'Journal of Computational Chemistry', 'volume': '36', 'pages': '1719--1735', 'number': '23', 'doi': '10.1002/jcc.23949', 'publisher': 'Wiley', 'url': 'https://doi.org/10.1002%2Fjcc.23949', 'year': '2015', 'author': ['X. W. Zhou', 'D. K. Ward', 'M. E. Foster']}}]"
291,"['pair_style bop\n', 'pair_coeff * * CCu_v2.bop.table C Cu\n', 'comm_modify cutoff 14.7\n']",['potential_LAMMPS/2015--Zhou-X-W--C-Cu--LAMMPS--ipr1/CCu_v2.bop.table'],NISTiprpy,2015--Zhou-X-W--C-Cu--LAMMPS--ipr1,"['C', 'Cu']","[{'Zhou_2015': {'title': 'An analytical bond-order potential for carbon', 'journal': 'Journal of Computational Chemistry', 'volume': '36', 'pages': '1719--1735', 'number': '23', 'doi': '10.1002/jcc.23949', 'publisher': 'Wiley', 'url': 'https://doi.org/10.1002%2Fjcc.23949', 'year': '2015', 'author': ['X. W. Zhou', 'D. K. Ward', 'M. E. Foster']}}]"
292,"['pair_style bop\n', 'pair_coeff * * CuH.bop.table Cu H\n', 'comm_modify cutoff 14.7\n']",['potential_LAMMPS/2015--Zhou-X-W--Cu-H--LAMMPS--ipr1/CuH.bop.table'],NISTiprpy,2015--Zhou-X-W--Cu-H--LAMMPS--ipr1,"['Cu', 'H']","[{'Zhou_2015': {'title': 'An analytical bond-order potential for the copper-hydrogen binary system', 'journal': 'Journal of Materials Science', 'volume': '50', 'pages': '2859--2875', 'number': '7', 'doi': '10.1007/s10853-015-8848-9', 'publisher': 'Springer Nature', 'url': 'https://doi.org/10.1007%2Fs10853-015-8848-9', 'year': '2015', 'author': ['X. W. Zhou', 'D. K. Ward', 'M. Foster', 'J. A. Zimmerman']}}]"
293,"['pair_style eam/alloy\n', 'pair_coeff * * NiCo-lammps-2014.alloy Ni Co\n']",['potential_LAMMPS/2016--Beland-L-K--Ni-Co--LAMMPS--ipr1/NiCo-lammps-2014.alloy'],NISTiprpy,2016--Beland-L-K--Ni-Co--LAMMPS--ipr1,"['Ni', 'Co']","[{'B_land_2016': {'title': 'Features of primary damage by high energy displacement cascades in concentrated Ni-based alloys', 'journal': 'Journal of Applied Physics', 'volume': '119', 'pages': '085901', 'number': '8', 'doi': '10.1063/1.4942533', 'publisher': 'AIP Publishing', 'url': 'https://doi.org/10.1063%2F1.4942533', 'year': '2016', 'author': ['Laurent Karim Béland', 'Chenyang Lu', 'Yuri N. Osetskiy', 'German D. Samolyuk', 'Alfredo Caro', 'Lumin Wang', 'Roger E. Stoller']}}]"
294,"['pair_style hybrid/overlay zbl 0.5 2.0 eam/alloy\n', 'pair_coeff 1 1 zbl 28 28\n', 'pair_coeff 1 2 zbl 28 27\n', 'pair_coeff 2 2 zbl 27 27\n', 'pair_coeff * * eam/alloy NiCo-lammps-2014.alloy Ni Co\n']",['potential_LAMMPS/2016--Beland-L-K--Ni-Co--LAMMPS--ipr2/NiCo-lammps-2014.alloy'],NISTiprpy,2016--Beland-L-K--Ni-Co--LAMMPS--ipr2,"['Ni', 'Co']","[{'B_land_2016': {'title': 'Features of primary damage by high energy displacement cascades in concentrated Ni-based alloys', 'journal': 'Journal of Applied Physics', 'volume': '119', 'pages': '085901', 'number': '8', 'doi': '10.1063/1.4942533', 'publisher': 'AIP Publishing', 'url': 'https://doi.org/10.1063%2F1.4942533', 'year': '2016', 'author': ['Laurent Karim Béland', 'Chenyang Lu', 'Yuri N. Osetskiy', 'German D. Samolyuk', 'Alfredo Caro', 'Lumin Wang', 'Roger E. Stoller']}}]"
295,"['pair_style eam/fs\n', 'pair_coeff * * CuZr_3.eam.fs Cu Zr\n']",['potential_LAMMPS/2016--Borovikov-V--Cu-Zr--LAMMPS--ipr1/CuZr_3.eam.fs'],NISTiprpy,2016--Borovikov-V--Cu-Zr--LAMMPS--ipr1,"['Cu', 'Zr']","[{'Borovikov_2016': {'title': 'Effects of stable and unstable stacking fault energy on dislocation nucleation in nano-crystalline metals', 'journal': 'Modelling and Simulation in Materials Science and Engineering', 'volume': '24', 'pages': '085017', 'number': '8', 'doi': '10.1088/0965-0393/24/8/085017', 'publisher': 'IOP Publishing', 'url': 'https://doi.org/10.1088%2F0965-0393%2F24%2F8%2F085017', 'year': '2016', 'author': ['Valery Borovikov', 'Mikhail I Mendelev', 'Alexander H King']}}]"
296,"['pair_style eam/fs\n', 'pair_coeff * * MCu31.eam.fs Cu\n']",['potential_LAMMPS/2016--Borovikov-V--fictional-Cu-31--LAMMPS--ipr1/MCu31.eam.fs'],NISTiprpy,2016--Borovikov-V--fictional-Cu-31--LAMMPS--ipr1,['Cu'],"[{'Borovikov_2016': {'title': 'Effects of stable and unstable stacking fault energy on dislocation nucleation in nano-crystalline metals', 'journal': 'Modelling and Simulation in Materials Science and Engineering', 'volume': '24', 'pages': '085017', 'number': '8', 'doi': '10.1088/0965-0393/24/8/085017', 'publisher': 'IOP Publishing', 'url': 'https://doi.org/10.1088%2F0965-0393%2F24%2F8%2F085017', 'year': '2016', 'author': ['Valery Borovikov', 'Mikhail I Mendelev', 'Alexander H King']}}]"
297,"['pair_style eam/fs\n', 'pair_coeff * * MCu32.eam.fs Cu\n']",['potential_LAMMPS/2016--Borovikov-V--fictional-Cu-32--LAMMPS--ipr1/MCu32.eam.fs'],NISTiprpy,2016--Borovikov-V--fictional-Cu-32--LAMMPS--ipr1,['Cu'],"[{'Borovikov_2016': {'title': 'Effects of stable and unstable stacking fault energy on dislocation nucleation in nano-crystalline metals', 'journal': 'Modelling and Simulation in Materials Science and Engineering', 'volume': '24', 'pages': '085017', 'number': '8', 'doi': '10.1088/0965-0393/24/8/085017', 'publisher': 'IOP Publishing', 'url': 'https://doi.org/10.1088%2F0965-0393%2F24%2F8%2F085017', 'year': '2016', 'author': ['Valery Borovikov', 'Mikhail I Mendelev', 'Alexander H King']}}]"
298,"['pair_style eam/fs\n', 'pair_coeff * * MCu33.eam.fs Cu\n']",['potential_LAMMPS/2016--Borovikov-V--fictional-Cu-33--LAMMPS--ipr1/MCu33.eam.fs'],NISTiprpy,2016--Borovikov-V--fictional-Cu-33--LAMMPS--ipr1,['Cu'],"[{'Borovikov_2016': {'title': 'Effects of stable and unstable stacking fault energy on dislocation nucleation in nano-crystalline metals', 'journal': 'Modelling and Simulation in Materials Science and Engineering', 'volume': '24', 'pages': '085017', 'number': '8', 'doi': '10.1088/0965-0393/24/8/085017', 'publisher': 'IOP Publishing', 'url': 'https://doi.org/10.1088%2F0965-0393%2F24%2F8%2F085017', 'year': '2016', 'author': ['Valery Borovikov', 'Mikhail I Mendelev', 'Alexander H King']}}]"
299,"['pair_style eam/fs\n', 'pair_coeff * * MCu34.eam.fs Cu\n']",['potential_LAMMPS/2016--Borovikov-V--fictional-Cu-34--LAMMPS--ipr1/MCu34.eam.fs'],NISTiprpy,2016--Borovikov-V--fictional-Cu-34--LAMMPS--ipr1,['Cu'],"[{'Borovikov_2016': {'title': 'Effects of stable and unstable stacking fault energy on dislocation nucleation in nano-crystalline metals', 'journal': 'Modelling and Simulation in Materials Science and Engineering', 'volume': '24', 'pages': '085017', 'number': '8', 'doi': '10.1088/0965-0393/24/8/085017', 'publisher': 'IOP Publishing', 'url': 'https://doi.org/10.1088%2F0965-0393%2F24%2F8%2F085017', 'year': '2016', 'author': ['Valery Borovikov', 'Mikhail I Mendelev', 'Alexander H King']}}]"
300,"['pair_style meam\n', 'pair_coeff * * library.meam Al Ti AlTi.meam Al Ti\n']","['potential_LAMMPS/2016--Kim-Y-K--Al-Ti--LAMMPS--ipr1/library.meam', 'potential_LAMMPS/2016--Kim-Y-K--Al-Ti--LAMMPS--ipr1/AlTi.meam']",NISTiprpy,2016--Kim-Y-K--Al-Ti--LAMMPS--ipr1,"['Al', 'Ti']","[{'Kim_2016': {'title': 'Atomistic modeling of the Ti–Al binary system', 'journal': 'Computational Materials Science', 'volume': '119', 'pages': '1--8', 'doi': '10.1016/j.commatsci.2016.03.038', 'publisher': 'Elsevier BV', 'url': 'https://doi.org/10.1016%2Fj.commatsci.2016.03.038', 'year': '2016', 'author': ['Young-Kwang Kim', 'Hong-Kyu Kim', 'Woo-Sang Jung', 'Byeong-Joo Lee']}}]"
301,"['pair_style eam/fs\n', 'pair_coeff * * Ti1.eam.fs Ti\n']",['potential_LAMMPS/2016--Mendelev-M-I--Ti-1--LAMMPS--ipr1/Ti1.eam.fs'],NISTiprpy,2016--Mendelev-M-I--Ti-1--LAMMPS--ipr1,['Ti'],"[{'Mendelev_2016': {'title': 'Development of an interatomic potential for the simulation of defects, plasticity, and phase transformations in titanium', 'journal': 'The Journal of Chemical Physics', 'volume': '145', 'pages': '154102', 'number': '15', 'doi': '10.1063/1.4964654', 'publisher': 'AIP Publishing', 'url': 'https://doi.org/10.1063%2F1.4964654', 'year': '2016', 'author': ['M. I. Mendelev', 'T. L. Underwood', 'G. J. Ackland']}}]"
302,"['pair_style eam/fs\n', 'pair_coeff * * Ti2.eam.fs Ti\n']",['potential_LAMMPS/2016--Mendelev-M-I--Ti-2--LAMMPS--ipr1/Ti2.eam.fs'],NISTiprpy,2016--Mendelev-M-I--Ti-2--LAMMPS--ipr1,['Ti'],"[{'Mendelev_2016': {'title': 'Development of an interatomic potential for the simulation of defects, plasticity, and phase transformations in titanium', 'journal': 'The Journal of Chemical Physics', 'volume': '145', 'pages': '154102', 'number': '15', 'doi': '10.1063/1.4964654', 'publisher': 'AIP Publishing', 'url': 'https://doi.org/10.1063%2F1.4964654', 'year': '2016', 'author': ['M. I. Mendelev', 'T. L. Underwood', 'G. J. Ackland']}}]"
303,"['pair_style eam/fs\n', 'pair_coeff * * Ti3.eam.fs Ti\n']",['potential_LAMMPS/2016--Mendelev-M-I--Ti-3--LAMMPS--ipr1/Ti3.eam.fs'],NISTiprpy,2016--Mendelev-M-I--Ti-3--LAMMPS--ipr1,['Ti'],"[{'Mendelev_2016': {'title': 'Development of an interatomic potential for the simulation of defects, plasticity, and phase transformations in titanium', 'journal': 'The Journal of Chemical Physics', 'volume': '145', 'pages': '154102', 'number': '15', 'doi': '10.1063/1.4964654', 'publisher': 'AIP Publishing', 'url': 'https://doi.org/10.1063%2F1.4964654', 'year': '2016', 'author': ['M. I. Mendelev', 'T. L. Underwood', 'G. J. Ackland']}}]"
304,"['pair_style eam/fs\n', 'pair_coeff * * Cs_v2.eam.fs Cs\n']",['potential_LAMMPS/2016--Nichol-A--Cs--LAMMPS--ipr2/Cs_v2.eam.fs'],NISTiprpy,2016--Nichol-A--Cs--LAMMPS--ipr2,['Cs'],"[{'Nichol_2016': {'title': 'Property trends in simple metals: An empirical potential approach', 'journal': 'Physical Review B', 'volume': '93', 'pages': '184101', 'number': '18', 'doi': '10.1103/physrevb.93.184101', 'publisher': 'American Physical Society (APS)', 'url': 'https://doi.org/10.1103%2Fphysrevb.93.184101', 'year': '2016', 'author': ['A. Nichol', 'G. J. Ackland']}}]"
305,"['pair_style eam/fs\n', 'pair_coeff * * K_v2.eam.fs K\n']",['potential_LAMMPS/2016--Nichol-A--K--LAMMPS--ipr2/K_v2.eam.fs'],NISTiprpy,2016--Nichol-A--K--LAMMPS--ipr2,['K'],"[{'Nichol_2016': {'title': 'Property trends in simple metals: An empirical potential approach', 'journal': 'Physical Review B', 'volume': '93', 'pages': '184101', 'number': '18', 'doi': '10.1103/physrevb.93.184101', 'publisher': 'American Physical Society (APS)', 'url': 'https://doi.org/10.1103%2Fphysrevb.93.184101', 'year': '2016', 'author': ['A. Nichol', 'G. J. Ackland']}}]"
306,"['pair_style eam/fs\n', 'pair_coeff * * Li_v2.eam.fs Li\n']",['potential_LAMMPS/2016--Nichol-A--Li--LAMMPS--ipr2/Li_v2.eam.fs'],NISTiprpy,2016--Nichol-A--Li--LAMMPS--ipr2,['Li'],"[{'Nichol_2016': {'title': 'Property trends in simple metals: An empirical potential approach', 'journal': 'Physical Review B', 'volume': '93', 'pages': '184101', 'number': '18', 'doi': '10.1103/physrevb.93.184101', 'publisher': 'American Physical Society (APS)', 'url': 'https://doi.org/10.1103%2Fphysrevb.93.184101', 'year': '2016', 'author': ['A. Nichol', 'G. J. Ackland']}}]"
307,"['pair_style eam/fs\n', 'pair_coeff * * Na_v2.eam.fs Na\n']",['potential_LAMMPS/2016--Nichol-A--Na--LAMMPS--ipr2/Na_v2.eam.fs'],NISTiprpy,2016--Nichol-A--Na--LAMMPS--ipr2,['Na'],"[{'Nichol_2016': {'title': 'Property trends in simple metals: An empirical potential approach', 'journal': 'Physical Review B', 'volume': '93', 'pages': '184101', 'number': '18', 'doi': '10.1103/physrevb.93.184101', 'publisher': 'American Physical Society (APS)', 'url': 'https://doi.org/10.1103%2Fphysrevb.93.184101', 'year': '2016', 'author': ['A. Nichol', 'G. J. Ackland']}}]"
308,"['pair_style eam/fs\n', 'pair_coeff * * Rb_v2.eam.fs Rb\n']",['potential_LAMMPS/2016--Nichol-A--Rb--LAMMPS--ipr2/Rb_v2.eam.fs'],NISTiprpy,2016--Nichol-A--Rb--LAMMPS--ipr2,['Rb'],"[{'Nichol_2016': {'title': 'Property trends in simple metals: An empirical potential approach', 'journal': 'Physical Review B', 'volume': '93', 'pages': '184101', 'number': '18', 'doi': '10.1103/physrevb.93.184101', 'publisher': 'American Physical Society (APS)', 'url': 'https://doi.org/10.1103%2Fphysrevb.93.184101', 'year': '2016', 'author': ['A. Nichol', 'G. J. Ackland']}}]"
309,"['pair_style eam/alloy\n', 'pair_coeff * * NiPdArtur.eam Ni Pd\n']",['potential_LAMMPS/2016--Samolyuk-G-D--Ni-Pd--LAMMPS--ipr1/NiPdArtur.eam'],NISTiprpy,2016--Samolyuk-G-D--Ni-Pd--LAMMPS--ipr1,"['Ni', 'Pd']","[{'Samolyuk_2016': {'title': 'Electron–phonon coupling in Ni-based binary alloys with application to displacement cascade modeling', 'journal': 'Journal of Physics: Condensed Matter', 'volume': '28', 'pages': '175501', 'number': '17', 'doi': '10.1088/0953-8984/28/17/175501', 'publisher': 'IOP Publishing', 'url': 'https://doi.org/10.1088%2F0953-8984%2F28%2F17%2F175501', 'year': '2016', 'author': ['G D Samolyuk', 'L K Béland', 'G M Stocks', 'R E Stoller']}}]"
310,"['pair_style eam/alloy\n', 'pair_coeff * * Ni_v6_2.0.eam Ni\n']",['potential_LAMMPS/2016--Stoller-R-E--Ni--LAMMPS--ipr1/Ni_v6_2.0.eam'],NISTiprpy,2016--Stoller-R-E--Ni--LAMMPS--ipr1,['Ni'],"[{'Stoller_2016': {'title': 'Impact of Short-Range Forces on Defect Production from High-Energy Collisions', 'journal': 'Journal of Chemical Theory and Computation', 'volume': '12', 'pages': '2871--2879', 'number': '6', 'doi': '10.1021/acs.jctc.5b01194', 'publisher': 'American Chemical Society (ACS)', 'url': 'https://doi.org/10.1021%2Facs.jctc.5b01194', 'year': '2016', 'author': ['R. E. Stoller', 'A. Tamm', 'L. K. Béland', 'G. D. Samolyuk', 'G. M. Stocks', 'A. Caro', 'L. V. Slipchenko', 'Yu. N. Osetsky', 'A. Aabloo', 'M. Klintenberg', 'Y. Wang']}}]"
311,"['pair_style adp\n', 'pair_coeff * * un.adp.txt U N\n']",['potential_LAMMPS/2016--Tseplyaev-V-I--U-N--LAMMPS--ipr1/un.adp.txt'],NISTiprpy,2016--Tseplyaev-V-I--U-N--LAMMPS--ipr1,"['U', 'N']","[{'Tseplyaev_2016': {'title': 'The atomistic simulation of pressure-induced phase transition in uranium mononitride', 'journal': 'Journal of Nuclear Materials', 'volume': '480', 'pages': '7--14', 'doi': '10.1016/j.jnucmat.2016.07.048', 'publisher': 'Elsevier BV', 'url': 'https://doi.org/10.1016%2Fj.jnucmat.2016.07.048', 'year': '2016', 'author': ['V.I. Tseplyaev', 'S.V. Starikov']}}]"
312,"['pair_style eam/fs\n', 'pair_coeff * * Mg1.eam.fs Mg\n']",['potential_LAMMPS/2016--Wilson-S-R--Mg--LAMMPS--ipr1/Mg1.eam.fs'],NISTiprpy,2016--Wilson-S-R--Mg--LAMMPS--ipr1,['Mg'],"[{'Wilson_2016': {'title': 'A unified relation for the solid-liquid interface free energy of pure FCC, BCC, and HCP metals', 'journal': 'The Journal of Chemical Physics', 'volume': '144', 'pages': '144707', 'number': '14', 'doi': '10.1063/1.4946032', 'publisher': 'AIP Publishing', 'url': 'https://doi.org/10.1063%2F1.4946032', 'year': '2016', 'author': ['S. R. Wilson', 'M. I. Mendelev']}}]"
313,"['pair_style eam/fs\n', 'pair_coeff * * Mg1-prime.eam.fs Mg\n']",['potential_LAMMPS/2016--Wilson-S-R--fictional-Mg--LAMMPS--ipr1/Mg1-prime.eam.fs'],NISTiprpy,2016--Wilson-S-R--fictional-Mg--LAMMPS--ipr1,['Mg'],"[{'Wilson_2016': {'title': 'A unified relation for the solid-liquid interface free energy of pure FCC, BCC, and HCP metals', 'journal': 'The Journal of Chemical Physics', 'volume': '144', 'pages': '144707', 'number': '14', 'doi': '10.1063/1.4946032', 'publisher': 'AIP Publishing', 'url': 'https://doi.org/10.1063%2F1.4946032', 'year': '2016', 'author': ['S. R. Wilson', 'M. I. Mendelev']}}]"
314,"['pair_style eam/fs\n', 'pair_coeff * * W2.eam.fs W\n']",['potential_LAMMPS/2016--Wilson-S-R--fictional-W--LAMMPS--ipr1/W2.eam.fs'],NISTiprpy,2016--Wilson-S-R--fictional-W--LAMMPS--ipr1,['W'],"[{'Wilson_2016': {'title': 'A unified relation for the solid-liquid interface free energy of pure FCC, BCC, and HCP metals', 'journal': 'The Journal of Chemical Physics', 'volume': '144', 'pages': '144707', 'number': '14', 'doi': '10.1063/1.4946032', 'publisher': 'AIP Publishing', 'url': 'https://doi.org/10.1063%2F1.4946032', 'year': '2016', 'author': ['S. R. Wilson', 'M. I. Mendelev']}}]"
315,"['pair_style meam/spline\n', 'pair_coeff * * TiO.meam.spline Ti O\n']",['potential_LAMMPS/2016--Zhang-P--Ti-O--LAMMPS--ipr1/TiO.meam.spline'],NISTiprpy,2016--Zhang-P--Ti-O--LAMMPS--ipr1,"['Ti', 'O']","[{'Zhang_2016': {'title': 'A modified embedded atom method potential for interstitial oxygen in titanium', 'journal': 'Computational Materials Science', 'volume': '124', 'pages': '204--210', 'doi': '10.1016/j.commatsci.2016.07.039', 'publisher': 'Elsevier BV', 'url': 'https://doi.org/10.1016%2Fj.commatsci.2016.07.039', 'year': '2016', 'author': ['Pinchao Zhang', 'Dallas R. Trinkle']}}]"
316,"['pair_style eam/fs\n', 'pair_coeff * * Ni-Nb_1.eam.fs Ni Nb\n']",['potential_LAMMPS/2016--Zhang-Y--Ni-Nb--LAMMPS--ipr1/Ni-Nb_1.eam.fs'],NISTiprpy,2016--Zhang-Y--Ni-Nb--LAMMPS--ipr1,"['Ni', 'Nb']","[{'Zhang_2016': {'title': 'Experimental and molecular dynamics simulation study of structure of liquid and amorphous Ni62Nb38 alloy', 'journal': 'The Journal of Chemical Physics', 'volume': '145', 'pages': '204505', 'number': '20', 'doi': '10.1063/1.4968212', 'publisher': 'AIP Publishing', 'url': 'https://doi.org/10.1063%2F1.4968212', 'year': '2016', 'author': ['Y. Zhang', 'R. Ashcraft', 'M.I. Mendelev', 'C. Z. Wang', 'K. F. Kelton']}}]"
317,"['pair_style bop\n', 'pair_coeff * * AlCu.bop.table Al Cu\n', 'comm_modify cutoff 14.7\n']",['potential_LAMMPS/2016--Zhou-X-W--Al-Cu--LAMMPS--ipr2/AlCu.bop.table'],NISTiprpy,2016--Zhou-X-W--Al-Cu--LAMMPS--ipr2,"['Al', 'Cu']","[{'Zhou_2016': {'title': 'An analytical bond-order potential for the aluminum copper binary system', 'journal': 'Journal of Alloys and Compounds', 'volume': '680', 'pages': '752--767', 'doi': '10.1016/j.jallcom.2016.04.055', 'publisher': 'Elsevier BV', 'url': 'https://doi.org/10.1016%2Fj.jallcom.2016.04.055', 'year': '2016', 'author': ['X.W. Zhou', 'D.K. Ward', 'M.E. Foster']}}]"
318,"['pair_style eam/alloy\n', 'pair_coeff * * FeNiCr_ArturV3.eam Ni Fe Cr\n']",['potential_LAMMPS/2017--Beland-L-K--Fe-Ni-Cr--LAMMPS--ipr1/FeNiCr_ArturV3.eam'],NISTiprpy,2017--Beland-L-K--Fe-Ni-Cr--LAMMPS--ipr1,"['Ni', 'Fe', 'Cr']","[{'B_land_2017': {'title': 'Accurate classical short-range forces for the study of collision cascades in Fe–Ni–Cr', 'journal': 'Computer Physics Communications', 'volume': '219', 'pages': '11--19', 'doi': '10.1016/j.cpc.2017.05.001', 'publisher': 'Elsevier BV', 'url': 'https://doi.org/10.1016%2Fj.cpc.2017.05.001', 'year': '2017', 'author': ['Laurent Karim Béland', 'Artur Tamm', 'Sai Mu', 'German D. Samolyuk', 'Yuri N. Osetsky', 'Alvo Aabloo', 'Mattias Klintenberg', 'Alfredo Caro', 'Roger E. Stoller']}}]"
319,"['pair_style eam/alloy\n', 'pair_coeff * * WRe.eam.alloy W Re\n']",['potential_LAMMPS/2017--Bonny-G--W-Re--LAMMPS--ipr1/WRe.eam.alloy'],NISTiprpy,2017--Bonny-G--W-Re--LAMMPS--ipr1,"['W', 'Re']","[{'Bonny_2017': {'title': 'Interatomic potential to study plastic deformation in tungsten-rhenium alloys', 'journal': 'Journal of Applied Physics', 'volume': '121', 'pages': '165107', 'number': '16', 'doi': '10.1063/1.4982361', 'publisher': 'AIP Publishing', 'url': 'https://doi.org/10.1063%2F1.4982361', 'year': '2017', 'author': ['G. Bonny', 'A. Bakaev', 'D. Terentyev', 'Yu. A. Mastrikov']}}]"
320,"['pair_style agni\n', 'pair_coeff * * Al_jpc.agni Al\n']",['potential_LAMMPS/2017--Botu-V--Al--LAMMPS--ipr1/Al_jpc.agni'],NISTiprpy,2017--Botu-V--Al--LAMMPS--ipr1,['Al'],"[{'Botu_2017': {'title': 'Machine Learning Force Fields: Construction, Validation, and Outlook', 'journal': 'The Journal of Physical Chemistry C', 'volume': '121', 'pages': '511--522', 'number': '1', 'doi': '10.1021/acs.jpcc.6b10908', 'publisher': 'American Chemical Society (ACS)', 'url': 'https://doi.org/10.1021%2Facs.jpcc.6b10908', 'year': '2017', 'author': ['V. Botu', 'R. Batra', 'J. Chapman', 'R. Ramprasad']}}]"
321,"['pair_style meam\n', 'pair_coeff * * library.meam Co Cr CoCr.meam Co Cr\n']","['potential_LAMMPS/2017--Choi-W-M--Co-Cr--LAMMPS--ipr1/library.meam', 'potential_LAMMPS/2017--Choi-W-M--Co-Cr--LAMMPS--ipr1/CoCr.meam']",NISTiprpy,2017--Choi-W-M--Co-Cr--LAMMPS--ipr1,"['Co', 'Cr']","[{'Choi_2017': {'title': 'Modified embedded-atom method interatomic potentials for the Co-Cr, Co-Fe, Co-Mn, Cr-Mn and Mn-Ni binary systems', 'journal': 'Computational Materials Science', 'volume': '130', 'pages': '121--129', 'doi': '10.1016/j.commatsci.2017.01.002', 'publisher': 'Elsevier BV', 'url': 'https://doi.org/10.1016%2Fj.commatsci.2017.01.002', 'year': '2017', 'author': ['Won-Mi Choi', 'Yongmin Kim', 'Donghyuk Seol', 'Byeong-Joo Lee']}}]"
322,"['pair_style meam\n', 'pair_coeff * * library.meam Co Fe CoFe.meam Co Fe\n']","['potential_LAMMPS/2017--Choi-W-M--Co-Fe--LAMMPS--ipr1/library.meam', 'potential_LAMMPS/2017--Choi-W-M--Co-Fe--LAMMPS--ipr1/CoFe.meam']",NISTiprpy,2017--Choi-W-M--Co-Fe--LAMMPS--ipr1,"['Co', 'Fe']","[{'Choi_2017': {'title': 'Modified embedded-atom method interatomic potentials for the Co-Cr, Co-Fe, Co-Mn, Cr-Mn and Mn-Ni binary systems', 'journal': 'Computational Materials Science', 'volume': '130', 'pages': '121--129', 'doi': '10.1016/j.commatsci.2017.01.002', 'publisher': 'Elsevier BV', 'url': 'https://doi.org/10.1016%2Fj.commatsci.2017.01.002', 'year': '2017', 'author': ['Won-Mi Choi', 'Yongmin Kim', 'Donghyuk Seol', 'Byeong-Joo Lee']}}]"
323,"['pair_style meam\n', 'pair_coeff * * library.meam Co Mn CoMn.meam Co Mn\n']","['potential_LAMMPS/2017--Choi-W-M--Co-Mn--LAMMPS--ipr1/library.meam', 'potential_LAMMPS/2017--Choi-W-M--Co-Mn--LAMMPS--ipr1/CoMn.meam']",NISTiprpy,2017--Choi-W-M--Co-Mn--LAMMPS--ipr1,"['Co', 'Mn']","[{'Choi_2017': {'title': 'Modified embedded-atom method interatomic potentials for the Co-Cr, Co-Fe, Co-Mn, Cr-Mn and Mn-Ni binary systems', 'journal': 'Computational Materials Science', 'volume': '130', 'pages': '121--129', 'doi': '10.1016/j.commatsci.2017.01.002', 'publisher': 'Elsevier BV', 'url': 'https://doi.org/10.1016%2Fj.commatsci.2017.01.002', 'year': '2017', 'author': ['Won-Mi Choi', 'Yongmin Kim', 'Donghyuk Seol', 'Byeong-Joo Lee']}}]"
324,"['pair_style meam\n', 'pair_coeff * * library.meam Cr Cr.meam Cr\n']","['potential_LAMMPS/2017--Choi-W-M--Cr--LAMMPS--ipr1/library.meam', 'potential_LAMMPS/2017--Choi-W-M--Cr--LAMMPS--ipr1/Cr.meam']",NISTiprpy,2017--Choi-W-M--Cr--LAMMPS--ipr1,['Cr'],"[{'Choi_2017': {'title': 'Modified embedded-atom method interatomic potentials for the Co-Cr, Co-Fe, Co-Mn, Cr-Mn and Mn-Ni binary systems', 'journal': 'Computational Materials Science', 'volume': '130', 'pages': '121--129', 'doi': '10.1016/j.commatsci.2017.01.002', 'publisher': 'Elsevier BV', 'url': 'https://doi.org/10.1016%2Fj.commatsci.2017.01.002', 'year': '2017', 'author': ['Won-Mi Choi', 'Yongmin Kim', 'Donghyuk Seol', 'Byeong-Joo Lee']}}]"
325,"['pair_style meam\n', 'pair_coeff * * library.meam Cr Mn CrMn.meam Cr Mn\n']","['potential_LAMMPS/2017--Choi-W-M--Cr-Mn--LAMMPS--ipr1/library.meam', 'potential_LAMMPS/2017--Choi-W-M--Cr-Mn--LAMMPS--ipr1/CrMn.meam']",NISTiprpy,2017--Choi-W-M--Cr-Mn--LAMMPS--ipr1,"['Cr', 'Mn']","[{'Choi_2017': {'title': 'Modified embedded-atom method interatomic potentials for the Co-Cr, Co-Fe, Co-Mn, Cr-Mn and Mn-Ni binary systems', 'journal': 'Computational Materials Science', 'volume': '130', 'pages': '121--129', 'doi': '10.1016/j.commatsci.2017.01.002', 'publisher': 'Elsevier BV', 'url': 'https://doi.org/10.1016%2Fj.commatsci.2017.01.002', 'year': '2017', 'author': ['Won-Mi Choi', 'Yongmin Kim', 'Donghyuk Seol', 'Byeong-Joo Lee']}}]"
326,"['pair_style meam\n', 'pair_coeff * * library.meam Ni Mn NiMn.meam Ni Mn\n']","['potential_LAMMPS/2017--Choi-W-M--Mn-Ni--LAMMPS--ipr1/library.meam', 'potential_LAMMPS/2017--Choi-W-M--Mn-Ni--LAMMPS--ipr1/NiMn.meam']",NISTiprpy,2017--Choi-W-M--Mn-Ni--LAMMPS--ipr1,"['Ni', 'Mn']","[{'Choi_2017': {'title': 'Modified embedded-atom method interatomic potentials for the Co-Cr, Co-Fe, Co-Mn, Cr-Mn and Mn-Ni binary systems', 'journal': 'Computational Materials Science', 'volume': '130', 'pages': '121--129', 'doi': '10.1016/j.commatsci.2017.01.002', 'publisher': 'Elsevier BV', 'url': 'https://doi.org/10.1016%2Fj.commatsci.2017.01.002', 'year': '2017', 'author': ['Won-Mi Choi', 'Yongmin Kim', 'Donghyuk Seol', 'Byeong-Joo Lee']}}]"
327,"['pair_style meam\n', 'pair_coeff * * library.meam Cu Pt Cu-Pt.meam Cu Pt\n']","['potential_LAMMPS/2017--Kim-J-S--Cu-Pt--LAMMPS--ipr1/library.meam', 'potential_LAMMPS/2017--Kim-J-S--Cu-Pt--LAMMPS--ipr1/Cu-Pt.meam']",NISTiprpy,2017--Kim-J-S--Cu-Pt--LAMMPS--ipr1,"['Cu', 'Pt']","[{'Kim_2017': {'title': 'Second nearest-neighbor modified embedded-atom method interatomic potentials for the Pt-M (M = Al, Co, Cu, Mo, Ni, Ti, V) binary systems', 'journal': 'Calphad', 'volume': '59', 'pages': '131--141', 'doi': '10.1016/j.calphad.2017.09.005', 'publisher': 'Elsevier BV', 'url': 'https://doi.org/10.1016%2Fj.calphad.2017.09.005', 'year': '2017', 'author': ['Jin-Soo Kim', 'Donghyuk Seol', 'Joonho Ji', 'Hyo-Sun Jang', 'Yongmin Kim', 'Byeong-Joo Lee']}}]"
328,"['pair_style meam\n', 'pair_coeff * * library.meam Mo Mo.meam Mo\n']","['potential_LAMMPS/2017--Kim-J-S--Mo--LAMMPS--ipr1/library.meam', 'potential_LAMMPS/2017--Kim-J-S--Mo--LAMMPS--ipr1/Mo.meam']",NISTiprpy,2017--Kim-J-S--Mo--LAMMPS--ipr1,['Mo'],"[{'Kim_2017': {'title': 'Second nearest-neighbor modified embedded-atom method interatomic potentials for the Pt-M (M = Al, Co, Cu, Mo, Ni, Ti, V) binary systems', 'journal': 'Calphad', 'volume': '59', 'pages': '131--141', 'doi': '10.1016/j.calphad.2017.09.005', 'publisher': 'Elsevier BV', 'url': 'https://doi.org/10.1016%2Fj.calphad.2017.09.005', 'year': '2017', 'author': ['Jin-Soo Kim', 'Donghyuk Seol', 'Joonho Ji', 'Hyo-Sun Jang', 'Yongmin Kim', 'Byeong-Joo Lee']}}]"
329,"['pair_style meam\n', 'pair_coeff * * library.meam Ni Pt Ni-Pt.meam Ni Pt\n']","['potential_LAMMPS/2017--Kim-J-S--Ni-Pt--LAMMPS--ipr1/library.meam', 'potential_LAMMPS/2017--Kim-J-S--Ni-Pt--LAMMPS--ipr1/Ni-Pt.meam']",NISTiprpy,2017--Kim-J-S--Ni-Pt--LAMMPS--ipr1,"['Ni', 'Pt']","[{'Kim_2017': {'title': 'Second nearest-neighbor modified embedded-atom method interatomic potentials for the Pt-M (M = Al, Co, Cu, Mo, Ni, Ti, V) binary systems', 'journal': 'Calphad', 'volume': '59', 'pages': '131--141', 'doi': '10.1016/j.calphad.2017.09.005', 'publisher': 'Elsevier BV', 'url': 'https://doi.org/10.1016%2Fj.calphad.2017.09.005', 'year': '2017', 'author': ['Jin-Soo Kim', 'Donghyuk Seol', 'Joonho Ji', 'Hyo-Sun Jang', 'Yongmin Kim', 'Byeong-Joo Lee']}}]"
330,"['pair_style meam\n', 'pair_coeff * * library.meam Pt Al Pt-Al.meam Pt Al\n']","['potential_LAMMPS/2017--Kim-J-S--Pt-Al--LAMMPS--ipr1/library.meam', 'potential_LAMMPS/2017--Kim-J-S--Pt-Al--LAMMPS--ipr1/Pt-Al.meam']",NISTiprpy,2017--Kim-J-S--Pt-Al--LAMMPS--ipr1,"['Pt', 'Al']","[{'Kim_2017': {'title': 'Second nearest-neighbor modified embedded-atom method interatomic potentials for the Pt-M (M = Al, Co, Cu, Mo, Ni, Ti, V) binary systems', 'journal': 'Calphad', 'volume': '59', 'pages': '131--141', 'doi': '10.1016/j.calphad.2017.09.005', 'publisher': 'Elsevier BV', 'url': 'https://doi.org/10.1016%2Fj.calphad.2017.09.005', 'year': '2017', 'author': ['Jin-Soo Kim', 'Donghyuk Seol', 'Joonho Ji', 'Hyo-Sun Jang', 'Yongmin Kim', 'Byeong-Joo Lee']}}]"
331,"['pair_style meam\n', 'pair_coeff * * library.meam Pt Co Pt-Co.meam Pt Co\n']","['potential_LAMMPS/2017--Kim-J-S--Pt-Co--LAMMPS--ipr1/library.meam', 'potential_LAMMPS/2017--Kim-J-S--Pt-Co--LAMMPS--ipr1/Pt-Co.meam']",NISTiprpy,2017--Kim-J-S--Pt-Co--LAMMPS--ipr1,"['Pt', 'Co']","[{'Kim_2017': {'title': 'Second nearest-neighbor modified embedded-atom method interatomic potentials for the Pt-M (M = Al, Co, Cu, Mo, Ni, Ti, V) binary systems', 'journal': 'Calphad', 'volume': '59', 'pages': '131--141', 'doi': '10.1016/j.calphad.2017.09.005', 'publisher': 'Elsevier BV', 'url': 'https://doi.org/10.1016%2Fj.calphad.2017.09.005', 'year': '2017', 'author': ['Jin-Soo Kim', 'Donghyuk Seol', 'Joonho Ji', 'Hyo-Sun Jang', 'Yongmin Kim', 'Byeong-Joo Lee']}}]"
332,"['pair_style meam\n', 'pair_coeff * * library.meam Pt Mo Pt-Mo.meam Pt Mo\n']","['potential_LAMMPS/2017--Kim-J-S--Pt-Mo--LAMMPS--ipr1/library.meam', 'potential_LAMMPS/2017--Kim-J-S--Pt-Mo--LAMMPS--ipr1/Pt-Mo.meam']",NISTiprpy,2017--Kim-J-S--Pt-Mo--LAMMPS--ipr1,"['Pt', 'Mo']","[{'Kim_2017': {'title': 'Second nearest-neighbor modified embedded-atom method interatomic potentials for the Pt-M (M = Al, Co, Cu, Mo, Ni, Ti, V) binary systems', 'journal': 'Calphad', 'volume': '59', 'pages': '131--141', 'doi': '10.1016/j.calphad.2017.09.005', 'publisher': 'Elsevier BV', 'url': 'https://doi.org/10.1016%2Fj.calphad.2017.09.005', 'year': '2017', 'author': ['Jin-Soo Kim', 'Donghyuk Seol', 'Joonho Ji', 'Hyo-Sun Jang', 'Yongmin Kim', 'Byeong-Joo Lee']}}]"
333,"['pair_style meam\n', 'pair_coeff * * library.meam Pt Ti Pt-Ti.meam Pt Ti\n']","['potential_LAMMPS/2017--Kim-J-S--Pt-Ti--LAMMPS--ipr1/library.meam', 'potential_LAMMPS/2017--Kim-J-S--Pt-Ti--LAMMPS--ipr1/Pt-Ti.meam']",NISTiprpy,2017--Kim-J-S--Pt-Ti--LAMMPS--ipr1,"['Pt', 'Ti']","[{'Kim_2017': {'title': 'Second nearest-neighbor modified embedded-atom method interatomic potentials for the Pt-M (M = Al, Co, Cu, Mo, Ni, Ti, V) binary systems', 'journal': 'Calphad', 'volume': '59', 'pages': '131--141', 'doi': '10.1016/j.calphad.2017.09.005', 'publisher': 'Elsevier BV', 'url': 'https://doi.org/10.1016%2Fj.calphad.2017.09.005', 'year': '2017', 'author': ['Jin-Soo Kim', 'Donghyuk Seol', 'Joonho Ji', 'Hyo-Sun Jang', 'Yongmin Kim', 'Byeong-Joo Lee']}}]"
334,"['pair_style meam\n', 'pair_coeff * * library.meam Pt V Pt-V.meam Pt V\n']","['potential_LAMMPS/2017--Kim-J-S--Pt-V--LAMMPS--ipr1/library.meam', 'potential_LAMMPS/2017--Kim-J-S--Pt-V--LAMMPS--ipr1/Pt-V.meam']",NISTiprpy,2017--Kim-J-S--Pt-V--LAMMPS--ipr1,"['Pt', 'V']","[{'Kim_2017': {'title': 'Second nearest-neighbor modified embedded-atom method interatomic potentials for the Pt-M (M = Al, Co, Cu, Mo, Ni, Ti, V) binary systems', 'journal': 'Calphad', 'volume': '59', 'pages': '131--141', 'doi': '10.1016/j.calphad.2017.09.005', 'publisher': 'Elsevier BV', 'url': 'https://doi.org/10.1016%2Fj.calphad.2017.09.005', 'year': '2017', 'author': ['Jin-Soo Kim', 'Donghyuk Seol', 'Joonho Ji', 'Hyo-Sun Jang', 'Yongmin Kim', 'Byeong-Joo Lee']}}]"
335,"['pair_style meam\n', 'pair_coeff * * library.meam Ni Al Ti NiAlTi.meam Ni Al Ti\n']","['potential_LAMMPS/2017--Kim-Y-K--Ni-Al-Ti--LAMMPS--ipr1/library.meam', 'potential_LAMMPS/2017--Kim-Y-K--Ni-Al-Ti--LAMMPS--ipr1/NiAlTi.meam']",NISTiprpy,2017--Kim-Y-K--Ni-Al-Ti--LAMMPS--ipr1,"['Ni', 'Al', 'Ti']","[{'Kim_2017': {'title': 'Development and application of Ni-Ti and Ni-Al-Ti 2NN-MEAM interatomic potentials for Ni-base superalloys', 'journal': 'Computational Materials Science', 'volume': '139', 'pages': '225--233', 'doi': '10.1016/j.commatsci.2017.08.002', 'publisher': 'Elsevier BV', 'url': 'https://doi.org/10.1016%2Fj.commatsci.2017.08.002', 'year': '2017', 'author': ['Young-Kwang Kim', 'Hong-Kyu Kim', 'Woo-Sang Jung', 'Byeong-Joo Lee']}}]"
336,"['pair_style meam\n', 'pair_coeff * * library.meam Ni Ti NiTi.meam Ni Ti\n']","['potential_LAMMPS/2017--Kim-Y-K--Ni-Ti--LAMMPS--ipr1/library.meam', 'potential_LAMMPS/2017--Kim-Y-K--Ni-Ti--LAMMPS--ipr1/NiTi.meam']",NISTiprpy,2017--Kim-Y-K--Ni-Ti--LAMMPS--ipr1,"['Ni', 'Ti']","[{'Kim_2017': {'title': 'Development and application of Ni-Ti and Ni-Al-Ti 2NN-MEAM interatomic potentials for Ni-base superalloys', 'journal': 'Computational Materials Science', 'volume': '139', 'pages': '225--233', 'doi': '10.1016/j.commatsci.2017.08.002', 'publisher': 'Elsevier BV', 'url': 'https://doi.org/10.1016%2Fj.commatsci.2017.08.002', 'year': '2017', 'author': ['Young-Kwang Kim', 'Hong-Kyu Kim', 'Woo-Sang Jung', 'Byeong-Joo Lee']}}]"
337,"['pair_style extep\n', 'pair_coeff * * BN.extep B N\n']",['potential_LAMMPS/2017--Los-J-H--B-N--LAMMPS--ipr1/BN.extep'],NISTiprpy,2017--Los-J-H--B-N--LAMMPS--ipr1,"['B', 'N']","[{'Los_2017': {'title': 'Extended Tersoff potential for boron nitride: Energetics and elastic properties of pristine and defective h-BN', 'journal': 'Physical Review B', 'volume': '96', 'pages': '184108', 'number': '18', 'doi': '10.1103/physrevb.96.184108', 'publisher': 'American Physical Society (APS)', 'url': 'https://doi.org/10.1103%2Fphysrevb.96.184108', 'year': '2017', 'author': ['J. H. Los', 'J. M. H. Kroes', 'K. Albe', 'R. M. Gordillo', 'M. I. Katsnelson', 'A. Fasolino']}}]"
338,"['pair_style tersoff\n', 'pair_coeff * * Ge.tersoff Ge\n']",['potential_LAMMPS/2017--Mahdizadeh-S-J--Ge--LAMMPS--ipr1/Ge.tersoff'],NISTiprpy,2017--Mahdizadeh-S-J--Ge--LAMMPS--ipr1,['Ge'],"[{'Mahdizadeh_2017': {'title': 'Optimized Tersoff empirical potential for germanene', 'journal': 'Journal of Molecular Graphics and Modelling', 'volume': '72', 'pages': '1--5', 'doi': '10.1016/j.jmgm.2016.11.009', 'publisher': 'Elsevier BV', 'url': 'https://doi.org/10.1016%2Fj.jmgm.2016.11.009', 'year': '2017', 'author': ['Sayyed Jalil Mahdizadeh', 'Golnoosh Akhlamadi']}}]"
339,"['pair_style meam\n', 'pair_coeff * * library.meam V Ni Ti VNiTi.meam V Ni Ti\n']","['potential_LAMMPS/2017--Maisel-S-B--V-Ni-Ti--LAMMPS--ipr1/library.meam', 'potential_LAMMPS/2017--Maisel-S-B--V-Ni-Ti--LAMMPS--ipr1/VNiTi.meam']",NISTiprpy,2017--Maisel-S-B--V-Ni-Ti--LAMMPS--ipr1,"['V', 'Ni', 'Ti']","[{'Maisel_2017': {'title': 'Thermomechanical response of NiTi shape-memory nanoprecipitates in TiV alloys', 'journal': 'Physical Review Materials', 'volume': '1', 'pages': '033610', 'number': '3', 'doi': '10.1103/physrevmaterials.1.033610', 'publisher': 'American Physical Society (APS)', 'url': 'https://doi.org/10.1103%2Fphysrevmaterials.1.033610', 'year': '2017', 'author': ['S. B. Maisel', 'W.-S. Ko', 'J.-L. Zhang', 'B. Grabowski', 'J. Neugebauer']}}]"
340,"['pair_style eam/fs\n', 'pair_coeff * * W_MNB_JPCM17.eam.fs W\n']",['potential_LAMMPS/2017--Mason-D-R--W--LAMMPS--ipr1/W_MNB_JPCM17.eam.fs'],NISTiprpy,2017--Mason-D-R--W--LAMMPS--ipr1,['W'],"[{'2017': {'title': 'An empirical potential for simulating vacancy clusters in tungsten', 'journal': 'Journal of Physics: Condensed Matter', 'volume': '29', 'pages': '505501', 'number': '50', 'doi': '10.1088/1361-648x/aa9776', 'publisher': 'IOP Publishing', 'url': 'https://doi.org/10.1088%2F1361-648x%2Faa9776', 'year': '2017', 'author': ['D R Mason', 'D Nguyen-Manh', 'C S Becquart']}}]"
341,"['pair_style eam/alloy\n', 'pair_coeff * * PtAu.eam.alloy Pt Au\n']",['potential_LAMMPS/2017--OBrien-C-J--Pt-Au--LAMMPS--ipr1/PtAu.eam.alloy'],NISTiprpy,2017--OBrien-C-J--Pt-Au--LAMMPS--ipr1,"['Pt', 'Au']","[{'O_Brien_2017': {'title': 'Grain boundary phase transformations in PtAu and relevance to thermal stabilization of bulk nanocrystalline metals', 'journal': 'Journal of Materials Science', 'volume': '53', 'pages': '2911--2927', 'number': '4', 'doi': '10.1007/s10853-017-1706-1', 'publisher': 'Springer Nature', 'url': 'https://doi.org/10.1007%2Fs10853-017-1706-1', 'year': '2017', 'author': [""C. J. O'Brien"", 'C. M. Barr', 'P. M. Price', 'K. Hattar', 'S. M. Foiles']}}]"
342,"['pair_style eam/alloy\n', 'pair_coeff * * Au_GLJ10_3.eam.alloy Au\n']",['potential_LAMMPS/2017--Purja-Pun-G-P--Au--LAMMPS--ipr1/Au_GLJ10_3.eam.alloy'],NISTiprpy,2017--Purja-Pun-G-P--Au--LAMMPS--ipr1,['Au'],"[{'2017--Purja-Pun-G-P--Au': {'title': 'to be published', 'year': '2017', 'author': ['G.P. Purja Pun']}}]"
343,"['pair_style tersoff/mod/c\n', 'pair_coeff * * Si.tersoff.modc Si\n']",['potential_LAMMPS/2017--Purja-Pun-G-P--Si--LAMMPS--ipr1/Si.tersoff.modc'],NISTiprpy,2017--Purja-Pun-G-P--Si--LAMMPS--ipr1,['Si'],"[{'Pun_2017': {'title': 'Optimized interatomic potential for silicon and its application to thermal stability of silicene', 'journal': 'Physical Review B', 'volume': '95', 'pages': '224103', 'number': '22', 'doi': '10.1103/physrevb.95.224103', 'publisher': 'American Physical Society (APS)', 'url': 'https://doi.org/10.1103%2Fphysrevb.95.224103', 'year': '2017', 'author': ['G. P. Purja Pun', 'Y. Mishin']}}]"
344,"['pair_style adp\n', 'pair_coeff * * Zr_Nb.adp.txt Zr Nb\n']",['potential_LAMMPS/2017--Smirnova-D-E--Zr-Nb--LAMMPS--ipr1/Zr_Nb.adp.txt'],NISTiprpy,2017--Smirnova-D-E--Zr-Nb--LAMMPS--ipr1,"['Zr', 'Nb']","[{'Smirnova_2017': {'title': 'An interatomic potential for simulation of Zr-Nb system', 'journal': 'Computational Materials Science', 'volume': '129', 'pages': '259--272', 'doi': '10.1016/j.commatsci.2016.12.016', 'publisher': 'Elsevier BV', 'url': 'https://doi.org/10.1016%2Fj.commatsci.2016.12.016', 'year': '2017', 'author': ['D.E. Smirnova', 'S.V. Starikov']}}]"
345,"['pair_style eam/fs\n', 'pair_coeff * * TWIP.eam.fs meta_TWIP\n']",['potential_LAMMPS/2017--Wang-P--TWIP--LAMMPS--ipr2/TWIP.eam.fs'],NISTiprpy,2017--Wang-P--TWIP--LAMMPS--ipr2,['meta_TWIP'],"[{'Wang_2017': {'title': 'Atomistic simulation for deforming complex alloys with application toward TWIP steel and associated physical insights', 'journal': 'Journal of the Mechanics and Physics of Solids', 'volume': '98', 'pages': '290--308', 'doi': '10.1016/j.jmps.2016.09.008', 'publisher': 'Elsevier BV', 'url': 'https://doi.org/10.1016%2Fj.jmps.2016.09.008', 'year': '2017', 'author': ['Peng Wang', 'Shaofeng Xu', 'Jiabin Liu', 'Xiaoyan Li', 'Yujie Wei', 'Hongtao Wang', 'Huajian Gao', 'Wei Yang']}}]"
346,"['pair_style meam\n', 'pair_coeff * * library.meam Ni Cr NiCr.meam Ni Cr\n']","['potential_LAMMPS/2017--Wu-C--Ni-Cr--LAMMPS--ipr1/library.meam', 'potential_LAMMPS/2017--Wu-C--Ni-Cr--LAMMPS--ipr1/NiCr.meam']",NISTiprpy,2017--Wu-C--Ni-Cr--LAMMPS--ipr1,"['Ni', 'Cr']","[{'Wu_2017': {'title': 'Modified embedded-atom interatomic potential for Fe-Ni, Cr-Ni and Fe-Cr-Ni systems', 'journal': 'Calphad', 'volume': '57', 'pages': '98--106', 'doi': '10.1016/j.calphad.2017.03.007', 'publisher': 'Elsevier BV', 'url': 'https://doi.org/10.1016%2Fj.calphad.2017.03.007', 'year': '2017', 'author': ['Changjun Wu', 'Byeong-Joo Lee', 'Xuping Su']}}]"
347,"['pair_style meam\n', 'pair_coeff * * library.meam Ni Cr Fe NiCrFe.meam Ni Cr Fe\n']","['potential_LAMMPS/2017--Wu-C--Ni-Cr-Fe--LAMMPS--ipr1/library.meam', 'potential_LAMMPS/2017--Wu-C--Ni-Cr-Fe--LAMMPS--ipr1/NiCrFe.meam']",NISTiprpy,2017--Wu-C--Ni-Cr-Fe--LAMMPS--ipr1,"['Ni', 'Cr', 'Fe']","[{'Wu_2017': {'title': 'Modified embedded-atom interatomic potential for Fe-Ni, Cr-Ni and Fe-Cr-Ni systems', 'journal': 'Calphad', 'volume': '57', 'pages': '98--106', 'doi': '10.1016/j.calphad.2017.03.007', 'publisher': 'Elsevier BV', 'url': 'https://doi.org/10.1016%2Fj.calphad.2017.03.007', 'year': '2017', 'author': ['Changjun Wu', 'Byeong-Joo Lee', 'Xuping Su']}}]"
348,"['pair_style meam\n', 'pair_coeff * * library.meam Ni Fe NiFe.meam Ni Fe\n']","['potential_LAMMPS/2017--Wu-C--Ni-Fe--LAMMPS--ipr1/library.meam', 'potential_LAMMPS/2017--Wu-C--Ni-Fe--LAMMPS--ipr1/NiFe.meam']",NISTiprpy,2017--Wu-C--Ni-Fe--LAMMPS--ipr1,"['Ni', 'Fe']","[{'Wu_2017': {'title': 'Modified embedded-atom interatomic potential for Fe-Ni, Cr-Ni and Fe-Cr-Ni systems', 'journal': 'Calphad', 'volume': '57', 'pages': '98--106', 'doi': '10.1016/j.calphad.2017.03.007', 'publisher': 'Elsevier BV', 'url': 'https://doi.org/10.1016%2Fj.calphad.2017.03.007', 'year': '2017', 'author': ['Changjun Wu', 'Byeong-Joo Lee', 'Xuping Su']}}]"
349,"['pair_style polymorphic\n', 'pair_coeff * * InGaN.psw In Ga N\n']",['potential_LAMMPS/2017--Zhou-X-W--In-Ga-N--LAMMPS--ipr1/InGaN.psw'],NISTiprpy,2017--Zhou-X-W--In-Ga-N--LAMMPS--ipr1,"['In', 'Ga', 'N']","[{'Zhou_2017': {'title': 'Polymorphic improvement of Stillinger-Weber potential for InGaN', 'journal': 'Journal of Applied Physics', 'volume': '122', 'pages': '235703', 'number': '23', 'doi': '10.1063/1.5001339', 'publisher': 'AIP Publishing', 'url': 'https://doi.org/10.1063%2F1.5001339', 'year': '2017', 'author': ['X. W. Zhou', 'R. E. Jones', 'K. Chu']}}]"
350,"['pair_style tersoff/zbl\n', 'pair_coeff * * Be-O.tersoff.zbl Be O\n']",['potential_LAMMPS/2018--Byggmastar-J--Be-O--LAMMPS--ipr1/Be-O.tersoff.zbl'],NISTiprpy,2018--Byggmastar-J--Be-O--LAMMPS--ipr1,"['Be', 'O']","[{'Byggm_star_2018': {'title': 'Analytical bond order potential for simulations of BeO 1D and 2D nanostructures and plasma-surface interactions', 'journal': 'Journal of Physics: Condensed Matter', 'volume': '30', 'pages': '135001', 'number': '13', 'doi': '10.1088/1361-648x/aaafb3', 'publisher': 'IOP Publishing', 'url': 'https://doi.org/10.1088%2F1361-648x%2Faaafb3', 'year': '2018', 'author': ['J Byggmästar', 'E A Hodille', 'Y Ferro', 'K Nordlund']}}]"
351,"['pair_style eam/fs\n', 'pair_coeff * * WRe_YC1.eam.fs W Re\n']",['potential_LAMMPS/2018--Chen-Y--W-Re--LAMMPS--ipr1/WRe_YC1.eam.fs'],NISTiprpy,2018--Chen-Y--W-Re--LAMMPS--ipr1,"['W', 'Re']","[{'Chen_2018': {'title': 'New interatomic potentials of W, Re and W-Re alloy for radiation defects', 'journal': 'Journal of Nuclear Materials', 'volume': '502', 'pages': '141--153', 'doi': '10.1016/j.jnucmat.2018.01.059', 'publisher': 'Elsevier BV', 'url': 'https://doi.org/10.1016%2Fj.jnucmat.2018.01.059', 'year': '2018', 'author': ['Yangchun Chen', 'Yu-Hao Li', 'Ning Gao', 'Hong-Bo Zhou', 'Wangyu Hu', 'Guang-Hong Lu', 'Fei Gao', 'Huiqiu Deng']}}]"
352,"['pair_style meam\n', 'pair_coeff * * library.meam Co Ni Cr Fe Mn CoNiCrFeMn.meam Co Ni Cr Fe Mn\n']","['potential_LAMMPS/2018--Choi-W-M--Co-Ni-Cr-Fe-Mn--LAMMPS--ipr1/library.meam', 'potential_LAMMPS/2018--Choi-W-M--Co-Ni-Cr-Fe-Mn--LAMMPS--ipr1/CoNiCrFeMn.meam']",NISTiprpy,2018--Choi-W-M--Co-Ni-Cr-Fe-Mn--LAMMPS--ipr1,"['Co', 'Ni', 'Cr', 'Fe', 'Mn']","[{'Choi_2018': {'title': 'Understanding the physical metallurgy of the CoCrFeMnNi high-entropy alloy: an atomistic simulation study', 'journal': 'npj Computational Materials', 'volume': '4', 'pages': '1', 'number': '1', 'doi': '10.1038/s41524-017-0060-9', 'publisher': 'Springer Nature', 'url': 'https://doi.org/10.1038%2Fs41524-017-0060-9', 'year': '2018', 'author': ['Won-Mi Choi', 'Yong Hee Jo', 'Seok Su Sohn', 'Sunghak Lee', 'Byeong-Joo Lee']}}]"
353,"['pair_style meam\n', 'pair_coeff * * MgAlZn.library.meam Mg Al Zn MgAlZn.parameter.meam Mg Al Zn\n']","['potential_LAMMPS/2018--Dickel-D-E--Mg-Al-Zn--LAMMPS--ipr1/MgAlZn.library.meam', 'potential_LAMMPS/2018--Dickel-D-E--Mg-Al-Zn--LAMMPS--ipr1/MgAlZn.parameter.meam']",NISTiprpy,2018--Dickel-D-E--Mg-Al-Zn--LAMMPS--ipr1,"['Mg', 'Al', 'Zn']","[{'Dickel_2018': {'title': 'New interatomic potential for Mg-Al-Zn alloys with specific application to dilute Mg-based alloys', 'journal': 'Modelling and Simulation in Materials Science and Engineering', 'volume': '26', 'pages': '045010', 'number': '4', 'doi': '10.1088/1361-651x/aabaad', 'publisher': 'IOP Publishing', 'url': 'https://doi.org/10.1088%2F1361-651x%2Faabaad', 'year': '2018', 'author': ['Doyl E Dickel', 'Michael I Baskes', 'Imran Aslam', 'Christopher D Barrett']}}]"
354,"['pair_style meam\n', 'pair_coeff * * library.Cu.meam Cu Cu.meam Cu\n']","['potential_LAMMPS/2018--Etesami-S-A--Cu--LAMMPS--ipr1/library.Cu.meam', 'potential_LAMMPS/2018--Etesami-S-A--Cu--LAMMPS--ipr1/Cu.meam']",NISTiprpy,2018--Etesami-S-A--Cu--LAMMPS--ipr1,['Cu'],"[{'Etesami_2018': {'title': 'Molecular dynamics for near melting temperatures simulations of metals using modified embedded-atom method', 'journal': 'Journal of Physics and Chemistry of Solids', 'volume': '112', 'pages': '61--72', 'doi': '10.1016/j.jpcs.2017.09.001', 'publisher': 'Elsevier BV', 'url': 'https://doi.org/10.1016%2Fj.jpcs.2017.09.001', 'year': '2018', 'author': ['S. A. Etesami', 'Ebrahim Asadi']}}]"
355,"['pair_style meam\n', 'pair_coeff * * library.Fe.meam Fe Fe.meam Fe\n']","['potential_LAMMPS/2018--Etesami-S-A--Fe--LAMMPS--ipr1/library.Fe.meam', 'potential_LAMMPS/2018--Etesami-S-A--Fe--LAMMPS--ipr1/Fe.meam']",NISTiprpy,2018--Etesami-S-A--Fe--LAMMPS--ipr1,['Fe'],"[{'Etesami_2018': {'title': 'Molecular dynamics for near melting temperatures simulations of metals using modified embedded-atom method', 'journal': 'Journal of Physics and Chemistry of Solids', 'volume': '112', 'pages': '61--72', 'doi': '10.1016/j.jpcs.2017.09.001', 'publisher': 'Elsevier BV', 'url': 'https://doi.org/10.1016%2Fj.jpcs.2017.09.001', 'year': '2018', 'author': ['S. A. Etesami', 'Ebrahim Asadi']}}]"
356,"['pair_style meam\n', 'pair_coeff * * library.Ni.meam Ni Ni.meam Ni\n']","['potential_LAMMPS/2018--Etesami-S-A--Ni--LAMMPS--ipr1/library.Ni.meam', 'potential_LAMMPS/2018--Etesami-S-A--Ni--LAMMPS--ipr1/Ni.meam']",NISTiprpy,2018--Etesami-S-A--Ni--LAMMPS--ipr1,['Ni'],"[{'Etesami_2018': {'title': 'Molecular dynamics for near melting temperatures simulations of metals using modified embedded-atom method', 'journal': 'Journal of Physics and Chemistry of Solids', 'volume': '112', 'pages': '61--72', 'doi': '10.1016/j.jpcs.2017.09.001', 'publisher': 'Elsevier BV', 'url': 'https://doi.org/10.1016%2Fj.jpcs.2017.09.001', 'year': '2018', 'author': ['S. A. Etesami', 'Ebrahim Asadi']}}]"
357,"['pair_style meam\n', 'pair_coeff * * library.PbSn.Memphis.meam Pb Sn PbSn.Memphis.meam Pb Sn\n']","['potential_LAMMPS/2018--Etesami-S-A--Pb-Sn--LAMMPS--ipr1/library.PbSn.Memphis.meam', 'potential_LAMMPS/2018--Etesami-S-A--Pb-Sn--LAMMPS--ipr1/PbSn.Memphis.meam']",NISTiprpy,2018--Etesami-S-A--Pb-Sn--LAMMPS--ipr1,"['Pb', 'Sn']","[{'Etesami_2018': {'title': 'Thermodynamics of solid Sn and Pb-Sn liquid mixtures using molecular dynamics simulations', 'journal': 'Acta Materialia', 'volume': '161', 'pages': '320--330', 'doi': '10.1016/j.actamat.2018.09.036', 'publisher': 'Elsevier BV', 'url': 'https://doi.org/10.1016%2Fj.actamat.2018.09.036', 'year': '2018', 'author': ['Seyed Alireza Etesami', 'Michael I. Baskes', 'Mohamed Laradji', 'Ebrahim Asadi']}}]"
358,"['pair_style eam/alloy\n', 'pair_coeff * * FeNiCrCoCu-heafixed.setfl Fe Ni Cr Co Cu\n']",['potential_LAMMPS/2018--Farkas-D--Fe-Ni-Cr-Co-Cu--LAMMPS--ipr2/FeNiCrCoCu-heafixed.setfl'],NISTiprpy,2018--Farkas-D--Fe-Ni-Cr-Co-Cu--LAMMPS--ipr2,"['Fe', 'Ni', 'Cr', 'Co', 'Cu']","[{'Farkas_2018': {'title': 'Model interatomic potentials and lattice strain in a high-entropy alloy', 'journal': 'Journal of Materials Research', 'volume': '33', 'pages': '3218--3225', 'number': '19', 'doi': '10.1557/jmr.2018.245', 'publisher': 'Cambridge University Press (CUP)', 'url': 'https://doi.org/10.1557%2Fjmr.2018.245', 'year': '2018', 'author': ['Diana Farkas', 'Alfredo Caro']}}]"
359,"['pair_style adp\n', 'pair_coeff * * Cr.adp.txt Cr\n']",['potential_LAMMPS/2018--Howells-C-A--Cr--LAMMPS--ipr1/Cr.adp.txt'],NISTiprpy,2018--Howells-C-A--Cr--LAMMPS--ipr1,['Cr'],"[{'Howells_2018': {'title': 'Angular-dependent interatomic potential for the binary Ni-Cr system', 'journal': 'Modelling and Simulation in Materials Science and Engineering', 'volume': '26', 'pages': '085008', 'number': '8', 'doi': '10.1088/1361-651x/aae400', 'publisher': 'IOP Publishing', 'url': 'https://doi.org/10.1088%2F1361-651x%2Faae400', 'year': '2018', 'author': ['C A Howells', 'Y Mishin']}}]"
360,"['pair_style adp\n', 'pair_coeff * * CrNi.adp.txt Cr Ni\n']",['potential_LAMMPS/2018--Howells-C-A--Cr-Ni--LAMMPS--ipr1/CrNi.adp.txt'],NISTiprpy,2018--Howells-C-A--Cr-Ni--LAMMPS--ipr1,"['Cr', 'Ni']","[{'Howells_2018': {'title': 'Angular-dependent interatomic potential for the binary Ni-Cr system', 'journal': 'Modelling and Simulation in Materials Science and Engineering', 'volume': '26', 'pages': '085008', 'number': '8', 'doi': '10.1088/1361-651x/aae400', 'publisher': 'IOP Publishing', 'url': 'https://doi.org/10.1088%2F1361-651x%2Faae400', 'year': '2018', 'author': ['C A Howells', 'Y Mishin']}}]"
361,"['pair_style meam\n', 'pair_coeff * * library.meam Mg Nd MgNd.meam Mg Nd\n']","['potential_LAMMPS/2018--Jang-H-S--Mg-Nd--LAMMPS--ipr1/library.meam', 'potential_LAMMPS/2018--Jang-H-S--Mg-Nd--LAMMPS--ipr1/MgNd.meam']",NISTiprpy,2018--Jang-H-S--Mg-Nd--LAMMPS--ipr1,"['Mg', 'Nd']","[{'Kim_2017': {'title': 'Modified embedded-atom method interatomic potentials for Mg-Nd and Mg-Pb binary systems', 'journal': 'Calphad', 'volume': '57', 'pages': '55--61', 'doi': '10.1016/j.calphad.2017.03.003', 'publisher': 'Elsevier BV', 'url': 'https://doi.org/10.1016%2Fj.calphad.2017.03.003', 'year': '2017', 'author': ['Ki-Hyun Kim', 'Byeong-Joo Lee']}}]"
362,"['pair_style meam\n', 'pair_coeff * * library.meam Mg Pb MgPb.meam Mg Pb\n']","['potential_LAMMPS/2018--Jang-H-S--Mg-Pb--LAMMPS--ipr1/library.meam', 'potential_LAMMPS/2018--Jang-H-S--Mg-Pb--LAMMPS--ipr1/MgPb.meam']",NISTiprpy,2018--Jang-H-S--Mg-Pb--LAMMPS--ipr1,"['Mg', 'Pb']","[{'Kim_2017': {'title': 'Modified embedded-atom method interatomic potentials for Mg-Nd and Mg-Pb binary systems', 'journal': 'Calphad', 'volume': '57', 'pages': '55--61', 'doi': '10.1016/j.calphad.2017.03.003', 'publisher': 'Elsevier BV', 'url': 'https://doi.org/10.1016%2Fj.calphad.2017.03.003', 'year': '2017', 'author': ['Ki-Hyun Kim', 'Byeong-Joo Lee']}}]"
363,"['pair_style meam\n', 'pair_coeff * * library.meam Zn Zn.meam Zn\n']","['potential_LAMMPS/2018--Jang-H-S--Zn--LAMMPS--ipr1/library.meam', 'potential_LAMMPS/2018--Jang-H-S--Zn--LAMMPS--ipr1/Zn.meam']",NISTiprpy,2018--Jang-H-S--Zn--LAMMPS--ipr1,['Zn'],"[{'Jang_2018': {'title': 'Modified embedded-atom method interatomic potentials for pure Zn and Mg-Zn binary system', 'journal': 'Calphad', 'volume': '60', 'pages': '200--207', 'doi': '10.1016/j.calphad.2018.01.003', 'publisher': 'Elsevier BV', 'url': 'https://doi.org/10.1016%2Fj.calphad.2018.01.003', 'year': '2018', 'author': ['Hyo-Sun Jang', 'Kyeong-Min Kim', 'Byeong-Joo Lee']}}]"
364,"['pair_style meam\n', 'pair_coeff * * library.meam Zn Mg ZnMg.meam Zn Mg\n']","['potential_LAMMPS/2018--Jang-H-S--Zn-Mg--LAMMPS--ipr1/library.meam', 'potential_LAMMPS/2018--Jang-H-S--Zn-Mg--LAMMPS--ipr1/ZnMg.meam']",NISTiprpy,2018--Jang-H-S--Zn-Mg--LAMMPS--ipr1,"['Zn', 'Mg']","[{'Jang_2018': {'title': 'Modified embedded-atom method interatomic potentials for pure Zn and Mg-Zn binary system', 'journal': 'Calphad', 'volume': '60', 'pages': '200--207', 'doi': '10.1016/j.calphad.2018.01.003', 'publisher': 'Elsevier BV', 'url': 'https://doi.org/10.1016%2Fj.calphad.2018.01.003', 'year': '2018', 'author': ['Hyo-Sun Jang', 'Kyeong-Min Kim', 'Byeong-Joo Lee']}}]"
365,"['pair_style meam\n', 'pair_coeff * * library.meam Pd Al PdAl.meam Pd Al\n']","['potential_LAMMPS/2018--Jeong-G-U--Pd-Al--LAMMPS--ipr1/library.meam', 'potential_LAMMPS/2018--Jeong-G-U--Pd-Al--LAMMPS--ipr1/PdAl.meam']",NISTiprpy,2018--Jeong-G-U--Pd-Al--LAMMPS--ipr1,"['Pd', 'Al']","[{'Jeong_2018': {'title': 'Second nearest-neighbor modified embedded-atom method interatomic potentials for the Pd-M (M\u202f=\u202fAl, Co, Cu, Fe, Mo, Ni, Ti) binary systems', 'journal': 'Calphad', 'volume': '62', 'pages': '172--186', 'doi': '10.1016/j.calphad.2018.06.006', 'publisher': 'Elsevier BV', 'url': 'https://doi.org/10.1016%2Fj.calphad.2018.06.006', 'year': '2018', 'author': ['Ga-Un Jeong', 'Chang Seo Park', 'Hyeon-Seok Do', 'Seul-Mi Park', 'Byeong-Joo Lee']}}]"
366,"['pair_style meam\n', 'pair_coeff * * library.meam Pd Co PdCo.meam Pd Co\n']","['potential_LAMMPS/2018--Jeong-G-U--Pd-Co--LAMMPS--ipr1/library.meam', 'potential_LAMMPS/2018--Jeong-G-U--Pd-Co--LAMMPS--ipr1/PdCo.meam']",NISTiprpy,2018--Jeong-G-U--Pd-Co--LAMMPS--ipr1,"['Pd', 'Co']","[{'Jeong_2018': {'title': 'Second nearest-neighbor modified embedded-atom method interatomic potentials for the Pd-M (M\u202f=\u202fAl, Co, Cu, Fe, Mo, Ni, Ti) binary systems', 'journal': 'Calphad', 'volume': '62', 'pages': '172--186', 'doi': '10.1016/j.calphad.2018.06.006', 'publisher': 'Elsevier BV', 'url': 'https://doi.org/10.1016%2Fj.calphad.2018.06.006', 'year': '2018', 'author': ['Ga-Un Jeong', 'Chang Seo Park', 'Hyeon-Seok Do', 'Seul-Mi Park', 'Byeong-Joo Lee']}}]"
367,"['pair_style meam\n', 'pair_coeff * * library.meam Pd Cu PdCu.meam Pd Cu\n']","['potential_LAMMPS/2018--Jeong-G-U--Pd-Cu--LAMMPS--ipr1/library.meam', 'potential_LAMMPS/2018--Jeong-G-U--Pd-Cu--LAMMPS--ipr1/PdCu.meam']",NISTiprpy,2018--Jeong-G-U--Pd-Cu--LAMMPS--ipr1,"['Pd', 'Cu']","[{'Jeong_2018': {'title': 'Second nearest-neighbor modified embedded-atom method interatomic potentials for the Pd-M (M\u202f=\u202fAl, Co, Cu, Fe, Mo, Ni, Ti) binary systems', 'journal': 'Calphad', 'volume': '62', 'pages': '172--186', 'doi': '10.1016/j.calphad.2018.06.006', 'publisher': 'Elsevier BV', 'url': 'https://doi.org/10.1016%2Fj.calphad.2018.06.006', 'year': '2018', 'author': ['Ga-Un Jeong', 'Chang Seo Park', 'Hyeon-Seok Do', 'Seul-Mi Park', 'Byeong-Joo Lee']}}]"
368,"['pair_style meam\n', 'pair_coeff * * library.meam Pd Fe PdFe.meam Pd Fe\n']","['potential_LAMMPS/2018--Jeong-G-U--Pd-Fe--LAMMPS--ipr1/library.meam', 'potential_LAMMPS/2018--Jeong-G-U--Pd-Fe--LAMMPS--ipr1/PdFe.meam']",NISTiprpy,2018--Jeong-G-U--Pd-Fe--LAMMPS--ipr1,"['Pd', 'Fe']","[{'Jeong_2018': {'title': 'Second nearest-neighbor modified embedded-atom method interatomic potentials for the Pd-M (M\u202f=\u202fAl, Co, Cu, Fe, Mo, Ni, Ti) binary systems', 'journal': 'Calphad', 'volume': '62', 'pages': '172--186', 'doi': '10.1016/j.calphad.2018.06.006', 'publisher': 'Elsevier BV', 'url': 'https://doi.org/10.1016%2Fj.calphad.2018.06.006', 'year': '2018', 'author': ['Ga-Un Jeong', 'Chang Seo Park', 'Hyeon-Seok Do', 'Seul-Mi Park', 'Byeong-Joo Lee']}}]"
369,"['pair_style meam\n', 'pair_coeff * * library.meam Pd Mo PdMo.meam Pd Mo\n']","['potential_LAMMPS/2018--Jeong-G-U--Pd-Mo--LAMMPS--ipr1/library.meam', 'potential_LAMMPS/2018--Jeong-G-U--Pd-Mo--LAMMPS--ipr1/PdMo.meam']",NISTiprpy,2018--Jeong-G-U--Pd-Mo--LAMMPS--ipr1,"['Pd', 'Mo']","[{'Jeong_2018': {'title': 'Second nearest-neighbor modified embedded-atom method interatomic potentials for the Pd-M (M\u202f=\u202fAl, Co, Cu, Fe, Mo, Ni, Ti) binary systems', 'journal': 'Calphad', 'volume': '62', 'pages': '172--186', 'doi': '10.1016/j.calphad.2018.06.006', 'publisher': 'Elsevier BV', 'url': 'https://doi.org/10.1016%2Fj.calphad.2018.06.006', 'year': '2018', 'author': ['Ga-Un Jeong', 'Chang Seo Park', 'Hyeon-Seok Do', 'Seul-Mi Park', 'Byeong-Joo Lee']}}]"
370,"['pair_style meam\n', 'pair_coeff * * library.meam Pd Ni PdNi.meam Pd Ni\n']","['potential_LAMMPS/2018--Jeong-G-U--Pd-Ni--LAMMPS--ipr1/library.meam', 'potential_LAMMPS/2018--Jeong-G-U--Pd-Ni--LAMMPS--ipr1/PdNi.meam']",NISTiprpy,2018--Jeong-G-U--Pd-Ni--LAMMPS--ipr1,"['Pd', 'Ni']","[{'Jeong_2018': {'title': 'Second nearest-neighbor modified embedded-atom method interatomic potentials for the Pd-M (M\u202f=\u202fAl, Co, Cu, Fe, Mo, Ni, Ti) binary systems', 'journal': 'Calphad', 'volume': '62', 'pages': '172--186', 'doi': '10.1016/j.calphad.2018.06.006', 'publisher': 'Elsevier BV', 'url': 'https://doi.org/10.1016%2Fj.calphad.2018.06.006', 'year': '2018', 'author': ['Ga-Un Jeong', 'Chang Seo Park', 'Hyeon-Seok Do', 'Seul-Mi Park', 'Byeong-Joo Lee']}}]"
371,"['pair_style meam\n', 'pair_coeff * * library.meam Pd Ti PdTi.meam Pd Ti\n']","['potential_LAMMPS/2018--Jeong-G-U--Pd-Ti--LAMMPS--ipr1/library.meam', 'potential_LAMMPS/2018--Jeong-G-U--Pd-Ti--LAMMPS--ipr1/PdTi.meam']",NISTiprpy,2018--Jeong-G-U--Pd-Ti--LAMMPS--ipr1,"['Pd', 'Ti']","[{'Jeong_2018': {'title': 'Second nearest-neighbor modified embedded-atom method interatomic potentials for the Pd-M (M\u202f=\u202fAl, Co, Cu, Fe, Mo, Ni, Ti) binary systems', 'journal': 'Calphad', 'volume': '62', 'pages': '172--186', 'doi': '10.1016/j.calphad.2018.06.006', 'publisher': 'Elsevier BV', 'url': 'https://doi.org/10.1016%2Fj.calphad.2018.06.006', 'year': '2018', 'author': ['Ga-Un Jeong', 'Chang Seo Park', 'Hyeon-Seok Do', 'Seul-Mi Park', 'Byeong-Joo Lee']}}]"
372,"['pair_style meam\n', 'pair_coeff * * library.meam Sn Sn.meam Sn\n']","['potential_LAMMPS/2018--Ko-W-S--Sn--LAMMPS--ipr1/library.meam', 'potential_LAMMPS/2018--Ko-W-S--Sn--LAMMPS--ipr1/Sn.meam']",NISTiprpy,2018--Ko-W-S--Sn--LAMMPS--ipr1,['Sn'],"[{'Ko_2018': {'title': 'Atomistic Simulations of Pure Tin Based on a New Modified Embedded-Atom Method Interatomic Potential', 'journal': 'Metals', 'volume': '8', 'pages': '900', 'number': '11', 'doi': '10.3390/met8110900', 'publisher': 'MDPI AG', 'url': 'https://doi.org/10.3390%2Fmet8110900', 'year': '2018', 'author': ['Won-Seok Ko', 'Dong-Hyun Kim', 'Yong-Jai Kwon', 'Min Lee']}}]"
373,"['pair_style eam/fs\n', 'pair_coeff * * Tb.eam.fs Tb\n']",['potential_LAMMPS/2018--Mendelev-M-I--Tb--LAMMPS--ipr1/Tb.eam.fs'],NISTiprpy,2018--Mendelev-M-I--Tb--LAMMPS--ipr1,['Tb'],"[{'Mendelev_2018': {'title': 'Molecular dynamics simulation of the solid-liquid interface migration in terbium', 'journal': 'The Journal of Chemical Physics', 'volume': '148', 'pages': '214705', 'number': '21', 'doi': '10.1063/1.5026922', 'publisher': 'AIP Publishing', 'url': 'https://doi.org/10.1063%2F1.5026922', 'year': '2018', 'author': ['M. I. Mendelev', 'F. Zhang', 'H. Song', 'Y. Sun', 'C. Z. Wang', 'K. M. Ho']}}]"
374,"['pair_style eam/fs\n', 'pair_coeff * * Ag-Ni.eam.fs Ag Ni\n']",['potential_LAMMPS/2018--Pan-Z--Ag-Ni--LAMMPS--ipr1/Ag-Ni.eam.fs'],NISTiprpy,2018--Pan-Z--Ag-Ni--LAMMPS--ipr1,"['Ag', 'Ni']","[{'Pan_2018': {'title': 'Development of a semi-empirical potential for simulation of Ni solute segregation into grain boundaries in Ag', 'journal': 'Modelling and Simulation in Materials Science and Engineering', 'volume': '26', 'pages': '075004', 'number': '7', 'doi': '10.1088/1361-651x/aadea3', 'publisher': 'IOP Publishing', 'url': 'https://doi.org/10.1088%2F1361-651x%2Faadea3', 'year': '2018', 'author': ['Zhiliang Pan', 'Valery Borovikov', 'Mikhail I Mendelev', 'Frederic Sansoz']}}]"
375,"['pair_style eam/alloy\n', 'pair_coeff * * WRe_Setyawan_set145.eam.alloy W Re\n']",['potential_LAMMPS/2018--Setyawan-W--W-Re--LAMMPS--ipr1/WRe_Setyawan_set145.eam.alloy'],NISTiprpy,2018--Setyawan-W--W-Re--LAMMPS--ipr1,"['W', 'Re']","[{'Setyawan_2018': {'title': 'A tungsten-rhenium interatomic potential for point defect studies', 'journal': 'Journal of Applied Physics', 'volume': '123', 'pages': '205102', 'number': '20', 'doi': '10.1063/1.5030113', 'publisher': 'AIP Publishing', 'url': 'https://doi.org/10.1063%2F1.5030113', 'year': '2018', 'author': ['Wahyu Setyawan', 'Ning Gao', 'Richard J. Kurtz']}}]"
376,"['pair_style adp\n', 'pair_coeff * * Mg_H.adp.alloy.txt Mg H\n']",['potential_LAMMPS/2018--Smirnova-D-E--Mg-H--LAMMPS--ipr1/Mg_H.adp.alloy.txt'],NISTiprpy,2018--Smirnova-D-E--Mg-H--LAMMPS--ipr1,"['Mg', 'H']","[{'Smirnova_2018': {'title': 'New interatomic potential for simulation of pure magnesium and magnesium hydrides', 'journal': 'Computational Materials Science', 'volume': '154', 'pages': '295--302', 'doi': '10.1016/j.commatsci.2018.07.051', 'publisher': 'Elsevier BV', 'url': 'https://doi.org/10.1016%2Fj.commatsci.2018.07.051', 'year': '2018', 'author': ['D.E. Smirnova', 'S.V. Starikov', 'A.M. Vlasova']}}]"
377,"['pair_style adp\n', 'pair_coeff * * Si_Au.mod.adp.txt Si Au\n']",['potential_LAMMPS/2018--Starikov-S-V--Si-Au--LAMMPS--ipr2/Si_Au.mod.adp.txt'],NISTiprpy,2018--Starikov-S-V--Si-Au--LAMMPS--ipr2,"['Si', 'Au']","[{'Starikov_2018': {'title': 'Atomistic simulation of Si-Au melt crystallization with novel interatomic potential', 'journal': 'Computational Materials Science', 'volume': '142', 'pages': '303--311', 'doi': '10.1016/j.commatsci.2017.09.054', 'publisher': 'Elsevier BV', 'url': 'https://doi.org/10.1016%2Fj.commatsci.2017.09.054', 'year': '2018', 'author': ['S.V. Starikov', 'N.Yu. Lopanitsyna', 'D.E. Smirnova', 'S.V. Makarov']}}]"
378,"['pair_style adp\n', 'pair_coeff * * U_Mo.alloy.adp_cor.txt U Mo\n']",['potential_LAMMPS/2018--Starikov-S-V--U-Mo--LAMMPS--ipr2/U_Mo.alloy.adp_cor.txt'],NISTiprpy,2018--Starikov-S-V--U-Mo--LAMMPS--ipr2,"['U', 'Mo']","[{'Starikov_2018': {'title': 'Atomistic simulation of cubic and tetragonal phases of U-Mo alloy: Structure and thermodynamic properties', 'journal': 'Journal of Nuclear Materials', 'volume': '499', 'pages': '451--463', 'doi': '10.1016/j.jnucmat.2017.11.047', 'publisher': 'Elsevier BV', 'url': 'https://doi.org/10.1016%2Fj.jnucmat.2017.11.047', 'year': '2018', 'author': ['S.V. Starikov', 'L.N. Kolotova', 'A.Yu. Kuksin', 'D.E. Smirnova', 'V.I. Tseplyaev']}}]"
379,"['pair_style eam/alloy\n', 'pair_coeff * * Pb_Wang02.eam.fs Pb\n']",['potential_LAMMPS/2018--Wang-K--Pb-II--LAMMPS--ipr1/Pb_Wang02.eam.fs'],NISTiprpy,2018--Wang-K--Pb-II--LAMMPS--ipr1,['Pb'],"[{'Wang_2018': {'title': 'Improved embedded-atom model potentials of Pb at high pressure: application to investigations of plasticity and phase transition under extreme conditions', 'journal': 'Modelling and Simulation in Materials Science and Engineering', 'volume': '27', 'pages': '015001', 'number': '1', 'doi': '10.1088/1361-651x/aaea55', 'publisher': 'IOP Publishing', 'url': 'https://doi.org/10.1088%2F1361-651x%2Faaea55', 'year': '2018', 'author': ['Kun Wang', 'Wenjun Zhu', 'Meizhen Xiang', 'Yun Xu', 'Guomeng Li', 'Jun Chen']}}]"
380,"['pair_style bop\n', 'pair_coeff * * AlCuH_Dec3.t Al Cu H\n', 'comm_modify cutoff 14.7\n']",['potential_LAMMPS/2018--Zhou-X-W--Al-Cu-H--LAMMPS--ipr1/AlCuH_Dec3.t'],NISTiprpy,2018--Zhou-X-W--Al-Cu-H--LAMMPS--ipr1,"['Al', 'Cu', 'H']","[{'Zhou_2018': {'title': 'A bond-order potential for the Al–Cu–H ternary system', 'journal': 'New Journal of Chemistry', 'volume': '42', 'pages': '5215--5228', 'number': '7', 'doi': '10.1039/c8nj00513c', 'publisher': 'Royal Society of Chemistry (RSC)', 'url': 'https://doi.org/10.1039%2Fc8nj00513c', 'year': '2018', 'author': ['X. W. Zhou', 'D. K. Ward', 'M. E. Foster']}}]"
381,"['pair_style eam/alloy\n', 'pair_coeff * * FeNiCr.t Fe Ni Cr\n']",['potential_LAMMPS/2018--Zhou-X-W--Fe-Ni-Cr--LAMMPS--ipr1/FeNiCr.t'],NISTiprpy,2018--Zhou-X-W--Fe-Ni-Cr--LAMMPS--ipr1,"['Fe', 'Ni', 'Cr']","[{'Zhou_2018': {'title': 'An Fe-Ni-Cr embedded atom method potential for austenitic and ferritic systems', 'journal': 'Journal of Computational Chemistry', 'volume': '39', 'pages': '2420--2431', 'number': '29', 'doi': '10.1002/jcc.25573', 'publisher': 'Wiley', 'url': 'https://doi.org/10.1002%2Fjcc.25573', 'year': '2018', 'author': ['Xiaowang W. Zhou', 'Michael E. Foster', 'Ryan B. Sills']}}]"
382,"['pair_style eam/fs\n', 'pair_coeff * * FeNiCr_fs.t Fe Ni Cr\n']",['potential_LAMMPS/2018--Zhou-X-W--Fe-Ni-Cr--LAMMPS--ipr2/FeNiCr_fs.t'],NISTiprpy,2018--Zhou-X-W--Fe-Ni-Cr--LAMMPS--ipr2,"['Fe', 'Ni', 'Cr']","[{'Zhou_2018': {'title': 'An Fe-Ni-Cr embedded atom method potential for austenitic and ferritic systems', 'journal': 'Journal of Computational Chemistry', 'volume': '39', 'pages': '2420--2431', 'number': '29', 'doi': '10.1002/jcc.25573', 'publisher': 'Wiley', 'url': 'https://doi.org/10.1002%2Fjcc.25573', 'year': '2018', 'author': ['Xiaowang W. Zhou', 'Michael E. Foster', 'Ryan B. Sills']}}]"
383,"['pair_style meam\n', 'pair_coeff * * library.meam Fe Mn Si C parameter.meam Fe Mn Si C\n']","['potential_LAMMPS/2019--Aslam-I--Fe-Mn-Si-C--LAMMPS--ipr1/library.meam', 'potential_LAMMPS/2019--Aslam-I--Fe-Mn-Si-C--LAMMPS--ipr1/parameter.meam']",NISTiprpy,2019--Aslam-I--Fe-Mn-Si-C--LAMMPS--ipr1,"['Fe', 'Mn', 'Si', 'C']","[{'Aslam_2019': {'title': 'Thermodynamic and kinetic behavior of low-alloy steels: An atomic level study using an Fe-Mn-Si-C modified embedded atom method (MEAM) potential', 'journal': 'Materialia', 'volume': '8', 'pages': '100473', 'doi': '10.1016/j.mtla.2019.100473', 'publisher': 'Elsevier BV', 'url': 'https://doi.org/10.1016%2Fj.mtla.2019.100473', 'year': '2019', 'author': ['I. Aslam', 'M.I. Baskes', 'D.E. Dickel', 'S. Adibi', 'B. Li', 'H. Rhee', 'M. Asle Zaeem', 'M.F. Horstemeyer']}}]"
384,"['pair_style tersoff/zbl\n', 'pair_coeff * * Fe-O.tersoff.zbl Fe O\n']",['potential_LAMMPS/2019--Byggmastar-J--Fe-O--LAMMPS--ipr1/Fe-O.tersoff.zbl'],NISTiprpy,2019--Byggmastar-J--Fe-O--LAMMPS--ipr1,"['Fe', 'O']","[{'Byggm_star_2019': {'title': 'Analytical interatomic bond-order potential for simulations of oxygen defects in iron', 'journal': 'Journal of Physics: Condensed Matter', 'volume': '31', 'pages': '215401', 'doi': '10.1088/1361-648x/ab0931', 'publisher': 'IOP Publishing', 'url': 'https://doi.org/10.1088%2F1361-648x%2Fab0931', 'year': '2019', 'author': ['Jesper Byggmästar', 'Morten Nagel', 'Karsten Albe', 'Krister Henriksson', 'Kai Nordlund']}}]"
385,"['pair_style eam/fs\n', 'pair_coeff * * WRe_YC2.eam.fs W Re\n']",['potential_LAMMPS/2019--Chen-Y--W-Re--LAMMPS--ipr1/WRe_YC2.eam.fs'],NISTiprpy,2019--Chen-Y--W-Re--LAMMPS--ipr1,"['W', 'Re']","[{'Chen_2019': {'title': 'The interactions between rhenium and interstitial-type defects in bulk tungsten: A combined study by molecular dynamics and molecular statics simulations', 'journal': 'Journal of Nuclear Materials', 'volume': '522', 'pages': '200--211', 'doi': '10.1016/j.jnucmat.2019.05.003', 'publisher': 'Elsevier BV', 'url': 'https://doi.org/10.1016%2Fj.jnucmat.2019.05.003', 'year': '2019', 'author': ['Yangchun Chen', 'Jingzhong Fang', 'Lixia Liu', 'Wangyu Hu', 'Chao Jiang', 'Ning Gao', 'Hong-Bo Zhou', 'Guang-Hong Lu', 'Fei Gao', 'Huiqiu Deng']}}]"
386,"['pair_style eam/fs\n', 'pair_coeff * * WTa.eam.fs W Ta\n']",['potential_LAMMPS/2019--Chen-Y--W-Ta--LAMMPS--ipr1/WTa.eam.fs'],NISTiprpy,2019--Chen-Y--W-Ta--LAMMPS--ipr1,"['W', 'Ta']","[{'Chen_2019': {'title': 'Development of the interatomic potentials for W-Ta system', 'journal': 'Computational Materials Science', 'volume': '163', 'pages': '91--99', 'doi': '10.1016/j.commatsci.2019.03.021', 'publisher': 'Elsevier BV', 'url': 'https://doi.org/10.1016%2Fj.commatsci.2019.03.021', 'year': '2019', 'author': ['Yangchun Chen', 'Jingzhong Fang', 'Lixia Liu', 'Wangyu Hu', 'Ning Gao', 'Fei Gao', 'Huiqiu Deng']}}]"
387,"['pair_style hybrid table linear 1000 eam/alloy\n', 'pair_coeff 2 2 table He.Aziz.table HeHe_Aziz\n', 'pair_coeff 1 2 table TaHe.Juslin.table TaHe_Juslin\n', 'pair_coeff * * eam/alloy Ta_Zhou04.eam.alloy Ta NULL\n']","['potential_LAMMPS/2019--Duan-X--Ta-He--LAMMPS--ipr1/He.Aziz.table', 'potential_LAMMPS/2019--Duan-X--Ta-He--LAMMPS--ipr1/TaHe.Juslin.table', 'potential_LAMMPS/2019--Duan-X--Ta-He--LAMMPS--ipr1/Ta_Zhou04.eam.alloy']",NISTiprpy,2019--Duan-X--Ta-He--LAMMPS--ipr1,"['Ta', 'He']","[{'Duan_2019': {'title': 'Development of a pair potential for Ta-He system', 'journal': 'Computational Materials Science', 'volume': '156', 'pages': '268--272', 'doi': '10.1016/j.commatsci.2018.09.057', 'publisher': 'Elsevier BV', 'url': 'https://doi.org/10.1016%2Fj.commatsci.2018.09.057', 'year': '2019', 'author': ['Xianbao Duan', 'Feng Xie', 'Xu Guo', 'Zhitian Liu', 'Jiaqiang Yang', 'Xiao Liu', 'Bin Shan']}}]"
388,"['pair_style eam/alloy\n', 'pair_coeff * * Cu_Ni_Fischer_2018.eam.alloy Cu Ni\n']",['potential_LAMMPS/2019--Fischer-F--Cu-Ni--LAMMPS--ipr1/Cu_Ni_Fischer_2018.eam.alloy'],NISTiprpy,2019--Fischer-F--Cu-Ni--LAMMPS--ipr1,"['Cu', 'Ni']","[{'Fischer_2019': {'title': 'A systematic study of grain boundary segregation and grain boundary formation energy using a new copper–nickel embedded-atom potential', 'journal': 'Acta Materialia', 'volume': '176', 'pages': '220--231', 'doi': '10.1016/j.actamat.2019.06.027', 'publisher': 'Elsevier BV', 'url': 'https://doi.org/10.1016%2Fj.actamat.2019.06.027', 'year': '2019', 'author': ['F. Fischer', 'G. Schmitz', 'S.M. Eich']}}]"
389,"['pair_style eam/alloy\n', 'pair_coeff * * Cu_Ni_Fischer_2018.eam.alloy Cu Ni\n']",['potential_LAMMPS/2019--Fischer-F--Cu-Ni--LAMMPS--ipr2/Cu_Ni_Fischer_2018.eam.alloy'],NISTiprpy,2019--Fischer-F--Cu-Ni--LAMMPS--ipr2,"['Cu', 'Ni']","[{'Fischer_2019': {'title': 'A systematic study of grain boundary segregation and grain boundary formation energy using a new copper–nickel embedded-atom potential', 'journal': 'Acta Materialia', 'volume': '176', 'pages': '220--231', 'doi': '10.1016/j.actamat.2019.06.027', 'publisher': 'Elsevier BV', 'url': 'https://doi.org/10.1016%2Fj.actamat.2019.06.027', 'year': '2019', 'author': ['F. Fischer', 'G. Schmitz', 'S.M. Eich']}}]"
390,"['pair_style eam/alloy\n', 'pair_coeff * * Cu_Ni_Fischer_2018.eam.alloy Cu Ni\n']",['potential_LAMMPS/2019--Fischer-F--Cu-Ni--LAMMPS--ipr3/Cu_Ni_Fischer_2018.eam.alloy'],NISTiprpy,2019--Fischer-F--Cu-Ni--LAMMPS--ipr3,"['Cu', 'Ni']","[{'Fischer_2019': {'title': 'A systematic study of grain boundary segregation and grain boundary formation energy using a new copper–nickel embedded-atom potential', 'journal': 'Acta Materialia', 'volume': '176', 'pages': '220--231', 'doi': '10.1016/j.actamat.2019.06.027', 'publisher': 'Elsevier BV', 'url': 'https://doi.org/10.1016%2Fj.actamat.2019.06.027', 'year': '2019', 'author': ['F. Fischer', 'G. Schmitz', 'S.M. Eich']}}]"
391,"['pair_style meam\n', 'pair_coeff * * library.meam Ca Zn Mg CaZnMg.meam Ca Zn Mg\n']","['potential_LAMMPS/2019--Jang-H-S--Mg-Zn-Ca--LAMMPS--ipr1/library.meam', 'potential_LAMMPS/2019--Jang-H-S--Mg-Zn-Ca--LAMMPS--ipr1/CaZnMg.meam']",NISTiprpy,2019--Jang-H-S--Mg-Zn-Ca--LAMMPS--ipr1,"['Ca', 'Zn', 'Mg']","[{'Jang_2019': {'title': 'Modified embedded-atom method interatomic potential for the Mg–Zn–Ca ternary system', 'journal': 'Calphad', 'volume': '67', 'pages': '101674', 'doi': '10.1016/j.calphad.2019.101674', 'publisher': 'Elsevier BV', 'url': 'https://doi.org/10.1016%2Fj.calphad.2019.101674', 'year': '2019', 'author': ['Hyo-Sun Jang', 'Donghyuk Seol', 'Byeong-Joo Lee']}}]"
392,"['pair_style meam\n', 'pair_coeff * * library.meam Ni Ti NiTi.meam Ni Ti\n']","['potential_LAMMPS/2019--Kavousi-S--Ni-Ti--LAMMPS--ipr1/library.meam', 'potential_LAMMPS/2019--Kavousi-S--Ni-Ti--LAMMPS--ipr1/NiTi.meam']",NISTiprpy,2019--Kavousi-S--Ni-Ti--LAMMPS--ipr1,"['Ni', 'Ti']","[{'Kavousi_2019': {'title': 'Modified embedded-atom method potential for high-temperature crystal-melt properties of Ti–Ni alloys and its application to phase field simulation of solidification', 'journal': 'Modelling and Simulation in Materials Science and Engineering', 'volume': '28', 'pages': '015006', 'number': '1', 'doi': '10.1088/1361-651x/ab580c', 'publisher': 'IOP Publishing', 'url': 'https://doi.org/10.1088%2F1361-651x%2Fab580c', 'year': '2019', 'author': ['Sepideh Kavousi', 'Brian R Novak', 'Michael I Baskes', 'M. Asle Zaeem', 'Dorel Moldovan']}}]"
393,"['pair_style eam/fs\n', 'pair_coeff * * Cu-Zr_4.eam.fs Cu Zr\n']",['potential_LAMMPS/2019--Mendelev-M-I--Cu-Zr--LAMMPS--ipr1/Cu-Zr_4.eam.fs'],NISTiprpy,2019--Mendelev-M-I--Cu-Zr--LAMMPS--ipr1,"['Cu', 'Zr']","[{'Mendelev_2019': {'title': 'Development of a semi-empirical potential suitable for molecular dynamics simulation of vitrification in Cu-Zr alloys', 'journal': 'The Journal of Chemical Physics', 'volume': '151', 'pages': '214502', 'number': '21', 'doi': '10.1063/1.5131500', 'publisher': 'AIP Publishing', 'url': 'https://doi.org/10.1063%2F1.5131500', 'year': '2019', 'author': ['M. I. Mendelev', 'Y. Sun', 'F. Zhang', 'C. Z. Wang', 'K. M. Ho']}}]"
394,"['pair_style eam/fs\n', 'pair_coeff * * Fe-Ni-Cr_fcc.eam.fs Fe Ni Cr\n']",['potential_LAMMPS/2019--Mendelev-M-I--Fe-Ni-Cr--LAMMPS--ipr1/Fe-Ni-Cr_fcc.eam.fs'],NISTiprpy,2019--Mendelev-M-I--Fe-Ni-Cr--LAMMPS--ipr1,"['Fe', 'Ni', 'Cr']","[{'2019--M-I-Mendelev--Fe-Ni-Cr': {'title': 'to be published', 'year': '2019', 'author': ['M.I. Mendelev']}}]"
395,"['pair_style tersoff\n', 'pair_coeff * * TACBOP.tersoff Ti Al C\n']",['potential_LAMMPS/2019--Plummer-G--Ti-Al-C--LAMMPS--ipr1/TACBOP.tersoff'],NISTiprpy,2019--Plummer-G--Ti-Al-C--LAMMPS--ipr1,"['Ti', 'Al', 'C']","[{'Plummer_2019': {'title': 'Bond-order potentials for the Ti<sub>3</sub>AlC<sub>2</sub> and Ti<sub>3</sub>SiC<sub>2</sub> MAX phases', 'journal': 'Physical Review B', 'volume': '100', 'pages': '214114', 'number': '21', 'doi': '10.1103/physrevb.100.214114', 'publisher': 'American Physical Society (APS)', 'url': 'https://doi.org/10.1103%2Fphysrevb.100.214114', 'year': '2019', 'author': ['Gabriel Plummer', 'Garritt J. Tucker']}}]"
396,"['pair_style tersoff\n', 'pair_coeff * * TSCBOP.tersoff Ti Si C\n']",['potential_LAMMPS/2019--Plummer-G--Ti-Si-C--LAMMPS--ipr1/TSCBOP.tersoff'],NISTiprpy,2019--Plummer-G--Ti-Si-C--LAMMPS--ipr1,"['Ti', 'Si', 'C']","[{'Plummer_2019': {'title': 'Bond-order potentials for the Ti<sub>3</sub>AlC<sub>2</sub> and Ti<sub>3</sub>SiC<sub>2</sub> MAX phases', 'journal': 'Physical Review B', 'volume': '100', 'pages': '214114', 'number': '21', 'doi': '10.1103/physrevb.100.214114', 'publisher': 'American Physical Society (APS)', 'url': 'https://doi.org/10.1103%2Fphysrevb.100.214114', 'year': '2019', 'author': ['Gabriel Plummer', 'Garritt J. Tucker']}}]"
397,"['pair_style meam/spline\n', 'pair_coeff * * Nb.meam.spline Nb\n']",['potential_LAMMPS/2019--Yang-C--Nb--LAMMPS--ipr1/Nb.meam.spline'],NISTiprpy,2019--Yang-C--Nb--LAMMPS--ipr1,['Nb'],"[{'Yang_2019': {'title': 'Modified embedded-atom method potential of niobium for studies on mechanical properties', 'journal': 'Computational Materials Science', 'volume': '161', 'pages': '351--363', 'doi': '10.1016/j.commatsci.2019.01.047', 'publisher': 'Elsevier BV', 'url': 'https://doi.org/10.1016%2Fj.commatsci.2019.01.047', 'year': '2019', 'author': ['Chaoming Yang', 'Liang Qi']}}]"
398,"['pair_style tersoff/zbl\n', 'pair_coeff * * Fe_Byggmastar.tersoff.zbl Fe\n']",['potential_LAMMPS/2020--Byggmastar-J--Fe--LAMMPS--ipr1/Fe_Byggmastar.tersoff.zbl'],NISTiprpy,2020--Byggmastar-J--Fe--LAMMPS--ipr1,['Fe'],"[{'Byggm_star_2020': {'title': 'Dynamical stability of radiation-induced C15 clusters in iron', 'journal': 'Journal of Nuclear Materials', 'volume': '528', 'pages': '151893', 'doi': '10.1016/j.jnucmat.2019.151893', 'publisher': 'Elsevier BV', 'url': 'https://doi.org/10.1016%2Fj.jnucmat.2019.151893', 'year': '2020', 'author': ['J. Byggmästar', 'F. Granberg']}}]"
399,"['pair_style eam/fs\n', 'pair_coeff * * WMo.eam.fs W Mo\n']",['potential_LAMMPS/2020--Chen-Y--W-Mo--LAMMPS--ipr1/WMo.eam.fs'],NISTiprpy,2020--Chen-Y--W-Mo--LAMMPS--ipr1,"['W', 'Mo']","[{'Chen_2020': {'title': 'Interatomic potentials of W-V and W-Mo binary systems for point defects studies', 'journal': 'Journal of Nuclear Materials', 'volume': '531', 'pages': '152020', 'doi': '10.1016/j.jnucmat.2020.152020', 'publisher': 'Elsevier BV', 'url': 'https://doi.org/10.1016%2Fj.jnucmat.2020.152020', 'year': '2020', 'author': ['Yangchun Chen', 'Xichuan Liao', 'Ning Gao', 'Wangyu Hu', 'Fei Gao', 'Huiqiu Deng']}}]"
400,"['pair_style eam/fs\n', 'pair_coeff * * WV.eam.fs W V\n']",['potential_LAMMPS/2020--Chen-Y--W-V--LAMMPS--ipr1/WV.eam.fs'],NISTiprpy,2020--Chen-Y--W-V--LAMMPS--ipr1,"['W', 'V']","[{'Chen_2020': {'title': 'Interatomic potentials of W-V and W-Mo binary systems for point defects studies', 'journal': 'Journal of Nuclear Materials', 'volume': '531', 'pages': '152020', 'doi': '10.1016/j.jnucmat.2020.152020', 'publisher': 'Elsevier BV', 'url': 'https://doi.org/10.1016%2Fj.jnucmat.2020.152020', 'year': '2020', 'author': ['Yangchun Chen', 'Xichuan Liao', 'Ning Gao', 'Wangyu Hu', 'Fei Gao', 'Huiqiu Deng']}}]"
401,"['pair_style eam/alloy\n', 'pair_coeff * * FeNiCrCoAl-heaweight.setfl Fe Ni Cr Co Al\n']",['potential_LAMMPS/2020--Farkas-D--Fe-Ni-Cr-Co-Al--LAMMPS--ipr1/FeNiCrCoAl-heaweight.setfl'],NISTiprpy,2020--Farkas-D--Fe-Ni-Cr-Co-Al--LAMMPS--ipr1,"['Fe', 'Ni', 'Cr', 'Co', 'Al']","[{'Farkas_2020': {'title': 'Model interatomic potentials for Fe–Ni–Cr–Co–Al high-entropy alloys', 'journal': 'Journal of Materials Research', 'volume': '35', 'pages': '3031--3040', 'doi': '10.1557/jmr.2020.294', 'publisher': 'Cambridge University Press (CUP)', 'url': 'https://doi.org/10.1557%2Fjmr.2020.294', 'year': '2020', 'author': ['Diana Farkas', 'Alfredo Caro']}}]"
402,"['pair_style table spline 10000\n', 'pair_coeff 1 1 mie_Co-Co.table ENTRY\n', 'pair_coeff 2 2 mie_Cr-Cr.table ENTRY\n', 'pair_coeff 3 3 mie_Fe-Fe.table ENTRY\n', 'pair_coeff 4 4 mie_Mn-Mn.table ENTRY\n', 'pair_coeff 5 5 mie_Ni-Ni.table ENTRY\n', 'pair_coeff 1 2 mie_Co-Cr.table ENTRY\n', 'pair_coeff 1 3 mie_Co-Fe.table ENTRY\n', 'pair_coeff 1 4 mie_Co-Mn.table ENTRY\n', 'pair_coeff 1 5 mie_Co-Ni.table ENTRY\n', 'pair_coeff 2 3 mie_Cr-Fe.table ENTRY\n', 'pair_coeff 2 4 mie_Cr-Mn.table ENTRY\n', 'pair_coeff 2 5 mie_Cr-Ni.table ENTRY\n', 'pair_coeff 3 4 mie_Fe-Mn.table ENTRY\n', 'pair_coeff 3 5 mie_Fe-Ni.table ENTRY\n', 'pair_coeff 4 5 mie_Mn-Ni.table ENTRY\n']","['potential_LAMMPS/2020--Groger-R--Co-Cr-Fe-Mn-Ni--LAMMPS--ipr1/mie_Co-Co.table', 'potential_LAMMPS/2020--Groger-R--Co-Cr-Fe-Mn-Ni--LAMMPS--ipr1/mie_Cr-Cr.table', 'potential_LAMMPS/2020--Groger-R--Co-Cr-Fe-Mn-Ni--LAMMPS--ipr1/mie_Fe-Fe.table', 'potential_LAMMPS/2020--Groger-R--Co-Cr-Fe-Mn-Ni--LAMMPS--ipr1/mie_Mn-Mn.table', 'potential_LAMMPS/2020--Groger-R--Co-Cr-Fe-Mn-Ni--LAMMPS--ipr1/mie_Ni-Ni.table', 'potential_LAMMPS/2020--Groger-R--Co-Cr-Fe-Mn-Ni--LAMMPS--ipr1/mie_Co-Cr.table', 'potential_LAMMPS/2020--Groger-R--Co-Cr-Fe-Mn-Ni--LAMMPS--ipr1/mie_Co-Fe.table', 'potential_LAMMPS/2020--Groger-R--Co-Cr-Fe-Mn-Ni--LAMMPS--ipr1/mie_Co-Mn.table', 'potential_LAMMPS/2020--Groger-R--Co-Cr-Fe-Mn-Ni--LAMMPS--ipr1/mie_Co-Ni.table', 'potential_LAMMPS/2020--Groger-R--Co-Cr-Fe-Mn-Ni--LAMMPS--ipr1/mie_Cr-Fe.table', 'potential_LAMMPS/2020--Groger-R--Co-Cr-Fe-Mn-Ni--LAMMPS--ipr1/mie_Cr-Mn.table', 'potential_LAMMPS/2020--Groger-R--Co-Cr-Fe-Mn-Ni--LAMMPS--ipr1/mie_Cr-Ni.table', 'potential_LAMMPS/2020--Groger-R--Co-Cr-Fe-Mn-Ni--LAMMPS--ipr1/mie_Fe-Mn.table', 'potential_LAMMPS/2020--Groger-R--Co-Cr-Fe-Mn-Ni--LAMMPS--ipr1/mie_Fe-Ni.table', 'potential_LAMMPS/2020--Groger-R--Co-Cr-Fe-Mn-Ni--LAMMPS--ipr1/mie_Mn-Ni.table']",NISTiprpy,2020--Groger-R--Co-Cr-Fe-Mn-Ni--LAMMPS--ipr1,"['Co', 'Cr', 'Fe', 'Mn', 'Ni']","[{'2020': {'title': 'Effective pair potential for random fcc CoCrFeMnNi alloys', 'journal': 'Modelling and Simulation in Materials Science and Engineering', 'volume': '28', 'pages': '075006', 'number': '7', 'doi': '10.1088/1361-651x/ab7f8b', 'publisher': 'IOP Publishing', 'url': 'https://doi.org/10.1088%2F1361-651x%2Fab7f8b', 'year': '2020', 'author': ['R Gröger', 'V Vitek', 'A Dlouhý']}}]"
403,"['pair_style meam\n', 'pair_coeff * * library.meam Pd C PdC.meam Pd C\n']","['potential_LAMMPS/2020--Jeong-G-U--Pd-C--LAMMPS--ipr1/library.meam', 'potential_LAMMPS/2020--Jeong-G-U--Pd-C--LAMMPS--ipr1/PdC.meam']",NISTiprpy,2020--Jeong-G-U--Pd-C--LAMMPS--ipr1,"['Pd', 'C']","[{'Jeong_2020': {'title': 'Interatomic potentials for Pt-C and Pd-C systems and a study of structure-adsorption relationship in large Pt/graphene system', 'journal': 'Computational Materials Science', 'volume': '185', 'pages': '109946', 'doi': '10.1016/j.commatsci.2020.109946', 'publisher': 'Elsevier BV', 'url': 'https://doi.org/10.1016%2Fj.commatsci.2020.109946', 'year': '2020', 'author': ['Ga-Un Jeong', 'Byeong-Joo Lee']}}]"
404,"['pair_style meam\n', 'pair_coeff * * library.meam Pt C PtC.meam Pt C\n']","['potential_LAMMPS/2020--Jeong-G-U--Pt-C--LAMMPS--ipr1/library.meam', 'potential_LAMMPS/2020--Jeong-G-U--Pt-C--LAMMPS--ipr1/PtC.meam']",NISTiprpy,2020--Jeong-G-U--Pt-C--LAMMPS--ipr1,"['Pt', 'C']","[{'Jeong_2020': {'title': 'Interatomic potentials for Pt-C and Pd-C systems and a study of structure-adsorption relationship in large Pt/graphene system', 'journal': 'Computational Materials Science', 'volume': '185', 'pages': '109946', 'doi': '10.1016/j.commatsci.2020.109946', 'publisher': 'Elsevier BV', 'url': 'https://doi.org/10.1016%2Fj.commatsci.2020.109946', 'year': '2020', 'author': ['Ga-Un Jeong', 'Byeong-Joo Lee']}}]"
405,"['pair_style meam\n', 'pair_coeff * * library.meam.0 Cu N Ti CuNTi.meam.0 Cu N Ti\n']","['potential_LAMMPS/2020--Miraz-A-S-M--Cu-N-Ti--LAMMPS--ipr1/library.meam.0', 'potential_LAMMPS/2020--Miraz-A-S-M--Cu-N-Ti--LAMMPS--ipr1/CuNTi.meam.0']",NISTiprpy,2020--Miraz-A-S-M--Cu-N-Ti--LAMMPS--ipr1,"['Cu', 'N', 'Ti']","[{'Miraz_2020': {'title': 'Development and application of interatomic potentials to study the stability and shear strength of Ti/TiN and Cu/TiN interfaces', 'journal': 'Materials & Design', 'volume': '196', 'pages': '109123', 'doi': '10.1016/j.matdes.2020.109123', 'publisher': 'Elsevier BV', 'url': 'https://doi.org/10.1016%2Fj.matdes.2020.109123', 'year': '2020', 'author': ['Abu Shama Mohammad Miraz', 'Nisha Dhariwal', 'W.J. Meng', 'Bala R. Ramachandran', 'Collin D. Wick']}}]"
406,"['pair_style aenet\n', 'pair_coeff * * v01 Fe **.10tw-10tw.ann Fe\n']",['potential_LAMMPS/2020--Mori-H--Fe--LAMMPS--ipr1/**.10tw-10tw.ann'],NISTiprpy,2020--Mori-H--Fe--LAMMPS--ipr1,['Fe'],"[{'Mori_2020': {'title': 'Neural network atomic potential to investigate the dislocation dynamics in bcc iron', 'journal': 'Physical Review Materials', 'volume': '4', 'pages': '040601', 'number': '4', 'doi': '10.1103/physrevmaterials.4.040601', 'publisher': 'American Physical Society (APS)', 'url': 'https://doi.org/10.1103%2Fphysrevmaterials.4.040601', 'year': '2020', 'author': ['Hideki Mori', 'Taisuke Ozaki']}}]"
407,"['pair_style meam\n', 'pair_coeff * * library.meam Co Ti CoTi.meam Co Ti\n']","['potential_LAMMPS/2020--Oh-S-H--Co-Ti--LAMMPS--ipr1/library.meam', 'potential_LAMMPS/2020--Oh-S-H--Co-Ti--LAMMPS--ipr1/CoTi.meam']",NISTiprpy,2020--Oh-S-H--Co-Ti--LAMMPS--ipr1,"['Co', 'Ti']","[{'Oh_2020': {'title': 'Second nearest-neighbor modified embedded-atom method interatomic potentials for the Co-M (M = Ti, V) binary systems', 'journal': 'Calphad', 'volume': '70', 'pages': '101791', 'doi': '10.1016/j.calphad.2020.101791', 'publisher': 'Elsevier BV', 'url': 'https://doi.org/10.1016%2Fj.calphad.2020.101791', 'year': '2020', 'author': ['Sang-Ho Oh', 'Donghyuk Seol', 'Byeong-Joo Lee']}}]"
408,"['pair_style meam\n', 'pair_coeff * * library.meam Co V CoV.meam Co V\n']","['potential_LAMMPS/2020--Oh-S-H--Co-V--LAMMPS--ipr1/library.meam', 'potential_LAMMPS/2020--Oh-S-H--Co-V--LAMMPS--ipr1/CoV.meam']",NISTiprpy,2020--Oh-S-H--Co-V--LAMMPS--ipr1,"['Co', 'V']","[{'Oh_2020': {'title': 'Second nearest-neighbor modified embedded-atom method interatomic potentials for the Co-M (M = Ti, V) binary systems', 'journal': 'Calphad', 'volume': '70', 'pages': '101791', 'doi': '10.1016/j.calphad.2020.101791', 'publisher': 'Elsevier BV', 'url': 'https://doi.org/10.1016%2Fj.calphad.2020.101791', 'year': '2020', 'author': ['Sang-Ho Oh', 'Donghyuk Seol', 'Byeong-Joo Lee']}}]"
409,"['pair_style pinn\n', 'pair_coeff * * Al_2020.pinn Al\n']",['potential_LAMMPS/2020--Purja-Pun-G-P--Al--LAMMPS--ipr1/Al_2020.pinn'],NISTiprpy,2020--Purja-Pun-G-P--Al--LAMMPS--ipr1,['Al'],"[{'Pun_2020': {'title': 'Development of a general-purpose machine-learning interatomic potential for aluminum by the physically informed neural network method', 'journal': 'Physical Review Materials', 'volume': '4', 'pages': '113807', 'number': '11', 'doi': '10.1103/physrevmaterials.4.113807', 'publisher': 'American Physical Society (APS)', 'url': 'https://doi.org/10.1103%2Fphysrevmaterials.4.113807', 'year': '2020', 'author': ['G. P. Purja Pun', 'V. Yamakov', 'J. Hickman', 'E. H. Glaessgen', 'Y. Mishin']}}, {'Pun_2019': {'title': 'Physically-informed artificial neural networks for atomistic modeling of materials', 'journal': 'Nature Communications', 'volume': '10', 'pages': '2339', 'number': '1', 'doi': '10.1038/s41467-019-10343-5', 'publisher': 'Springer Science and Business Media LLC', 'url': 'https://doi.org/10.1038%2Fs41467-019-10343-5', 'year': '2019', 'author': ['G. P. Purja Pun', 'R. Batra', 'R. Ramprasad', 'Y. Mishin']}}]"
410,"['pair_style adp\n', 'pair_coeff * * Si_Au_Al.adp.txt Si Au Al\n']",['potential_LAMMPS/2020--Starikov-S--Si-Au-Al--LAMMPS--ipr1/Si_Au_Al.adp.txt'],NISTiprpy,2020--Starikov-S--Si-Au-Al--LAMMPS--ipr1,"['Si', 'Au', 'Al']","[{'Starikov_2020': {'title': 'Optimized interatomic potential for study of structure and phase transitions in Si-Au and Si-Al systems', 'journal': 'Computational Materials Science', 'volume': '184', 'pages': '109891', 'doi': '10.1016/j.commatsci.2020.109891', 'publisher': 'Elsevier BV', 'url': 'https://doi.org/10.1016%2Fj.commatsci.2020.109891', 'year': '2020', 'author': ['S. Starikov', 'I. Gordeev', 'Y. Lysogorskiy', 'L. Kolotova', 'S. Makarov']}}]"
411,"['pair_style adp\n', 'pair_coeff * * Si_Au_Al.mod.txt Si Au Al\n']",['potential_LAMMPS/2020--Starikov-S--Si-Au-Al--LAMMPS--ipr2/Si_Au_Al.mod.txt'],NISTiprpy,2020--Starikov-S--Si-Au-Al--LAMMPS--ipr2,"['Si', 'Au', 'Al']","[{'Starikov_2020': {'title': 'Optimized interatomic potential for study of structure and phase transitions in Si-Au and Si-Al systems', 'journal': 'Computational Materials Science', 'volume': '184', 'pages': '109891', 'doi': '10.1016/j.commatsci.2020.109891', 'publisher': 'Elsevier BV', 'url': 'https://doi.org/10.1016%2Fj.commatsci.2020.109891', 'year': '2020', 'author': ['S. Starikov', 'I. Gordeev', 'Y. Lysogorskiy', 'L. Kolotova', 'S. Makarov']}}]"
412,"['pair_style vashishta\n', 'pair_coeff * * Ge40Se60.vashishta Ge Se\n']",['potential_LAMMPS/2020--Tavanti-F--Ge40Se60--LAMMPS--ipr1/Ge40Se60.vashishta'],NISTiprpy,2020--Tavanti-F--Ge40Se60--LAMMPS--ipr1,"['Ge', 'Se']","[{'Tavanti_2020': {'title': 'Hierarchical Short- and Medium-Range Order Structures in Amorphous Ge<sub>x</sub>Se<sub>1–x</sub> for Selectors Applications', 'journal': 'ACS Applied Electronic Materials', 'volume': '2', 'pages': '2961--2969', 'number': '9', 'doi': '10.1021/acsaelm.0c00581', 'publisher': 'American Chemical Society (ACS)', 'url': 'https://doi.org/10.1021%2Facsaelm.0c00581', 'year': '2020', 'author': ['Francesco Tavanti', 'Behnood Dianat', 'Alessandra Catellani', 'Arrigo Calzolari']}}]"
413,"['pair_style vashishta\n', 'pair_coeff * * Ge50Se50.vashishta Ge Se\n']",['potential_LAMMPS/2020--Tavanti-F--Ge50Se50--LAMMPS--ipr1/Ge50Se50.vashishta'],NISTiprpy,2020--Tavanti-F--Ge50Se50--LAMMPS--ipr1,"['Ge', 'Se']","[{'Tavanti_2020': {'title': 'Hierarchical Short- and Medium-Range Order Structures in Amorphous Ge<sub>x</sub>Se<sub>1–x</sub> for Selectors Applications', 'journal': 'ACS Applied Electronic Materials', 'volume': '2', 'pages': '2961--2969', 'number': '9', 'doi': '10.1021/acsaelm.0c00581', 'publisher': 'American Chemical Society (ACS)', 'url': 'https://doi.org/10.1021%2Facsaelm.0c00581', 'year': '2020', 'author': ['Francesco Tavanti', 'Behnood Dianat', 'Alessandra Catellani', 'Arrigo Calzolari']}}]"
414,"['pair_style vashishta\n', 'pair_coeff * * Ge60Se40.vashishta Ge Se\n']",['potential_LAMMPS/2020--Tavanti-F--Ge60Se40--LAMMPS--ipr1/Ge60Se40.vashishta'],NISTiprpy,2020--Tavanti-F--Ge60Se40--LAMMPS--ipr1,"['Ge', 'Se']","[{'Tavanti_2020': {'title': 'Hierarchical Short- and Medium-Range Order Structures in Amorphous Ge<sub>x</sub>Se<sub>1–x</sub> for Selectors Applications', 'journal': 'ACS Applied Electronic Materials', 'volume': '2', 'pages': '2961--2969', 'number': '9', 'doi': '10.1021/acsaelm.0c00581', 'publisher': 'American Chemical Society (ACS)', 'url': 'https://doi.org/10.1021%2Facsaelm.0c00581', 'year': '2020', 'author': ['Francesco Tavanti', 'Behnood Dianat', 'Alessandra Catellani', 'Arrigo Calzolari']}}]"
415,"['pair_style meam\n', 'pair_coeff * * library.meam Cu Co CuCo.meam Cu Co\n']","['potential_LAMMPS/2020--Wang-J--Cu-Co--LAMMPS--ipr1/library.meam', 'potential_LAMMPS/2020--Wang-J--Cu-Co--LAMMPS--ipr1/CuCo.meam']",NISTiprpy,2020--Wang-J--Cu-Co--LAMMPS--ipr1,"['Cu', 'Co']","[{'Wang_2020': {'title': 'Second-nearest-neighbor modified embedded-atom method interatomic potential for Cu-M (M = Co, Mo) binary systems', 'journal': 'Computational Materials Science', 'volume': '178', 'pages': '109627', 'doi': '10.1016/j.commatsci.2020.109627', 'publisher': 'Elsevier BV', 'url': 'https://doi.org/10.1016%2Fj.commatsci.2020.109627', 'year': '2020', 'author': ['Jaemin Wang', 'Sang-Ho Oh', 'Byeong-Joo Lee']}}]"
416,"['pair_style meam\n', 'pair_coeff * * library.meam Cu Mo CuMo.meam Cu Mo\n']","['potential_LAMMPS/2020--Wang-J--Cu-Mo--LAMMPS--ipr1/library.meam', 'potential_LAMMPS/2020--Wang-J--Cu-Mo--LAMMPS--ipr1/CuMo.meam']",NISTiprpy,2020--Wang-J--Cu-Mo--LAMMPS--ipr1,"['Cu', 'Mo']","[{'Wang_2020': {'title': 'Second-nearest-neighbor modified embedded-atom method interatomic potential for Cu-M (M = Co, Mo) binary systems', 'journal': 'Computational Materials Science', 'volume': '178', 'pages': '109627', 'doi': '10.1016/j.commatsci.2020.109627', 'publisher': 'Elsevier BV', 'url': 'https://doi.org/10.1016%2Fj.commatsci.2020.109627', 'year': '2020', 'author': ['Jaemin Wang', 'Sang-Ho Oh', 'Byeong-Joo Lee']}}]"
417,"['pair_style eam/fs\n', 'pair_coeff * * TaHfZrTi.eam.fs meta_TaHfZrTi\n']",['potential_LAMMPS/2020--Wang-P--meta-Ta-Hf-Zr-Ti--LAMMPS--ipr1/TaHfZrTi.eam.fs'],NISTiprpy,2020--Wang-P--meta-Ta-Hf-Zr-Ti--LAMMPS--ipr1,['meta_TaHfZrTi'],"[{'Wang_2020': {'title': 'Atomic deformation mechanism and interface toughening in metastable high entropy alloy', 'journal': 'Materials Today', 'volume': '37', 'pages': '64--73', 'doi': '10.1016/j.mattod.2020.02.017', 'publisher': 'Elsevier BV', 'url': 'https://doi.org/10.1016%2Fj.mattod.2020.02.017', 'year': '2020', 'author': ['Peng Wang', 'Yeqiang Bu', 'Jiabin Liu', 'Qianqian Li', 'Hongtao Wang', 'Wei Yang']}}]"
418,"['pair_style meam\n', 'pair_coeff * * library_CuC.meam Cu C CuC.meam Cu C\n']","['potential_LAMMPS/2021--Agrawal-A--Cu-C--LAMMPS--ipr1/library_CuC.meam', 'potential_LAMMPS/2021--Agrawal-A--Cu-C--LAMMPS--ipr1/CuC.meam']",NISTiprpy,2021--Agrawal-A--Cu-C--LAMMPS--ipr1,"['Cu', 'C']","[{'Agrawal_2021': {'title': 'Copper-Graphene Composites; Developing the MEAM Potential and Investigating their Mechanical Properties', 'journal': 'Computational Materials Science', 'volume': '188', 'pages': '110204', 'doi': '10.1016/j.commatsci.2020.110204', 'publisher': 'Elsevier BV', 'url': 'https://doi.org/10.1016%2Fj.commatsci.2020.110204', 'year': '2021', 'author': ['Arpit Agrawal', 'Reza Mirzaeifar']}}]"
419,"['pair_style eam/fs\n', 'pair_coeff * * WTaHe.eam.fs W Ta He\n']",['potential_LAMMPS/2021--Chen-Y--W-Ta-He--LAMMPS--ipr1/WTaHe.eam.fs'],NISTiprpy,2021--Chen-Y--W-Ta-He--LAMMPS--ipr1,"['W', 'Ta', 'He']","[{'Chen_2021': {'title': 'Energetics and diffusional properties of helium in W-Ta systems studied by a new ternary potential', 'journal': 'Journal of Nuclear Materials', 'volume': '549', 'pages': '152913', 'doi': '10.1016/j.jnucmat.2021.152913', 'publisher': 'Elsevier BV', 'url': 'https://doi.org/10.1016%2Fj.jnucmat.2021.152913', 'year': '2021', 'author': ['Yangchun Chen', 'Jingzhong Fang', 'Xichuan Liao', 'Ning Gao', 'Wangyu Hu', 'Hong-Bo Zhou', 'Huiqiu Deng']}}]"
420,"['pair_style eam/alloy\n', 'pair_coeff * * FeNiCrCoCu-with-ZBL.eam.alloy Fe Ni Cr Co Cu\n']",['potential_LAMMPS/2021--Deluigi-O-R--Fe-Ni-Cr-Co-Cu--LAMMPS--ipr1/FeNiCrCoCu-with-ZBL.eam.alloy'],NISTiprpy,2021--Deluigi-O-R--Fe-Ni-Cr-Co-Cu--LAMMPS--ipr1,"['Fe', 'Ni', 'Cr', 'Co', 'Cu']","[{'Deluigi_2021': {'title': 'Simulations of primary damage in a High Entropy Alloy: Probing enhanced radiation resistance', 'journal': 'Acta Materialia', 'volume': '213', 'pages': '116951', 'doi': '10.1016/j.actamat.2021.116951', 'publisher': 'Elsevier BV', 'url': 'https://doi.org/10.1016%2Fj.actamat.2021.116951', 'year': '2021', 'author': ['O.R. Deluigi', 'R.C. Pasianot', 'F.J. Valencia', 'A. Caro', 'D. Farkas', 'E.M. Bringa']}}]"
421,"['pair_style meam\n', 'pair_coeff * * library.meam Hf Nb Ta Ti Zr HfNbTaTiZr.meam Hf Nb Ta Ti Zr\n']","['potential_LAMMPS/2021--Huang-X--Hf-Nb-Ta-Ti-Zr--LAMMPS--ipr1/library.meam', 'potential_LAMMPS/2021--Huang-X--Hf-Nb-Ta-Ti-Zr--LAMMPS--ipr1/HfNbTaTiZr.meam']",NISTiprpy,2021--Huang-X--Hf-Nb-Ta-Ti-Zr--LAMMPS--ipr1,"['Hf', 'Nb', 'Ta', 'Ti', 'Zr']","[{'Huang_2021': {'title': 'Atomistic simulation of chemical short-range order in HfNbTaZr high entropy alloy based on a newly-developed interatomic potential', 'journal': 'Materials & Design', 'volume': '202', 'pages': '109560', 'doi': '10.1016/j.matdes.2021.109560', 'publisher': 'Elsevier BV', 'url': 'https://doi.org/10.1016%2Fj.matdes.2021.109560', 'year': '2021', 'author': ['Xiusong Huang', 'Lehua Liu', 'Xianbao Duan', 'Weibing Liao', 'Jianjun Huang', 'Huibin Sun', 'Chunyan Yu']}}]"
422,"['pair_style tersoff\n', 'pair_coeff * * TACBOP2.tersoff Ti Al C\n']",['potential_LAMMPS/2021--Plummer-G--Ti-Al-C--LAMMPS--ipr1/TACBOP2.tersoff'],NISTiprpy,2021--Plummer-G--Ti-Al-C--LAMMPS--ipr1,"['Ti', 'Al', 'C']","[{'Plummer_2021': {'title': 'On the origin of kinking in layered crystalline solids', 'journal': 'Materials Today', 'volume': '43', 'pages': '45--52', 'doi': '10.1016/j.mattod.2020.11.014', 'publisher': 'Elsevier BV', 'url': 'https://doi.org/10.1016%2Fj.mattod.2020.11.014', 'year': '2021', 'author': ['G. Plummer', 'H. Rathod', 'A. Srivastava', 'M. Radovic', 'T. Ouisse', 'M. Yildizhan', 'P.O.Å. Persson', 'K. Lambrinou', 'M.W. Barsoum', 'G.J. Tucker']}}]"
423,"['pair_style quip\n', 'pair_coeff * * gap.xml ""Potential xml_label=GAP_2020_2_11_0_18_44_47_601"" 8 72\n']",['potential_LAMMPS/2021--Sivaraman-G--Hf-O--LAMMPS--ipr1/gap.xml'],NISTiprpy,2021--Sivaraman-G--Hf-O--LAMMPS--ipr1,"['O', 'Hf']","[{'Sivaraman_2021': {'title': 'Experimentally Driven Automated Machine-Learned Interatomic Potential for a Refractory Oxide', 'journal': 'Physical Review Letters', 'volume': '126', 'pages': '156002', 'number': '15', 'doi': '10.1103/physrevlett.126.156002', 'publisher': 'American Physical Society (APS)', 'url': 'https://doi.org/10.1103%2Fphysrevlett.126.156002', 'year': '2021', 'author': ['Ganesh Sivaraman', 'Leighanne Gallington', 'Anand Narayanan Krishnamoorthy', 'Marius Stan', 'Gábor Csányi', 'Álvaro Vázquez-Mayagoitia', 'Chris\u2009J. Benmore']}}]"
424,"['pair_style quip\n', 'pair_coeff * * gap_LiCl.xml ""Potential xml_label=GAP_2020_12_9_-360_0_11_59_725"" 3 17\n']",['potential_LAMMPS/2021--Sivaraman-G--Li-Cl--LAMMPS--ipr1/gap_LiCl.xml'],NISTiprpy,2021--Sivaraman-G--Li-Cl--LAMMPS--ipr1,"['Li', 'Cl']","[{'Sivaraman_2021': {'title': 'Automated Development of Molten Salt Machine Learning Potentials: Application to LiCl', 'journal': 'The Journal of Physical Chemistry Letters', 'volume': '12', 'pages': '4278--4285', 'number': '17', 'doi': '10.1021/acs.jpclett.1c00901', 'publisher': 'American Chemical Society (ACS)', 'url': 'https://doi.org/10.1021%2Facs.jpclett.1c00901', 'year': '2021', 'author': ['Ganesh Sivaraman', 'Jicheng Guo', 'Logan Ward', 'Nathaniel Hoyt', 'Mark Williamson', 'Ian Foster', 'Chris Benmore', 'Nicholas Jackson']}}]"
425,"['pair_style eam/fs\n', 'pair_coeff * * v2_18_Al3Sm_2016.eam.fs Al Sm\n']",['potential_LAMMPS/2021--Song-H--Al-Sm--LAMMPS--ipr1/v2_18_Al3Sm_2016.eam.fs'],NISTiprpy,2021--Song-H--Al-Sm--LAMMPS--ipr1,"['Al', 'Sm']","[{'Song_2021': {'title': 'Molecular Dynamics Study of Mechanism of Solid-Liquid Interface Migration and Defect Formation in Al<sub>3</sub>Sm Alloy', 'journal': 'JOM', 'volume': '73', 'pages': '2312--2319', 'number': '8', 'doi': '10.1007/s11837-021-04733-8', 'publisher': 'Springer Science and Business Media LLC', 'url': 'https://doi.org/10.1007%2Fs11837-021-04733-8', 'year': '2021', 'author': ['H. Song', 'M. I. Mendelev']}}]"
426,"['pair_style adp\n', 'pair_coeff * * Fe_nmFe.2021.adp.alloy.txt Fe nmFe\n']",['potential_LAMMPS/2021--Starikov-S--Fe--LAMMPS--ipr1/Fe_nmFe.2021.adp.alloy.txt'],NISTiprpy,2021--Starikov-S--Fe--LAMMPS--ipr1,"['Fe', 'Fe']","[{'Starikov_2021': {'title': 'Angular-dependent interatomic potential for large-scale atomistic simulation of iron: Development and comprehensive comparison with existing interatomic models', 'journal': 'Physical Review Materials', 'volume': '5', 'pages': '063607', 'number': '6', 'doi': '10.1103/physrevmaterials.5.063607', 'publisher': 'American Physical Society (APS)', 'url': 'https://doi.org/10.1103%2Fphysrevmaterials.5.063607', 'year': '2021', 'author': ['Sergei Starikov', 'Daria Smirnova', 'Tapaswani Pradhan', 'Yury Lysogorskiy', 'Harry Chapman', 'Matous Mrovec', 'Ralf Drautz']}}]"
427,"['pair_style adp\n', 'pair_coeff * * Fe_nmFe.2021.mod.adp.txt Fe nmFe\n']",['potential_LAMMPS/2021--Starikov-S--Fe--LAMMPS--ipr2/Fe_nmFe.2021.mod.adp.txt'],NISTiprpy,2021--Starikov-S--Fe--LAMMPS--ipr2,"['Fe', 'Fe']","[{'Starikov_2021': {'title': 'Angular-dependent interatomic potential for large-scale atomistic simulation of iron: Development and comprehensive comparison with existing interatomic models', 'journal': 'Physical Review Materials', 'volume': '5', 'pages': '063607', 'number': '6', 'doi': '10.1103/physrevmaterials.5.063607', 'publisher': 'American Physical Society (APS)', 'url': 'https://doi.org/10.1103%2Fphysrevmaterials.5.063607', 'year': '2021', 'author': ['Sergei Starikov', 'Daria Smirnova', 'Tapaswani Pradhan', 'Yury Lysogorskiy', 'Harry Chapman', 'Matous Mrovec', 'Ralf Drautz']}}]"
428,"['pair_style adp\n', 'pair_coeff * * Zr_Nb.2021.adp.txt Zr Nb\n']",['potential_LAMMPS/2021--Starikov-S--Zr-Nb--LAMMPS--ipr1/Zr_Nb.2021.adp.txt'],NISTiprpy,2021--Starikov-S--Zr-Nb--LAMMPS--ipr1,"['Zr', 'Nb']","[{'Starikov_2021': {'title': 'Optimized interatomic potential for atomistic simulation of Zr-Nb alloy', 'journal': 'Computational Materials Science', 'volume': '197', 'pages': '110581', 'doi': '10.1016/j.commatsci.2021.110581', 'publisher': 'Elsevier BV', 'url': 'https://doi.org/10.1016%2Fj.commatsci.2021.110581', 'year': '2021', 'author': ['S. Starikov', 'D. Smirnova']}}]"
429,"['pair_style adp\n', 'pair_coeff * * AuRh.adp.txt Au Rh\n']",['potential_LAMMPS/2021--Wang-G--Au-Rh--LAMMPS--ipr1/AuRh.adp.txt'],NISTiprpy,2021--Wang-G--Au-Rh--LAMMPS--ipr1,"['Au', 'Rh']","[{'Wang_2021': {'title': 'ADP potential for the Au-Rh system and its application in element segregation of nanoparticles', 'journal': 'Computational Materials Science', 'volume': '186', 'pages': '110002', 'doi': '10.1016/j.commatsci.2020.110002', 'publisher': 'Elsevier BV', 'url': 'https://doi.org/10.1016%2Fj.commatsci.2020.110002', 'year': '2021', 'author': ['Gang Wang', 'Yishuang Xu', 'Ping Qian', 'Yanjing Su']}}]"
430,"['pair_style eam/fs\n', 'pair_coeff * * FeH_Wen.eam.fs Fe H\n']",['potential_LAMMPS/2021--Wen-M--Fe-H--LAMMPS--ipr1/FeH_Wen.eam.fs'],NISTiprpy,2021--Wen-M--Fe-H--LAMMPS--ipr1,"['Fe', 'H']","[{'Wen_2021': {'title': 'A new interatomic potential describing Fe-H and H-H interactions in bcc iron', 'journal': 'Computational Materials Science', 'volume': '197', 'pages': '110640', 'doi': '10.1016/j.commatsci.2021.110640', 'publisher': 'Elsevier BV', 'url': 'https://doi.org/10.1016%2Fj.commatsci.2021.110640', 'year': '2021', 'author': ['Mao Wen']}}]"
431,"['pair_style meam\n', 'pair_coeff * * Bi.library.meam Bi Bi.parameter.meam Bi\n']","['potential_LAMMPS/2021--Zhou-H--Bi--LAMMPS--ipr1/Bi.library.meam', 'potential_LAMMPS/2021--Zhou-H--Bi--LAMMPS--ipr1/Bi.parameter.meam']",NISTiprpy,2021--Zhou-H--Bi--LAMMPS--ipr1,['Bi'],"[{'Zhou_2021': {'title': 'A modified embedded-atom method interatomic potential for bismuth', 'journal': 'Modelling and Simulation in Materials Science and Engineering', 'volume': '29', 'pages': '065008', 'number': '6', 'doi': '10.1088/1361-651x/ac095c', 'publisher': 'IOP Publishing', 'url': 'https://doi.org/10.1088%2F1361-651x%2Fac095c', 'year': '2021', 'author': ['Henan Zhou', 'Doyl E Dickel', 'Michael I Baskes', 'Sungkwang Mun', 'M. Asle Zaeem']}}]"
432,"['pair_style eam/he\n', 'pair_coeff * * PdHHe.eam.fs.he.t Pd H He\n']",['potential_LAMMPS/2021--Zhou-X-W--Pd-H-He--LAMMPS--ipr1/PdHHe.eam.fs.he.t'],NISTiprpy,2021--Zhou-X-W--Pd-H-He--LAMMPS--ipr1,"['Pd', 'H', 'He']","[{'Zhou_2021': {'title': 'Enabling simulations of helium bubble nucleation and growth: A strategy for interatomic potentials', 'journal': 'Physical Review B', 'volume': '103', 'pages': '014108', 'number': '1', 'doi': '10.1103/physrevb.103.014108', 'publisher': 'American Physical Society (APS)', 'url': 'https://doi.org/10.1103%2Fphysrevb.103.014108', 'year': '2021', 'author': ['X. W. Zhou', 'N. C. Bartelt', 'R. B. Sills']}}]"
433,"['pair_style eam/alloy\n', 'pair_coeff * * FeC.eam Fe C\n']",['potential_LAMMPS/2022--Allera-A--Fe-C--LAMMPS--ipr1/FeC.eam'],NISTiprpy,2022--Allera-A--Fe-C--LAMMPS--ipr1,"['Fe', 'C']","[{'Allera_2022': {'title': 'Carbon-induced strengthening of bcc iron at the atomic scale', 'journal': 'Physical Review Materials', 'volume': '6', 'pages': '013608', 'number': '1', 'doi': '10.1103/physrevmaterials.6.013608', 'publisher': 'American Physical Society (APS)', 'url': 'https://doi.org/10.1103%2Fphysrevmaterials.6.013608', 'year': '2022', 'author': ['Arnaud Allera', 'Fabienne Ribeiro', 'Michel Perez', 'David Rodney']}}]"
434,"['pair_style meam\n', 'pair_coeff * * AgAu.library.meam Ag Ag.parameter.meam Ag\n']","['potential_LAMMPS/2022--Alvi-S-M-A-A--Ag--LAMMPS--ipr1/AgAu.library.meam', 'potential_LAMMPS/2022--Alvi-S-M-A-A--Ag--LAMMPS--ipr1/Ag.parameter.meam']",NISTiprpy,2022--Alvi-S-M-A-A--Ag--LAMMPS--ipr1,['Ag'],"[{'Alvi_2022': {'title': 'Cyclic and tensile deformations of Gold–Silver core shell systems using newly parameterized MEAM potential', 'journal': 'Mechanics of Materials', 'volume': '169', 'pages': '104304', 'doi': '10.1016/j.mechmat.2022.104304', 'publisher': 'Elsevier BV', 'url': 'https://doi.org/10.1016%2Fj.mechmat.2022.104304', 'year': '2022', 'author': ['Sk Md Ahnaf Akif Alvi', 'Abrar Faiyad', 'Md Adnan Mahathir Munshi', 'Mohammad Motalab', 'Md Mahbubul Islam', 'Sourav Saha']}}]"
435,"['pair_style meam\n', 'pair_coeff * * AgAu.library.meam Ag Au AgAu.parameter.meam Ag Au\n']","['potential_LAMMPS/2022--Alvi-S-M-A-A--Ag-Au--LAMMPS--ipr1/AgAu.library.meam', 'potential_LAMMPS/2022--Alvi-S-M-A-A--Ag-Au--LAMMPS--ipr1/AgAu.parameter.meam']",NISTiprpy,2022--Alvi-S-M-A-A--Ag-Au--LAMMPS--ipr1,"['Ag', 'Au']","[{'Alvi_2022': {'title': 'Cyclic and tensile deformations of Gold–Silver core shell systems using newly parameterized MEAM potential', 'journal': 'Mechanics of Materials', 'volume': '169', 'pages': '104304', 'doi': '10.1016/j.mechmat.2022.104304', 'publisher': 'Elsevier BV', 'url': 'https://doi.org/10.1016%2Fj.mechmat.2022.104304', 'year': '2022', 'author': ['Sk Md Ahnaf Akif Alvi', 'Abrar Faiyad', 'Md Adnan Mahathir Munshi', 'Mohammad Motalab', 'Md Mahbubul Islam', 'Sourav Saha']}}]"
436,"['pair_style meam\n', 'pair_coeff * * AgAu.library.meam Au Au.parameter.meam Au\n']","['potential_LAMMPS/2022--Alvi-S-M-A-A--Au--LAMMPS--ipr1/AgAu.library.meam', 'potential_LAMMPS/2022--Alvi-S-M-A-A--Au--LAMMPS--ipr1/Au.parameter.meam']",NISTiprpy,2022--Alvi-S-M-A-A--Au--LAMMPS--ipr1,['Au'],"[{'Alvi_2022': {'title': 'Cyclic and tensile deformations of Gold–Silver core shell systems using newly parameterized MEAM potential', 'journal': 'Mechanics of Materials', 'volume': '169', 'pages': '104304', 'doi': '10.1016/j.mechmat.2022.104304', 'publisher': 'Elsevier BV', 'url': 'https://doi.org/10.1016%2Fj.mechmat.2022.104304', 'year': '2022', 'author': ['Sk Md Ahnaf Akif Alvi', 'Abrar Faiyad', 'Md Adnan Mahathir Munshi', 'Mohammad Motalab', 'Md Mahbubul Islam', 'Sourav Saha']}}]"
437,"['pair_style tersoff\n', 'pair_coeff * * InP_Materials_2022_Chrobak_Majtyka.tersoff In P\n']",['potential_LAMMPS/2022--Chrobak-D--In-P--LAMMPS--ipr1/InP_Materials_2022_Chrobak_Majtyka.tersoff'],NISTiprpy,2022--Chrobak-D--In-P--LAMMPS--ipr1,"['In', 'P']","[{'Chrobak_2022': {'title': 'Interatomic Potential for InP', 'journal': 'Materials', 'volume': '15', 'pages': '4960', 'number': '14', 'doi': '10.3390/ma15144960', 'publisher': 'MDPI AG', 'url': 'https://doi.org/10.3390%2Fma15144960', 'year': '2022', 'author': ['Dariusz Chrobak', 'Anna Majtyka-Piłat', 'Grzegorz Ziółkowski', 'Artur Chrobak']}}]"
438,"['pair_style eam/alloy\n', 'pair_coeff * * CuZn.eam.alloy Cu Zn\n']",['potential_LAMMPS/2022--Clement-A--Cu-Zn--LAMMPS--ipr1/CuZn.eam.alloy'],NISTiprpy,2022--Clement-A--Cu-Zn--LAMMPS--ipr1,"['Cu', 'Zn']","[{'Clement_2022': {'title': 'An EAM potential for α-brass copper–zinc alloys: application to plasticity and fracture', 'journal': 'Modelling and Simulation in Materials Science and Engineering', 'volume': '31', 'pages': '015004', 'number': '1', 'doi': '10.1088/1361-651x/aca4ec', 'publisher': 'IOP Publishing', 'url': 'https://doi.org/10.1088%2F1361-651x%2Faca4ec', 'year': '2022', 'author': ['Antoine Clement', 'Thierry Auger']}}]"
439,"['pair_style quip\n', 'pair_coeff * * silica_gap.xml ""Potential xml_label=GAP_2021_4_19_120_7_32_55_336"" 8 14\n']",['potential_LAMMPS/2022--Erhard-L-C--Si-O--LAMMPS--ipr1/silica_gap.xml'],NISTiprpy,2022--Erhard-L-C--Si-O--LAMMPS--ipr1,"['O', 'Si']","[{'Erhard_2022': {'title': 'A machine-learned interatomic potential for silica and its relation to empirical models', 'journal': 'npj Computational Materials', 'volume': '8', 'pages': '90', 'number': '1', 'doi': '10.1038/s41524-022-00768-w', 'publisher': 'Springer Science and Business Media LLC', 'url': 'https://doi.org/10.1038%2Fs41524-022-00768-w', 'year': '2022', 'author': ['Linus C. Erhard', 'Jochen Rohrer', 'Karsten Albe', 'Volker L. Deringer']}}]"
440,"['pair_style meam\n', 'pair_coeff * * library.meam Al Hf AlHf.meam Al Hf\n']","['potential_LAMMPS/2022--Fereidonnejad-R--Al-Hf--LAMMPS--ipr1/library.meam', 'potential_LAMMPS/2022--Fereidonnejad-R--Al-Hf--LAMMPS--ipr1/AlHf.meam']",NISTiprpy,2022--Fereidonnejad-R--Al-Hf--LAMMPS--ipr1,"['Al', 'Hf']","[{'Fereidonnejad_2022': {'title': 'Modified embedded-atom method interatomic potentials for Al-Ti, Al-Ta, Al-Zr, Al-Nb and Al-Hf binary intermetallic systems', 'journal': 'Computational Materials Science', 'volume': '213', 'pages': '111685', 'doi': '10.1016/j.commatsci.2022.111685', 'publisher': 'Elsevier BV', 'url': 'https://doi.org/10.1016%2Fj.commatsci.2022.111685', 'year': '2022', 'author': ['Rahele Fereidonnejad', 'Ahmad Ostovari Moghaddam', 'Mohammad Moaddeli']}}]"
441,"['pair_style meam\n', 'pair_coeff * * library.meam Al Nb AlNb.meam Al Nb\n']","['potential_LAMMPS/2022--Fereidonnejad-R--Al-Nb--LAMMPS--ipr1/library.meam', 'potential_LAMMPS/2022--Fereidonnejad-R--Al-Nb--LAMMPS--ipr1/AlNb.meam']",NISTiprpy,2022--Fereidonnejad-R--Al-Nb--LAMMPS--ipr1,"['Al', 'Nb']","[{'Fereidonnejad_2022': {'title': 'Modified embedded-atom method interatomic potentials for Al-Ti, Al-Ta, Al-Zr, Al-Nb and Al-Hf binary intermetallic systems', 'journal': 'Computational Materials Science', 'volume': '213', 'pages': '111685', 'doi': '10.1016/j.commatsci.2022.111685', 'publisher': 'Elsevier BV', 'url': 'https://doi.org/10.1016%2Fj.commatsci.2022.111685', 'year': '2022', 'author': ['Rahele Fereidonnejad', 'Ahmad Ostovari Moghaddam', 'Mohammad Moaddeli']}}]"
442,"['pair_style meam\n', 'pair_coeff * * library.meam Al Ta AlTa.meam Al Ta\n']","['potential_LAMMPS/2022--Fereidonnejad-R--Al-Ta--LAMMPS--ipr1/library.meam', 'potential_LAMMPS/2022--Fereidonnejad-R--Al-Ta--LAMMPS--ipr1/AlTa.meam']",NISTiprpy,2022--Fereidonnejad-R--Al-Ta--LAMMPS--ipr1,"['Al', 'Ta']","[{'Fereidonnejad_2022': {'title': 'Modified embedded-atom method interatomic potentials for Al-Ti, Al-Ta, Al-Zr, Al-Nb and Al-Hf binary intermetallic systems', 'journal': 'Computational Materials Science', 'volume': '213', 'pages': '111685', 'doi': '10.1016/j.commatsci.2022.111685', 'publisher': 'Elsevier BV', 'url': 'https://doi.org/10.1016%2Fj.commatsci.2022.111685', 'year': '2022', 'author': ['Rahele Fereidonnejad', 'Ahmad Ostovari Moghaddam', 'Mohammad Moaddeli']}}]"
443,"['pair_style meam\n', 'pair_coeff * * library.meam Al Ti AlTi.meam Al Ti\n']","['potential_LAMMPS/2022--Fereidonnejad-R--Al-Ti--LAMMPS--ipr1/library.meam', 'potential_LAMMPS/2022--Fereidonnejad-R--Al-Ti--LAMMPS--ipr1/AlTi.meam']",NISTiprpy,2022--Fereidonnejad-R--Al-Ti--LAMMPS--ipr1,"['Al', 'Ti']","[{'Fereidonnejad_2022': {'title': 'Modified embedded-atom method interatomic potentials for Al-Ti, Al-Ta, Al-Zr, Al-Nb and Al-Hf binary intermetallic systems', 'journal': 'Computational Materials Science', 'volume': '213', 'pages': '111685', 'doi': '10.1016/j.commatsci.2022.111685', 'publisher': 'Elsevier BV', 'url': 'https://doi.org/10.1016%2Fj.commatsci.2022.111685', 'year': '2022', 'author': ['Rahele Fereidonnejad', 'Ahmad Ostovari Moghaddam', 'Mohammad Moaddeli']}}]"
444,"['pair_style meam\n', 'pair_coeff * * library.meam Al Zr AlZr.meam Al Zr\n']","['potential_LAMMPS/2022--Fereidonnejad-R--Al-Zr--LAMMPS--ipr1/library.meam', 'potential_LAMMPS/2022--Fereidonnejad-R--Al-Zr--LAMMPS--ipr1/AlZr.meam']",NISTiprpy,2022--Fereidonnejad-R--Al-Zr--LAMMPS--ipr1,"['Al', 'Zr']","[{'Fereidonnejad_2022': {'title': 'Modified embedded-atom method interatomic potentials for Al-Ti, Al-Ta, Al-Zr, Al-Nb and Al-Hf binary intermetallic systems', 'journal': 'Computational Materials Science', 'volume': '213', 'pages': '111685', 'doi': '10.1016/j.commatsci.2022.111685', 'publisher': 'Elsevier BV', 'url': 'https://doi.org/10.1016%2Fj.commatsci.2022.111685', 'year': '2022', 'author': ['Rahele Fereidonnejad', 'Ahmad Ostovari Moghaddam', 'Mohammad Moaddeli']}}]"
445,"['pair_style quip\n', 'pair_coeff * * gap_LiKCl.xml ""Potential xml_label=GAP_2021_9_27_0_1_17_37_618"" 3 19 17\n']",['potential_LAMMPS/2022--Guo-J--Li-K-Cl--LAMMPS--ipr1/gap_LiKCl.xml'],NISTiprpy,2022--Guo-J--Li-K-Cl--LAMMPS--ipr1,"['Li', 'K', 'Cl']","[{'Guo_2022': {'title': 'Composition-transferable machine learning potential for LiCl-KCl molten salts validated by high-energy x-ray diffraction', 'journal': 'Physical Review B', 'volume': '106', 'pages': '014209', 'number': '1', 'doi': '10.1103/physrevb.106.014209', 'publisher': 'American Physical Society (APS)', 'url': 'https://doi.org/10.1103%2Fphysrevb.106.014209', 'year': '2022', 'author': ['Jicheng Guo', 'Logan Ward', 'Yadu Babuji', 'Nathaniel Hoyt', 'Mark Williamson', 'Ian Foster', 'Nicholas Jackson', 'Chris Benmore', 'Ganesh Sivaraman']}}]"
446,"['pair_style meam\n', 'pair_coeff * * library.meam W parameter.meam W\n']","['potential_LAMMPS/2022--Hiremath-P--W--LAMMPS--ipr1/library.meam', 'potential_LAMMPS/2022--Hiremath-P--W--LAMMPS--ipr1/parameter.meam']",NISTiprpy,2022--Hiremath-P--W--LAMMPS--ipr1,['W'],"[{'HIREMATH2022111283': {'title': 'Effects of interatomic potential on fracture behaviour in single- and bicrystalline tungsten', 'journal': 'Computational Materials Science', 'volume': '207', 'pages': '111283', 'doi': '10.1016/j.commatsci.2022.111283', 'url': 'https://www.sciencedirect.com/science/article/pii/S0927025622000805', 'year': '2022', 'author': ['Praveenkumar Hiremath', 'Solveig Melin', 'Erik Bitzek', 'Pär A.T. Olsson']}}]"
447,"['pair_style pinn\n', 'pair_coeff * * Ta_2020.pinn Ta\n']",['potential_LAMMPS/2022--Lin-Y-S--Ta--LAMMPS--ipr1/Ta_2020.pinn'],NISTiprpy,2022--Lin-Y-S--Ta--LAMMPS--ipr1,['Ta'],"[{'Lin_2022': {'title': 'Development of a physically-informed neural network interatomic potential for tantalum', 'journal': 'Computational Materials Science', 'volume': '205', 'pages': '111180', 'doi': '10.1016/j.commatsci.2021.111180', 'publisher': 'Elsevier BV', 'url': 'https://doi.org/10.1016%2Fj.commatsci.2021.111180', 'year': '2022', 'author': ['Yi-Shen Lin', 'Ganga P. Purja Pun', 'Yuri Mishin']}}, {'Mishin_2021': {'title': 'Machine-learning interatomic potentials for materials science', 'journal': 'Acta Materialia', 'volume': '214', 'pages': '116980', 'doi': '10.1016/j.actamat.2021.116980', 'publisher': 'Elsevier BV', 'url': 'https://doi.org/10.1016%2Fj.actamat.2021.116980', 'year': '2021', 'author': ['Y. Mishin']}}]"
448,"['pair_style meam\n', 'pair_coeff * * library.AlCu.meam Al Cu AlCu.meam Al Cu\n']","['potential_LAMMPS/2022--Mahata-A--Al-Cu--LAMMPS--ipr1/library.AlCu.meam', 'potential_LAMMPS/2022--Mahata-A--Al-Cu--LAMMPS--ipr1/AlCu.meam']",NISTiprpy,2022--Mahata-A--Al-Cu--LAMMPS--ipr1,"['Al', 'Cu']","[{'2022': {'title': 'Modified embedded-atom method interatomic potentials for Al-Cu, Al-Fe and Al-Ni binary alloys: From room temperature to melting point', 'journal': 'Computational Materials Science', 'volume': '201', 'pages': '110902', 'doi': '10.1016/j.commatsci.2021.110902', 'publisher': 'Elsevier BV', 'url': 'https://doi.org/10.1016%2Fj.commatsci.2021.110902', 'year': '2022', 'author': ['Avik Mahata', 'Tanmoy Mukhopadhyay', 'M. Asle Zaeem']}}]"
449,"['pair_style meam\n', 'pair_coeff * * library.AlFe.meam Al Fe AlFe.meam Al Fe\n']","['potential_LAMMPS/2022--Mahata-A--Al-Fe--LAMMPS--ipr1/library.AlFe.meam', 'potential_LAMMPS/2022--Mahata-A--Al-Fe--LAMMPS--ipr1/AlFe.meam']",NISTiprpy,2022--Mahata-A--Al-Fe--LAMMPS--ipr1,"['Al', 'Fe']","[{'2022': {'title': 'Modified embedded-atom method interatomic potentials for Al-Cu, Al-Fe and Al-Ni binary alloys: From room temperature to melting point', 'journal': 'Computational Materials Science', 'volume': '201', 'pages': '110902', 'doi': '10.1016/j.commatsci.2021.110902', 'publisher': 'Elsevier BV', 'url': 'https://doi.org/10.1016%2Fj.commatsci.2021.110902', 'year': '2022', 'author': ['Avik Mahata', 'Tanmoy Mukhopadhyay', 'M. Asle Zaeem']}}]"
450,"['pair_style meam\n', 'pair_coeff * * library.AlNi.meam Al Ni AlNi.meam Al Ni\n']","['potential_LAMMPS/2022--Mahata-A--Al-Ni--LAMMPS--ipr1/library.AlNi.meam', 'potential_LAMMPS/2022--Mahata-A--Al-Ni--LAMMPS--ipr1/AlNi.meam']",NISTiprpy,2022--Mahata-A--Al-Ni--LAMMPS--ipr1,"['Al', 'Ni']","[{'2022': {'title': 'Modified embedded-atom method interatomic potentials for Al-Cu, Al-Fe and Al-Ni binary alloys: From room temperature to melting point', 'journal': 'Computational Materials Science', 'volume': '201', 'pages': '110902', 'doi': '10.1016/j.commatsci.2021.110902', 'publisher': 'Elsevier BV', 'url': 'https://doi.org/10.1016%2Fj.commatsci.2021.110902', 'year': '2022', 'author': ['Avik Mahata', 'Tanmoy Mukhopadhyay', 'M. Asle Zaeem']}}]"
451,"['pair_style eam/fs\n', 'pair_coeff * * Ni-Al.eam.fs Ni Al\n']",['potential_LAMMPS/2022--Mendelev-M-I--Ni-Al--LAMMPS--ipr1/Ni-Al.eam.fs'],NISTiprpy,2022--Mendelev-M-I--Ni-Al--LAMMPS--ipr1,"['Ni', 'Al']","[{'2022--Mendelev-M-I--Ni-Al': {'title': 'to be published', 'year': '2022', 'author': ['M. I. Mendelev']}}]"
452,"['pair_style eam/fs\n', 'pair_coeff * * v1_18_NiNb_B2.eam.fs Ni Nb\n']",['potential_LAMMPS/2022--Mendelev-M-I--Ni-Nb--LAMMPS--ipr1/v1_18_NiNb_B2.eam.fs'],NISTiprpy,2022--Mendelev-M-I--Ni-Nb--LAMMPS--ipr1,"['Ni', 'Nb']","[{'2022--Mendelev-M-I--Nb-Ni': {'title': 'to be published', 'year': '2022', 'author': ['M. I. Mendelev']}}]"
453,"['pair_style quip\n', 'pair_coeff * * gap_HfO2.xml ""Potential xml_label=GAP_2021_10_25_0_6_16_1_68"" 8 72\n']",[],NISTiprpy,2022--Sivaraman-G--Hf-O--LAMMPS--ipr1,"['O', 'Hf']","[{'Sivaraman_2022': {'title': 'A Combined Machine Learning and High-Energy X-ray Diffraction Approach to Understanding Liquid and Amorphous Metal Oxides', 'journal': 'Journal of the Physical Society of Japan', 'volume': '91', 'pages': '091009', 'number': '9', 'doi': '10.7566/jpsj.91.091009', 'publisher': 'Physical Society of Japan', 'url': 'https://doi.org/10.7566%2Fjpsj.91.091009', 'year': '2022', 'author': ['Ganesh Sivaraman', 'Gabor Csanyi', 'Alvaro Vazquez-Mayagoitia', 'Ian T. Foster', 'Stephen K. Wilke', 'Richard Weber', 'Chris J. Benmore']}}]"
454,"['pair_style adp\n', 'pair_coeff * * Fe_Cr_H.adp.txt Fe H Cr\n']",['potential_LAMMPS/2022--Starikov-S--Fe-Cr-H--LAMMPS--ipr1/Fe_Cr_H.adp.txt'],NISTiprpy,2022--Starikov-S--Fe-Cr-H--LAMMPS--ipr1,"['Fe', 'H', 'Cr']","[{'Starikov_2022': {'title': 'Angular-dependent interatomic potential for large-scale atomistic simulation of the Fe-Cr-H ternary system', 'journal': 'Physical Review Materials', 'volume': '6', 'pages': '043604', 'number': '4', 'doi': '10.1103/physrevmaterials.6.043604', 'publisher': 'American Physical Society (APS)', 'url': 'https://doi.org/10.1103%2Fphysrevmaterials.6.043604', 'year': '2022', 'author': ['Sergei Starikov', 'Daria Smirnova', 'Tapaswani Pradhan', 'Ilia Gordeev', 'Ralf Drautz', 'Matous Mrovec']}}]"
455,"['pair_style eam/fs\n', 'pair_coeff * * Fe_Earth_core.eam.fs Fe\n']",['potential_LAMMPS/2022--Sun-Y--Fe--LAMMPS--ipr1/Fe_Earth_core.eam.fs'],NISTiprpy,2022--Sun-Y--Fe--LAMMPS--ipr1,['Fe'],"[{'Sun_2022': {'title': ""Two-step nucleation of the Earth's inner core"", 'journal': 'Proceedings of the National Academy of Sciences', 'volume': '119', 'pages': 'e2113059119', 'number': '2', 'doi': '10.1073/pnas.2113059119', 'publisher': 'Proceedings of the National Academy of Sciences', 'url': 'https://doi.org/10.1073%2Fpnas.2113059119', 'year': '2022', 'author': ['Yang Sun', 'Feng Zhang', 'Mikhail I. Mendelev', 'Renata M. Wentzcovitch', 'Kai-Ming Ho']}}]"
456,"['pair_style adp\n', 'pair_coeff * * NiPd.adp.txt Ni Pd\n']",['potential_LAMMPS/2022--Xu-Y--Ni-Pd--LAMMPS--ipr1/NiPd.adp.txt'],NISTiprpy,2022--Xu-Y--Ni-Pd--LAMMPS--ipr1,"['Ni', 'Pd']","[{'Xu2022': {'title': 'Element segregation and thermal stability of Ni–Pd nanoparticles', 'journal': 'Journal of Materials Science', 'doi': '10.1007/s10853-022-07118-7', 'year': '2022', 'author': ['Yishuang Xu', 'Gang Wang', 'Ping Qian', 'Yanjing Su']}}]"
457,"['pair_style adp\n', 'pair_coeff * * NiRh.adp.txt Ni Rh\n']",['potential_LAMMPS/2022--Xu-Y--Ni-Rh--LAMMPS--ipr1/NiRh.adp.txt'],NISTiprpy,2022--Xu-Y--Ni-Rh--LAMMPS--ipr1,"['Ni', 'Rh']","[{'XU2022123096': {'title': 'Element segregation and thermal stability of Ni–Rh nanoparticles', 'journal': 'Journal of Solid State Chemistry', 'volume': '311', 'pages': '123096', 'doi': '10.1016/j.jssc.2022.123096', 'url': 'https://www.sciencedirect.com/science/article/pii/S0022459622002201', 'year': '2022', 'author': ['Yishuang Xu', 'Gang Wang', 'Ping Qian', 'Yanjing Su']}}]"
458,"['pair_style eam/alloy\n', 'pair_coeff * * Zr.setfl Zr\n']",['potential_LAMMPS/2022--Zhou-M--Zr--LAMMPS--ipr1/Zr.setfl'],NISTiprpy,2022--Zhou-M--Zr--LAMMPS--ipr1,['Zr'],"[{'Zhou_2022': {'title': 'Determining the diffusion behavior of point defects in zirconium by a multiscale modelling approach', 'journal': 'Journal of Nuclear Materials', 'volume': '566', 'pages': '153772', 'doi': '10.1016/j.jnucmat.2022.153772', 'publisher': 'Elsevier BV', 'url': 'https://doi.org/10.1016%2Fj.jnucmat.2022.153772', 'year': '2022', 'author': ['Mingjin Zhou', 'Baoqin Fu', 'Qing Hou', 'Lu Wu', 'Rongjian Pan']}}]"
459,"['pair_style quip\n', 'pair_coeff * * iron.xml ""Potential xml_label=GAP_2022_12_5_120_12_28_45_644"" 26\n']",['potential_LAMMPS/2023--Jana-R--Fe--LAMMPS--ipr1/iron.xml'],NISTiprpy,2023--Jana-R--Fe--LAMMPS--ipr1,['Fe'],"[{'Jana_2023': {'title': 'Searching for iron nanoparticles with a general-purpose Gaussian approximation potential', 'journal': 'Physical Review B', 'volume': '107', 'number': '24', 'doi': '10.1103/physrevb.107.245421', 'publisher': 'American Physical Society (APS)', 'url': 'https://doi.org/10.1103%2Fphysrevb.107.245421', 'year': '2023', 'author': ['Richard Jana', 'Miguel A. Caro']}}]"
460,"['pair_style eam/fs\n', 'pair_coeff * * Fe_H_Kumar2023.eam.fs Fe H\n']",['potential_LAMMPS/2023--Kumar-P--Fe-H--LAMMPS--ipr1/Fe_H_Kumar2023.eam.fs'],NISTiprpy,2023--Kumar-P--Fe-H--LAMMPS--ipr1,"['Fe', 'H']","[{'Kumar_2023': {'title': 'Effect of hydrogen on plasticity of α-Fe: A multi-scale assessment', 'journal': 'International Journal of Plasticity', 'volume': '165', 'pages': '103613', 'doi': '10.1016/j.ijplas.2023.103613', 'publisher': 'Elsevier BV', 'url': 'https://doi.org/10.1016%2Fj.ijplas.2023.103613', 'year': '2023', 'author': ['Pranav Kumar', 'Mohit M. Ludhwani', 'Sambit Das', 'Vikram Gavini', 'Anand Kanjarla', 'Ilaksh Adlakha']}}]"
461,"['pair_style ream\n', 'pair_coeff * * Pb_wang.ream Pb\n']",['potential_LAMMPS/2023--Li-P--Pb--LAMMPS--ipr1/Pb_wang.ream'],NISTiprpy,2023--Li-P--Pb--LAMMPS--ipr1,['Pb'],"[{'Li_2023': {'title': 'Response embedded atom model potential of Pb at finite temperature: application on the dislocation mobility', 'journal': 'Physica Scripta', 'volume': '98', 'pages': '025401', 'number': '2', 'doi': '10.1088/1402-4896/acaeec', 'publisher': 'IOP Publishing', 'url': 'https://doi.org/10.1088%2F1402-4896%2Facaeec', 'year': '2023', 'author': ['Pan Li', 'Yongfeng Huang', 'Kun Wang', 'Shifang Xiao', 'Songlin Yao', 'Wangyu Hu']}}]"
462,"['pair_style hybrid/overlay zbl 0.9 1.4 snap\n', 'pair_coeff 1 1 zbl 74 74\n', 'pair_coeff 2 2 zbl 40 40\n', 'pair_coeff 3 3 zbl 11 11\n', 'pair_coeff 1 2 zbl 74 40\n', 'pair_coeff 1 3 zbl 74 11\n', 'pair_coeff 2 3 zbl 40 11\n', 'pair_coeff * * snap WZrC_pot.snapcoeff WZrC_pot.snapparam W Zr C\n']","['potential_LAMMPS/2023--Sikorski-E-L--W-Zr-C--LAMMPS--ipr1/WZrC_pot.snapcoeff', 'potential_LAMMPS/2023--Sikorski-E-L--W-Zr-C--LAMMPS--ipr1/WZrC_pot.snapparam']",NISTiprpy,2023--Sikorski-E-L--W-Zr-C--LAMMPS--ipr1,"['W', 'Zr', 'C']","[{'Sikorski_2023': {'title': 'Machine learned interatomic potential for dispersion strengthened plasma facing components', 'journal': 'The Journal of Chemical Physics', 'volume': '158', 'pages': '114101', 'number': '11', 'doi': '10.1063/5.0135269', 'publisher': 'AIP Publishing', 'url': 'https://doi.org/10.1063%2F5.0135269', 'year': '2023', 'author': ['E. L. Sikorski', 'M. A. Cusentino', 'M. J. McCarthy', 'J. Tranchida', 'M. A. Wood', 'A. P. Thompson']}}]"
463,"['pair_style eam/alloy\n', 'pair_coeff * * FeCuNi-with-ZBL.eam.alloy Fe Cu Ni\n']",['potential_LAMMPS/2023--Tramontina-D-R--Fe-Cu-Ni--LAMMPS--ipr1/FeCuNi-with-ZBL.eam.alloy'],NISTiprpy,2023--Tramontina-D-R--Fe-Cu-Ni--LAMMPS--ipr1,"['Fe', 'Cu', 'Ni']","[{'Tramontina_2023': {'title': 'Probing radiation resistance in simulated metallic core–shell nanoparticles', 'journal': 'Computational Materials Science', 'volume': '227', 'pages': '112304', 'doi': '10.1016/j.commatsci.2023.112304', 'publisher': 'Elsevier BV', 'url': 'https://doi.org/10.1016%2Fj.commatsci.2023.112304', 'year': '2023', 'author': ['D.R. Tramontina', 'O.R. Deluigi', 'R. Pinzón', 'J. Rojas-Nunez', 'F.J. Valencia', 'R.C. Pasianot', 'S.E. Baltazar', 'R.I. Gonzalez', 'E.M. Bringa']}}]"
464,"['pair_style kim DUNN_WenTadmor_2019v1_C__MO_584345505904_000\n', 'pair_coeff * * C\n']",[],OPENKIM,DUNN_WenTadmor_2019v1_C__MO_584345505904_000,['C'],"[{'Wen_2020': {'title': 'Uncertainty quantification in molecular simulations with dropout neural network potentials', 'volume': '6', 'year': '2020', 'journal': 'npj Computational Materials', 'doi': '10.1038/s41524-020-00390-8', 'author': ['Mingjian Wen ', ' Ellad B. Tadmor'], 'number': '1'}}]"
465,"['pair_style kim DUNN_WenTadmor_2019v2_C__MO_956135237832_000\n', 'pair_coeff * * C\n']",[],OPENKIM,DUNN_WenTadmor_2019v2_C__MO_956135237832_000,['C'],"[{'Wen_2020': {'title': 'Uncertainty quantification in molecular simulations with dropout neural network potentials', 'volume': '6', 'year': '2020', 'journal': 'npj Computational Materials', 'doi': '10.1038/s41524-020-00390-8', 'author': ['Mingjian Wen ', ' Ellad B. Tadmor'], 'number': '1'}}]"
466,"['pair_style kim DUNN_WenTadmor_2019v3_C__MO_714772088128_000\n', 'pair_coeff * * C\n']",[],OPENKIM,DUNN_WenTadmor_2019v3_C__MO_714772088128_000,['C'],"[{'Wen_2020': {'title': 'Uncertainty quantification in molecular simulations with dropout neural network potentials', 'volume': '6', 'year': '2020', 'journal': 'npj Computational Materials', 'doi': '10.1038/s41524-020-00390-8', 'author': ['Mingjian Wen ', ' Ellad B. Tadmor'], 'number': '1'}}]"
467,"['pair_style kim EAM_CubicNaturalSpline_AngeloMoodyBaskes_1995_Ni__MO_800536961967_003\n', 'pair_coeff * * Ni\n']",[],OPENKIM,EAM_CubicNaturalSpline_AngeloMoodyBaskes_1995_Ni__MO_800536961967_003,['Ni'],"[{'Angelo_1995': {'title': 'Trapping of hydrogen to lattice defects in nickel', 'volume': '3', 'year': '1995', 'journal': 'Modelling and Simulation in Materials Science and Engineering', 'doi': '10.1088/0965-0393/3/3/001', 'author': ['J E Angelo ', ' N R Moody ', ' M I Baskes']}}]"
468,"['pair_style kim EAM_CubicNaturalSpline_ErcolessiAdams_1994_Al__MO_800509458712_002\n', 'pair_coeff * * Al\n']",[],OPENKIM,EAM_CubicNaturalSpline_ErcolessiAdams_1994_Al__MO_800509458712_002,['Al'],"[{'Ercolessi_1994': {'title': 'Interatomic Potentials from First-Principles Calculations: {T}he Force-Matching Method', 'volume': '26', 'year': '1994', 'journal': 'Europhysics Letters', 'doi': '10.1209/0295-5075/26/8/005', 'author': ['F. Ercolessi ', ' J. B. Adams']}}]"
469,"['pair_style kim EAM_Dynamo_AcklandBaconCalder_1997_Fe__MO_142799717516_005\n', 'pair_coeff * * Fe\n']",[],OPENKIM,EAM_Dynamo_AcklandBaconCalder_1997_Fe__MO_142799717516_005,['Fe'],"[{'Ackl_1997': {'title': 'Computer simulation of point defect properties in dilute {Fe}-{Cu} alloy using a many-body interatomic potential', 'volume': '75', 'year': '1997', 'journal': 'Philosophical Magazine A', 'doi': '10.1080/01418619708207198', 'author': ['G. J. Ackl', ' ', ' D. J. Bacon ', ' A. F. Calder ', ' T. Harry']}}, {""Machov{\\'a}_1998"": {'title': 'Dynamic overshoot in alpha-iron by atomistic simulations', 'volume': '6', 'year': '1998', 'journal': 'Modelling and simulation in materials science and engineering', 'doi': '10.1088/0965-0393/6/5/002', 'author': [""A. Machov{\\'a} "", ' G. J. Ackl', '']}}]"
470,"['pair_style kim EAM_Dynamo_AcklandMendelevSrolovitz_2004_FeP__MO_884343146310_005\n', 'pair_coeff * * Fe P\n']",[],OPENKIM,EAM_Dynamo_AcklandMendelevSrolovitz_2004_FeP__MO_884343146310_005,"['Fe', 'P']","[{'Ackl_2004': {'title': 'Development of an interatomic potential for phosphorus impurities in $\\alpha$-iron', 'volume': '16', 'year': '2004', 'journal': 'Journal of Physics: Condensed Matter', 'doi': '10.1088/0953-8984/16/27/003', 'author': ['G. J. Ackl', ' ', ' M. I. Mendelev ', ' D. J. Srolovitz ', ' S. Han ', ' A. V. Barashev']}}]"
471,"['pair_style kim EAM_Dynamo_AcklandTichyVitek_1987_Ag__MO_212700056563_005\n', 'pair_coeff * * Ag\n']",[],OPENKIM,EAM_Dynamo_AcklandTichyVitek_1987_Ag__MO_212700056563_005,['Ag'],"[{'Ackl_1987': {'title': 'Simple {N}-body potentials for the noble metals and nickel', 'volume': '56', 'year': '1987', 'journal': 'Philosophical Magazine A', 'doi': '10.1080/01418618708204485', 'author': ['G. J. Ackl', '  ', '  G. Tichy  ', '  V. Vitek  ', '  M. W. Finnis']}}]"
472,"['pair_style kim EAM_Dynamo_AcklandTichyVitek_1987_Au__MO_104891429740_005\n', 'pair_coeff * * Au\n']",[],OPENKIM,EAM_Dynamo_AcklandTichyVitek_1987_Au__MO_104891429740_005,['Au'],"[{'Ackl_1987': {'title': 'Simple {N}-body potentials for the noble metals and nickel', 'volume': '56', 'year': '1987', 'journal': 'Philosophical Magazine A', 'doi': '10.1080/01418618708204485', 'author': ['G. J. Ackl', '  ', '  G. Tichy  ', '  V. Vitek  ', '  M. W. Finnis']}}, {'Ackl_1990': {'title': 'Many-body potentials and atomic-scale relaxations in noble-metal alloys', 'volume': '41', 'year': '1990', 'journal': 'Physical Review B', 'doi': '10.1103/PhysRevB.41.10324', 'author': ['Ackl', ', G. J. ', ' Vitek, V.'], 'number': '15'}}, {'Wallace_1992': {'title': 'Calculated energies and relaxations of the low-index planes of ordered {Cu3Au}', 'volume': '275', 'year': '1992', 'journal': 'Surface Science', 'doi': '10.1016/0039-6028(92)90642-J', 'author': ['W.E. Wallace ', ' G.J. Ackl', '']}}]"
473,"['pair_style kim EAM_Dynamo_AcklandTichyVitek_1987_Cu__MO_179025990738_005\n', 'pair_coeff * * Cu\n']",[],OPENKIM,EAM_Dynamo_AcklandTichyVitek_1987_Cu__MO_179025990738_005,['Cu'],"[{'Ackl_1987': {'title': 'Simple {N}-body potentials for the noble metals and nickel', 'volume': '56', 'year': '1987', 'journal': 'Philosophical Magazine A', 'doi': '10.1080/01418618708204485', 'author': ['G. J. Ackl', '  ', '  G. Tichy  ', '  V. Vitek  ', '  M. W. Finnis']}}]"
474,"['pair_style kim EAM_Dynamo_AcklandTichyVitek_1987_Ni__MO_977363131043_005\n', 'pair_coeff * * Ni\n']",[],OPENKIM,EAM_Dynamo_AcklandTichyVitek_1987_Ni__MO_977363131043_005,['Ni'],"[{'Ackl_1987': {'title': 'Simple {N}-body potentials for the noble metals and nickel', 'volume': '56', 'year': '1987', 'journal': 'Philosophical Magazine A', 'doi': '10.1080/01418618708204485', 'author': ['G. J. Ackl', '  ', '  G. Tichy  ', '  V. Vitek  ', '  M. W. Finnis']}}]"
475,"['pair_style kim EAM_Dynamo_AcklandTichyVitek_1987v2_Ag__MO_055919219575_000\n', 'pair_coeff * * Ag\n']",[],OPENKIM,EAM_Dynamo_AcklandTichyVitek_1987v2_Ag__MO_055919219575_000,['Ag'],"[{'Ackl_1987': {'title': 'Simple {N}-body potentials for the noble metals and nickel', 'volume': '56', 'year': '1987', 'journal': 'Philosophical Magazine A', 'doi': '10.1080/01418618708204485', 'author': ['Ackl', ', G. J. ', ' Tichy, G. ', ' Vitek, V. ', ' Finnis, M. W.']}}]"
476,"['pair_style kim EAM_Dynamo_AcklandTichyVitek_1987v2_Cu__MO_762798677854_000\n', 'pair_coeff * * Cu\n']",[],OPENKIM,EAM_Dynamo_AcklandTichyVitek_1987v2_Cu__MO_762798677854_000,['Cu'],"[{'Ackl_1987': {'title': 'Simple {N}-body potentials for the noble metals and nickel', 'volume': '56', 'year': '1987', 'journal': 'Philosophical Magazine A', 'doi': '10.1080/01418618708204485', 'author': ['Ackl', ', G. J. ', ' Tichy, G. ', ' Vitek, V. ', ' Finnis, M. W.']}}]"
477,"['pair_style kim EAM_Dynamo_AcklandTichyVitek_1987v2_Ni__MO_769632475533_000\n', 'pair_coeff * * Ni\n']",[],OPENKIM,EAM_Dynamo_AcklandTichyVitek_1987v2_Ni__MO_769632475533_000,['Ni'],"[{'Ackl_1987': {'title': 'Simple {N}-body potentials for the noble metals and nickel', 'volume': '56', 'year': '1987', 'journal': 'Philosophical Magazine A', 'doi': '10.1080/01418618708204485', 'author': ['Ackl', ', G. J. ', ' Tichy, G. ', ' Vitek, V. ', ' Finnis, M. W.']}}]"
478,"['pair_style kim EAM_Dynamo_AcklandVitek_1990_Cu__MO_642748370624_000\n', 'pair_coeff * * Cu\n']",[],OPENKIM,EAM_Dynamo_AcklandVitek_1990_Cu__MO_642748370624_000,['Cu'],"[{'Ackl_1990': {'title': 'Many-body potentials and atomic-scale relaxations in noble-metal alloys', 'volume': '41', 'year': '1990', 'journal': 'Phys. Rev. B', 'doi': '10.1103/PhysRevB.41.10324', 'author': ['Ackl', ', G. J. ', ' Vitek, V.'], 'number': '15'}}]"
479,"['pair_style kim EAM_Dynamo_AcklandWoodingBacon_1995v2_Zr__MO_398441626455_000\n', 'pair_coeff * * Zr\n']",[],OPENKIM,EAM_Dynamo_AcklandWoodingBacon_1995v2_Zr__MO_398441626455_000,['Zr'],"[{'Ackl_1995': {'title': 'Defect, surface and displacement-threshold properties of $\\alpha$-zirconium simulated with a many-body potential', 'volume': '71', 'year': '1995', 'journal': 'Philosophical Magazine A', 'doi': '10.1080/01418619508244468', 'author': ['Ackl', ', G. J. ', ' Wooding, S. J. ', ' Bacon, D. J.']}}]"
480,"['pair_style kim EAM_Dynamo_Ackland_1987_Au__MO_754413982908_000\n', 'pair_coeff * * Au\n']",[],OPENKIM,EAM_Dynamo_Ackland_1987_Au__MO_754413982908_000,['Au'],"[{'Ackl_{1987}': {'title': 'Simple {N}-body potentials for the noble-metals and nickel', 'volume': '{56}', 'year': '{1987}', 'journal': '{Phil. Mag. A - Phys. Cond. Matter}', 'doi': '{10.1080/01418618708204485}', 'author': ['Ackl', ', G.J. ', ' Tichy, G. ', ' Vitek, V. ', ' Finnis M.W.']}}]"
481,"['pair_style kim EAM_Dynamo_Ackland_1992_Ti__MO_748534961139_005\n', 'pair_coeff * * Ti\n']",[],OPENKIM,EAM_Dynamo_Ackland_1992_Ti__MO_748534961139_005,['Ti'],"[{'Ackl_1992': {'title': 'Theoretical study of titanium surfaces and defects with a new many-body potential', 'volume': '66', 'year': '1992', 'journal': 'Philosophical Magazine A', 'doi': '10.1080/01418619208247999', 'author': ['Graeme J. Ackl', '']}}, {'Ackl_2011': {'title': 'The {MOLDY} short-range molecular dynamics package', 'volume': '182', 'year': '2011', 'journal': 'Computer Physics Communications', 'doi': '10.1016/j.cpc.2011.07.014', 'author': ['G.J. Ackl', ' ', "" K. D'Mellow "", ' S.L. Daraszewicz ', ' D.J. Hepburn ', ' M. Uhrin ', ' K. Stratford']}}]"
482,"['pair_style kim EAM_Dynamo_Ackland_2003_W__MO_141627196590_005\n', 'pair_coeff * * W\n']",[],OPENKIM,EAM_Dynamo_Ackland_2003_W__MO_141627196590_005,['W'],"[{'Seungwu_2003': {'title': 'Interatomic potential for vanadium suitable for radiation damage simulations', 'volume': '93', 'year': '2003', 'journal': 'Journal of Applied Physics', 'doi': '10.1063/1.1555275', 'author': ['Han, Seungwu ', ' Zepeda-Ruiz, Luis A. ', ' Ackl', ', Graeme J. ', ' Car, Roberto ', ' Srolovitz, David J.']}}, {'Ackl_2003': {'title': 'First-principles thermodynamics of transition metals: {W}, {NiAl}, and {PdTi}', 'volume': '68', 'year': '2003', 'journal': 'Physical Review B', 'doi': '10.1103/PhysRevB.68.214104', 'author': ['Ackl', ', Graeme J. ', ' Huang, Xiangyang ', ' Rabe, Karin M.'], 'number': '21'}}]"
483,"['pair_style kim EAM_Dynamo_AdamsFoilesWolfer_1989Universal6_Ag__MO_681640899874_000\n', 'pair_coeff * * Ag\n']",[],OPENKIM,EAM_Dynamo_AdamsFoilesWolfer_1989Universal6_Ag__MO_681640899874_000,['Ag'],"[{'B._1989': {'title': 'Self-diffusion and impurity diffusion of fee metals using the five-frequency model and the Embedded Atom Method', 'volume': '4', 'year': '1989', 'journal': 'Journal of Materials Research', 'doi': '10.1557/JMR.1989.0102', 'author': ['Adams, J. B. ', ' Foiles, S. M. ', ' Wolfer, W. G.']}}]"
484,"['pair_style kim EAM_Dynamo_AdamsFoilesWolfer_1989Universal6_Cu__MO_145873824897_000\n', 'pair_coeff * * Cu\n']",[],OPENKIM,EAM_Dynamo_AdamsFoilesWolfer_1989Universal6_Cu__MO_145873824897_000,['Cu'],"[{'B._1989': {'title': 'Self-diffusion and impurity diffusion of fee metals using the five-frequency model and the Embedded Atom Method', 'volume': '4', 'year': '1989', 'journal': 'Journal of Materials Research', 'doi': '10.1557/JMR.1989.0102', 'author': ['Adams, J. B. ', ' Foiles, S. M. ', ' Wolfer, W. G.']}}]"
485,"['pair_style kim EAM_Dynamo_AdamsFoilesWolfer_1989Universal6_Ni__MO_258836200237_000\n', 'pair_coeff * * Ni\n']",[],OPENKIM,EAM_Dynamo_AdamsFoilesWolfer_1989Universal6_Ni__MO_258836200237_000,['Ni'],"[{'B._1989': {'title': 'Self-diffusion and impurity diffusion of fee metals using the five-frequency model and the Embedded Atom Method', 'volume': '4', 'year': '1989', 'journal': 'Journal of Materials Research', 'doi': '10.1557/JMR.1989.0102', 'author': ['Adams, J. B. ', ' Foiles, S. M. ', ' Wolfer, W. G.']}}]"
486,"['pair_style kim EAM_Dynamo_AdamsFoilesWolfer_1989Universal6_Pd__MO_169076431435_000\n', 'pair_coeff * * Pd\n']",[],OPENKIM,EAM_Dynamo_AdamsFoilesWolfer_1989Universal6_Pd__MO_169076431435_000,['Pd'],"[{'B._1989': {'title': 'Self-diffusion and impurity diffusion of fee metals using the five-frequency model and the Embedded Atom Method', 'volume': '4', 'year': '1989', 'journal': 'Journal of Materials Research', 'doi': '10.1557/JMR.1989.0102', 'author': ['Adams, J. B. ', ' Foiles, S. M. ', ' Wolfer, W. G.']}}]"
487,"['pair_style kim EAM_Dynamo_AdamsFoilesWolfer_1989Universal6_Pt__MO_388062184209_000\n', 'pair_coeff * * Pt\n']",[],OPENKIM,EAM_Dynamo_AdamsFoilesWolfer_1989Universal6_Pt__MO_388062184209_000,['Pt'],"[{'B._1989': {'title': 'Self-diffusion and impurity diffusion of fee metals using the five-frequency model and the Embedded Atom Method', 'volume': '4', 'year': '1989', 'journal': 'Journal of Materials Research', 'doi': '10.1557/JMR.1989.0102', 'author': ['Adams, J. B. ', ' Foiles, S. M. ', ' Wolfer, W. G.']}}]"
488,"['pair_style kim EAM_Dynamo_AdamsFoilesWolfer_1989_Au__MO_087738844640_000\n', 'pair_coeff * * Au\n']",[],OPENKIM,EAM_Dynamo_AdamsFoilesWolfer_1989_Au__MO_087738844640_000,['Au'],"[{'J.B._1989': {'title': 'Self-diffusion and impurity diffusion of fcc metals using the 5-frequency model and the embedded atom method', 'volume': '4', 'year': '1989', 'journal': '{J. Mat. Res.}', 'doi': '10.1557/JMR.1989.0102', 'author': ['Adams, J.B. ', ' Foiles, S.M. ', ' Wolfer, W.G.']}}]"
489,"['pair_style kim EAM_Dynamo_AgrawalMishraWard_2013_Be__MO_404563086984_000\n', 'pair_coeff * * Be\n']",[],OPENKIM,EAM_Dynamo_AgrawalMishraWard_2013_Be__MO_404563086984_000,['Be'],"[{'Anupriya_2013': {'title': 'An embedded atom method potential of beryllium', 'volume': '21', 'year': '2013', 'journal': 'Modelling and Simulation in Materials Science and Engineering', 'doi': '10.1088/0965-0393/21/8/085001', 'author': ['Agrawal, Anupriya ', ' Mishra, Rohan ', ' Ward, Logan ', ' Flores, Katharine M ', ' Windl, Wolfgang']}}, {'Anupriya_2015': {'title': 'Corrigendum: An embedded atom method potential of beryllium ( Modelling Simul. Mater. Sci. Eng . 21 085001)', 'volume': '23', 'year': '2015', 'journal': 'Modelling and Simulation in Materials Science and Engineering', 'doi': '10.1088/0965-0393/23/6/069501', 'author': ['Agrawal, Anupriya ', ' Mishra, Rohan ', ' Ward, Logan ', ' Flores, Katharine M ', ' Windl, Wolfgang']}}]"
490,"['pair_style kim EAM_Dynamo_AngeloMoodyBaskes_1995_NiAlH__MO_418978237058_005\n', 'pair_coeff * * Ni Al H\n']",[],OPENKIM,EAM_Dynamo_AngeloMoodyBaskes_1995_NiAlH__MO_418978237058_005,"['Ni', 'Al', 'H']","[{'Angelo_1995': {'title': 'Trapping of hydrogen to lattice defects in nickel', 'volume': '3', 'year': '1995', 'journal': 'Modelling and Simulation in Materials Science and Engineering', 'doi': '10.1088/0965-0393/3/3/001', 'author': ['J E Angelo ', ' N R Moody ', ' M I Baskes']}}, {'Baskes_1997': {'title': 'Correction: {T}rapping of hydrogen to lattice defects in nickel', 'volume': '5', 'year': '1997', 'journal': 'Modelling and Simulation in Materials Science and Engineering', 'doi': '10.1088/0965-0393/5/6/007', 'author': ['M I Baskes ', ' Xianwei Sha ', ' J E Angelo ', ' N R Moody']}}]"
491,"['pair_style kim EAM_Dynamo_BonnyBakaevTerentyev_2017_WRe__MO_234187151804_000\n', 'pair_coeff * * W Re\n']",[],OPENKIM,EAM_Dynamo_BonnyBakaevTerentyev_2017_WRe__MO_234187151804_000,"['W', 'Re']","[{'G._2017': {'title': 'Interatomic potential to study plastic deformation in tungsten-rhenium alloys', 'volume': '121', 'year': '2017', 'journal': 'Journal of Applied Physics', 'doi': '10.1063/1.4982361', 'author': ['Bonny, G. ', ' Bakaev, A. ', ' Terentyev, D. ', ' Mastrikov, Yu. A.']}}]"
492,"['pair_style kim EAM_Dynamo_BonnyCastinBullens_2013_FeW__MO_737567242631_000\n', 'pair_coeff * * Fe W\n']",[],OPENKIM,EAM_Dynamo_BonnyCastinBullens_2013_FeW__MO_737567242631_000,"['Fe', 'W']","[{'G_2013': {'title': 'On the mobility of vacancy clusters in reduced activation steels: an atomistic study in the {Fe}–{Cr}–{W} model alloy', 'volume': '25', 'year': '2013', 'journal': 'Journal of Physics: Condensed Matter', 'doi': '10.1088/0953-8984/25/31/315401', 'author': ['Bonny, G ', ' Castin, N ', ' Bullens, J ', ' Bakaev, A ', ' Klaver, T C P ', ' Terentyev, D']}}]"
493,"['pair_style kim EAM_Dynamo_BonnyCastinTerentyev_2013_FeNiCr__MO_763197941039_000\n', 'pair_coeff * * Fe Ni Cr\n']",[],OPENKIM,EAM_Dynamo_BonnyCastinTerentyev_2013_FeNiCr__MO_763197941039_000,"['Fe', 'Ni', 'Cr']","[{'G_2013': {'title': 'Interatomic potential for studying ageing under irradiation in stainless steels: the {FeNiCr} model alloy', 'volume': '21', 'year': '2013', 'journal': 'Modelling and Simulation in Materials Science and Engineering', 'doi': '10.1088/0965-0393/21/8/085004', 'author': ['Bonny, G ', ' Castin, N ', ' Terentyev, D']}}]"
494,"['pair_style kim EAM_Dynamo_BonnyGrigorevTerentyev_2014EAM1_WHHe__MO_292520929154_000\n', 'pair_coeff * * W H He\n']",[],OPENKIM,EAM_Dynamo_BonnyGrigorevTerentyev_2014EAM1_WHHe__MO_292520929154_000,"['W', 'H', 'He']","[{'G_2014': {'title': 'On the binding of nanometric hydrogen–helium clusters in tungsten', 'volume': '26', 'year': '2014', 'journal': 'Journal of Physics: Condensed Matter', 'doi': '10.1088/0953-8984/26/48/485001', 'author': ['Bonny, G ', ' Grigorev, P ', ' Terentyev, D']}}]"
495,"['pair_style kim EAM_Dynamo_BonnyGrigorevTerentyev_2014EAM2_WHHe__MO_626183701337_000\n', 'pair_coeff * * W H He\n']",[],OPENKIM,EAM_Dynamo_BonnyGrigorevTerentyev_2014EAM2_WHHe__MO_626183701337_000,"['W', 'H', 'He']","[{'G_2014': {'title': 'On the binding of nanometric hydrogen–helium clusters in tungsten', 'volume': '26', 'year': '2014', 'journal': 'Journal of Physics: Condensed Matter', 'doi': '10.1088/0953-8984/26/48/485001', 'author': ['Bonny, G ', ' Grigorev, P ', ' Terentyev, D']}}]"
496,"['pair_style kim EAM_Dynamo_BonnyPasianotCastin_2009_FeCuNi__MO_469343973171_005\n', 'pair_coeff * * Fe Cu Ni\n']",[],OPENKIM,EAM_Dynamo_BonnyPasianotCastin_2009_FeCuNi__MO_469343973171_005,"['Fe', 'Cu', 'Ni']","[{'Bonny_2009': {'title': 'Ternary {Fe}--{Cu}--{Ni} many-body potential to model reactor pressure vessel steels: {F}irst validation by simulated thermal annealing', 'volume': '89', 'year': '2009', 'journal': 'Philosophical Magazine', 'doi': '10.1080/14786430903299824', 'author': ['G. Bonny ', ' R. C. Pasianot ', ' N. Castin ', ' L. Malerba']}}]"
497,"['pair_style kim EAM_Dynamo_BonnyPasianotMalerba_2009_FeNi__MO_267721408934_005\n', 'pair_coeff * * Fe Ni\n']",[],OPENKIM,EAM_Dynamo_BonnyPasianotMalerba_2009_FeNi__MO_267721408934_005,"['Fe', 'Ni']","[{'Bonny_2009': {'title': '{Fe}--{Ni} many-body potential for metallurgical applications', 'volume': '17', 'year': '2009', 'journal': 'Modelling and Simulation in Materials Science and Engineering', 'doi': '10.1088/0965-0393/17/2/025010', 'author': ['G. Bonny ', ' R. C. Pasianot ', ' L. Malerba']}}]"
498,"['pair_style kim EAM_Dynamo_BorovikovMendelevKing_2016_CuZr__MO_097471813275_000\n', 'pair_coeff * * Cu Zr\n']",[],OPENKIM,EAM_Dynamo_BorovikovMendelevKing_2016_CuZr__MO_097471813275_000,"['Cu', 'Zr']","[{'Valery_2016': {'title': 'Effects of stable and unstable stacking fault energy on dislocation nucleation in nano-crystalline metals', 'volume': '24', 'year': '2016', 'journal': 'Modelling and Simulation in Materials Science and Engineering', 'doi': '10.1088/0965-0393/24/8/085017', 'author': ['Borovikov, Valery ', ' Mendelev, Mikhail I ', ' King, Alex', 'er H']}}]"
499,"['pair_style kim EAM_Dynamo_CaiYe_1996_AlCu__MO_942551040047_005\n', 'pair_coeff * * Al Cu\n']",[],OPENKIM,EAM_Dynamo_CaiYe_1996_AlCu__MO_942551040047_005,"['Al', 'Cu']","[{'J._1996': {'title': 'Simple analytical embedded-atom-potential model including a long-range force for fcc metals and their alloys', 'volume': '54', 'year': '1996', 'journal': 'Physical Review B', 'doi': '10.1103/PhysRevB.54.8398', 'author': ['Cai, J. ', ' Ye, Y. Y.'], 'number': '12'}}]"
500,"['pair_style kim EAM_Dynamo_ChamatiPapanicolaouMishin_2006_Fe__MO_960699513424_000\n', 'pair_coeff * * Fe\n']",[],OPENKIM,EAM_Dynamo_ChamatiPapanicolaouMishin_2006_Fe__MO_960699513424_000,['Fe'],"[{'H._2006': {'title': 'Embedded-atom potential for Fe and its application to self-diffusion on Fe(100)', 'volume': '600', 'year': '2006', 'journal': 'Surface Science', 'doi': '10.1016/j.susc.2006.02.010', 'author': ['Chamati, H. ', ' Papanicolaou, N.I. ', ' Mishin, Y. ', ' Papaconstantopoulos, D.A.']}}]"
501,"['pair_style kim EAM_Dynamo_ErcolessiAdams_1994_Al__MO_123629422045_005\n', 'pair_coeff * * Al\n']",[],OPENKIM,EAM_Dynamo_ErcolessiAdams_1994_Al__MO_123629422045_005,['Al'],"[{'Ercolessi_1994': {'title': 'Interatomic Potentials from First-Principles Calculations: {T}he Force-Matching Method', 'volume': '26', 'year': '1994', 'journal': 'Europhysics Letters', 'doi': '10.1209/0295-5075/26/8/005', 'author': ['F. Ercolessi ', ' J. B. Adams']}}]"
502,"['pair_style kim EAM_Dynamo_FarkasJones_1996_NbTiAl__MO_042691367780_000\n', 'pair_coeff * * Nb Ti Al\n']",[],OPENKIM,EAM_Dynamo_FarkasJones_1996_NbTiAl__MO_042691367780_000,"['Nb', 'Ti', 'Al']","[{'Diana_1996': {'title': 'Interatomic potentials for ternary {Nb}-{Ti}-{Al} alloys', 'volume': '4', 'year': '1996', 'journal': 'Modelling and Simulation in Materials Science and Engineering', 'doi': '10.1088/0965-0393/4/1/004', 'author': ['Farkas, Diana ', ' Jones, Chris']}}]"
503,"['pair_style kim EAM_Dynamo_FellingerParkWilkins_2010_Nb__MO_102133002179_005\n', 'pair_coeff * * Nb\n']",[],OPENKIM,EAM_Dynamo_FellingerParkWilkins_2010_Nb__MO_102133002179_005,['Nb'],"[{'R._2010': {'title': 'Force-matched embedded-atom method potential for niobium', 'volume': '81', 'year': '2010', 'journal': 'Physical Review B', 'doi': '10.1103/PhysRevB.81.144119', 'author': ['Fellinger, Michael R. ', ' Park, Hyoungki ', ' Wilkins, John W.'], 'number': '14'}}]"
504,"['pair_style kim EAM_Dynamo_FoilesBaskesDaw_1986Universal3_Ag__MO_626948998302_000\n', 'pair_coeff * * Ag\n']",[],OPENKIM,EAM_Dynamo_FoilesBaskesDaw_1986Universal3_Ag__MO_626948998302_000,['Ag'],"[{'M._1986': {'title': '{Embedded-atom-method functions for the fcc metals Cu, Ag, Au, Ni, Pd, Pt, and their alloys}', 'volume': '33', 'year': '1986', 'journal': 'Phys. Rev. B', 'doi': '10.1103/PhysRevB.33.7983', 'author': ['Foiles, S. M. ', ' Baskes, M. I. ', ' Daw, M. S.'], 'number': '12'}}, {'M._1988': {'title': '{Erratum: Embedded-atom-method functions for the fcc metals Cu, Ag, Au, Ni, Pd, Pt, and their alloys}', 'volume': '37', 'year': '1988', 'journal': 'Phys. Rev. B', 'doi': '10.1103/PhysRevB.37.10378', 'author': ['Foiles, S. M. ', ' Baskes, M. I. ', ' Daw, M. S.'], 'number': '17'}}]"
505,"['pair_style kim EAM_Dynamo_FoilesBaskesDaw_1986Universal3_Au__MO_559016907324_000\n', 'pair_coeff * * Au\n']",[],OPENKIM,EAM_Dynamo_FoilesBaskesDaw_1986Universal3_Au__MO_559016907324_000,['Au'],"[{'M._1986': {'title': '{Embedded-atom-method functions for the fcc metals Cu, Ag, Au, Ni, Pd, Pt, and their alloys}', 'volume': '33', 'year': '1986', 'journal': 'Phys. Rev. B', 'doi': '10.1103/PhysRevB.33.7983', 'author': ['Foiles, S. M. ', ' Baskes, M. I. ', ' Daw, M. S.'], 'number': '12'}}, {'M._1988': {'title': '{Erratum: Embedded-atom-method functions for the fcc metals Cu, Ag, Au, Ni, Pd, Pt, and their alloys}', 'volume': '37', 'year': '1988', 'journal': 'Phys. Rev. B', 'doi': '10.1103/PhysRevB.37.10378', 'author': ['Foiles, S. M. ', ' Baskes, M. I. ', ' Daw, M. S.'], 'number': '17'}}]"
506,"['pair_style kim EAM_Dynamo_FoilesBaskesDaw_1986Universal3_Cu__MO_666348409573_004\n', 'pair_coeff * * Cu\n']",[],OPENKIM,EAM_Dynamo_FoilesBaskesDaw_1986Universal3_Cu__MO_666348409573_004,['Cu'],"[{'M._1986': {'title': 'Embedded-atom-method functions for the fcc metals {Cu}, {Ag}, {Au}, {Ni}, {Pd}, {Pt}, and their alloys', 'volume': '33', 'year': '1986', 'journal': 'Physical Review B', 'doi': '10.1103/PhysRevB.33.7983', 'author': ['Foiles, S. M. ', ' Baskes, M. I. ', ' Daw, M. S.'], 'number': '12'}}, {'M._1988': {'title': 'Erratum: {E}mbedded-atom-method functions for the fcc metals {Cu}, {Ag}, {Au}, {Ni}, {Pd}, {Pt}, and their alloys', 'volume': '37', 'year': '1988', 'journal': 'Physical Review B', 'doi': '10.1103/PhysRevB.37.10378', 'author': ['Foiles, S. M. ', ' Baskes, M. I. ', ' Daw, M. S.'], 'number': '17'}}]"
507,"['pair_style kim EAM_Dynamo_FoilesBaskesDaw_1986Universal3_Ni__MO_580571659842_000\n', 'pair_coeff * * Ni\n']",[],OPENKIM,EAM_Dynamo_FoilesBaskesDaw_1986Universal3_Ni__MO_580571659842_000,['Ni'],"[{'M._1986': {'title': '{Embedded-atom-method functions for the fcc metals Cu, Ag, Au, Ni, Pd, Pt, and their alloys}', 'volume': '33', 'year': '1986', 'journal': 'Phys. Rev. B', 'doi': '10.1103/PhysRevB.33.7983', 'author': ['Foiles, S. M. ', ' Baskes, M. I. ', ' Daw, M. S.'], 'number': '12'}}, {'M._1988': {'title': '{Erratum: Embedded-atom-method functions for the fcc metals Cu, Ag, Au, Ni, Pd, Pt, and their alloys}', 'volume': '37', 'year': '1988', 'journal': 'Phys. Rev. B', 'doi': '10.1103/PhysRevB.37.10378', 'author': ['Foiles, S. M. ', ' Baskes, M. I. ', ' Daw, M. S.'], 'number': '17'}}]"
508,"['pair_style kim EAM_Dynamo_FoilesBaskesDaw_1986Universal3_Pd__MO_786012902615_000\n', 'pair_coeff * * Pd\n']",[],OPENKIM,EAM_Dynamo_FoilesBaskesDaw_1986Universal3_Pd__MO_786012902615_000,['Pd'],"[{'M._1986': {'title': '{Embedded-atom-method functions for the fcc metals Cu, Ag, Au, Ni, Pd, Pt, and their alloys}', 'volume': '33', 'year': '1986', 'journal': 'Phys. Rev. B', 'doi': '10.1103/PhysRevB.33.7983', 'author': ['Foiles, S. M. ', ' Baskes, M. I. ', ' Daw, M. S.'], 'number': '12'}}, {'M._1988': {'title': '{Erratum: Embedded-atom-method functions for the fcc metals Cu, Ag, Au, Ni, Pd, Pt, and their alloys}', 'volume': '37', 'year': '1988', 'journal': 'Phys. Rev. B', 'doi': '10.1103/PhysRevB.37.10378', 'author': ['Foiles, S. M. ', ' Baskes, M. I. ', ' Daw, M. S.'], 'number': '17'}}]"
509,"['pair_style kim EAM_Dynamo_FoilesBaskesDaw_1986Universal3_Pt__MO_757342646688_000\n', 'pair_coeff * * Pt\n']",[],OPENKIM,EAM_Dynamo_FoilesBaskesDaw_1986Universal3_Pt__MO_757342646688_000,['Pt'],"[{'M._1986': {'title': '{Embedded-atom-method functions for the fcc metals Cu, Ag, Au, Ni, Pd, Pt, and their alloys}', 'volume': '33', 'year': '1986', 'journal': 'Phys. Rev. B', 'doi': '10.1103/PhysRevB.33.7983', 'author': ['Foiles, S. M. ', ' Baskes, M. I. ', ' Daw, M. S.'], 'number': '12'}}, {'M._1988': {'title': '{Erratum: Embedded-atom-method functions for the fcc metals Cu, Ag, Au, Ni, Pd, Pt, and their alloys}', 'volume': '37', 'year': '1988', 'journal': 'Phys. Rev. B', 'doi': '10.1103/PhysRevB.37.10378', 'author': ['Foiles, S. M. ', ' Baskes, M. I. ', ' Daw, M. S.'], 'number': '17'}}]"
510,"['pair_style kim EAM_Dynamo_Foiles_1985_Cu__MO_831121933939_000\n', 'pair_coeff * * Cu\n']",[],OPENKIM,EAM_Dynamo_Foiles_1985_Cu__MO_831121933939_000,['Cu'],"[{'M._1985': {'title': 'Calculation of the surface segregation of Ni-Cu alloys with the use of the embedded-atom method', 'volume': '32', 'year': '1985', 'journal': 'Phys. Rev. B', 'doi': '10.1103/PhysRevB.32.7685', 'author': ['Foiles, S. M.'], 'number': '12'}}]"
511,"['pair_style kim EAM_Dynamo_Foiles_1985_Ni__MO_010059867259_000\n', 'pair_coeff * * Ni\n']",[],OPENKIM,EAM_Dynamo_Foiles_1985_Ni__MO_010059867259_000,['Ni'],"[{'M._1985': {'title': 'Calculation of the surface segregation of Ni-Cu alloys with the use of the embedded-atom method', 'volume': '32', 'year': '1985', 'journal': 'Phys. Rev. B', 'doi': '10.1103/PhysRevB.32.7685', 'author': ['Foiles, S. M.'], 'number': '12'}}]"
512,"['pair_style kim EAM_Dynamo_FortiniMendelevBuldyrev_2008_Ru__MO_114077951467_005\n', 'pair_coeff * * Ru\n']",[],OPENKIM,EAM_Dynamo_FortiniMendelevBuldyrev_2008_Ru__MO_114077951467_005,['Ru'],"[{'Andrea_2008': {'title': 'Asperity contacts at the nanoscale: {C}omparison of {Ru} and {Au}', 'volume': '104', 'year': '2008', 'journal': 'Journal of Applied Physics', 'doi': '10.1063/1.2991301', 'author': ['Fortini, Andrea ', ' Mendelev, Mikhail I. ', ' Buldyrev, Sergey ', ' Srolovitz, David ']}}]"
513,"['pair_style kim EAM_Dynamo_GolaPastewka_2018_CuAu__MO_426403318662_000\n', 'pair_coeff * * Cu Au\n']",[],OPENKIM,EAM_Dynamo_GolaPastewka_2018_CuAu__MO_426403318662_000,"['Cu', 'Au']","[{'Adrien_2018': {'title': 'Embedded atom method potential for studying mechanical properties of binary {Cu}–{Au} alloys', 'volume': '26', 'year': '2018', 'journal': 'Modelling and Simulation in Materials Science and Engineering', 'doi': '10.1088/1361-651X/aabce4', 'author': ['Gola, Adrien ', ' Pastewka, Lars']}}]"
514,"['pair_style kim EAM_Dynamo_GrocholaRusso_2005_Au__MO_557267801129_000\n', 'pair_coeff * * Au\n']",[],OPENKIM,EAM_Dynamo_GrocholaRusso_2005_Au__MO_557267801129_000,['Au'],"[{'G_{2005}': {'title': '{On fitting a gold embedded atom method potential using the force matching method}', 'volume': '{123}', 'year': '{2005}', 'journal': '{J. Chem. Phys.}', 'doi': '10.1063/1.2124667', 'author': ['Grochola, G ', ' Russo, SP ', ' Snook, IK']}}]"
515,"['pair_style kim EAM_Dynamo_HaleWongZimmerman_2008PairHybrid_PdAgH__MO_104806802344_005\n', 'pair_coeff * * Pd Ag H\n']",[],OPENKIM,EAM_Dynamo_HaleWongZimmerman_2008PairHybrid_PdAgH__MO_104806802344_005,"['Pd', 'Ag', 'H']","[{'Hale_2013': {'title': 'Atomistic potentials for palladium--silver hydrides', 'volume': '21', 'year': '2013', 'journal': 'Modelling and Simulation in Materials Science and Engineering', 'doi': '10.1088/0965-0393/21/4/045005', 'author': ['L M Hale ', ' B M Wong ', ' J A Zimmerman ', ' X W Zhou']}}, {'W._2008': {'title': 'An embedded-atom method interatomic potential for {Pd}--{H} alloys', 'volume': '23', 'year': '2008', 'journal': 'Journal of Materials Research', 'doi': '10.1557/JMR.2008.0090', 'author': ['Zhou, X. W. ', ' Zimmerman, J. A. ', ' Wong, B. M. ', ' Hoyt, J. J.']}}]"
516,"['pair_style kim EAM_Dynamo_HaleWongZimmerman_2008PairMorse_PdAgH__MO_108983864770_005\n', 'pair_coeff * * Pd Ag H\n']",[],OPENKIM,EAM_Dynamo_HaleWongZimmerman_2008PairMorse_PdAgH__MO_108983864770_005,"['Pd', 'Ag', 'H']","[{'Hale_2013': {'title': 'Atomistic potentials for palladium--silver hydrides', 'volume': '21', 'year': '2013', 'journal': 'Modelling and Simulation in Materials Science and Engineering', 'doi': '10.1088/0965-0393/21/4/045005', 'author': ['L M Hale ', ' B M Wong ', ' J A Zimmerman ', ' X W Zhou']}}, {'W._2008': {'title': 'An embedded-atom method interatomic potential for {Pd}--{H} alloys', 'volume': '23', 'year': '2008', 'journal': 'Journal of Materials Research', 'doi': '10.1557/JMR.2008.0090', 'author': ['Zhou, X. W. ', ' Zimmerman, J. A. ', ' Wong, B. M. ', ' Hoyt, J. J.']}}]"
517,"['pair_style kim EAM_Dynamo_HanZepedaAckland_2003_V__MO_411020944797_000\n', 'pair_coeff * * V\n']",[],OPENKIM,EAM_Dynamo_HanZepedaAckland_2003_V__MO_411020944797_000,['V'],"[{'Seungwu_2003': {'title': 'Interatomic potential for vanadium suitable for radiation damage simulations', 'volume': '93', 'year': '2003', 'journal': 'Journal of Applied Physics', 'doi': '10.1063/1.1555275', 'author': ['Han, Seungwu ', ' Zepeda-Ruiz, Luis A. ', ' Ackl', ', Graeme J. ', ' Car, Roberto ', ' Srolovitz, David J.']}}]"
518,"['pair_style kim EAM_Dynamo_HanZepedaAckland_2003_W__MO_286137913440_000\n', 'pair_coeff * * W\n']",[],OPENKIM,EAM_Dynamo_HanZepedaAckland_2003_W__MO_286137913440_000,['W'],"[{'Seungwu_2003': {'title': 'Interatomic potential for vanadium suitable for radiation damage simulations', 'volume': '93', 'year': '2003', 'journal': 'Journal of Applied Physics', 'doi': '10.1063/1.1555275', 'author': ['Han, Seungwu ', ' Zepeda-Ruiz, Luis A. ', ' Ackl', ', Graeme J. ', ' Car, Roberto ', ' Srolovitz, David J.']}}]"
519,"['pair_style kim EAM_Dynamo_HepburnAckland_2008_FeC__MO_143977152728_005\n', 'pair_coeff * * Fe C\n']",[],OPENKIM,EAM_Dynamo_HepburnAckland_2008_FeC__MO_143977152728_005,"['Fe', 'C']","[{'J._2008': {'title': 'Metallic-covalent interatomic potential for carbon in iron', 'volume': '78', 'year': '2008', 'journal': 'Physical Review B', 'doi': '10.1103/PhysRevB.78.165115', 'author': ['Hepburn, Derek J. ', ' Ackl', ', Graeme J.'], 'number': '16'}}]"
520,"['pair_style kim EAM_Dynamo_HoytGarvinWebb_2003_PbCu__MO_119135752160_005\n', 'pair_coeff * * Pb Cu\n']",[],OPENKIM,EAM_Dynamo_HoytGarvinWebb_2003_PbCu__MO_119135752160_005,"['Pb', 'Cu']","[{'Hoyt_2003': {'title': 'An embedded atom method interatomic potential for the {C}u--{P}b system', 'volume': '11', 'year': '2003', 'journal': 'Modelling and Simulation in Materials Science and Engineering', 'doi': '10.1088/0965-0393/11/3/302', 'author': ['J J Hoyt ', ' J W Garvin ', ' E B Webb III ', ' Mark Asta']}}]"
521,"['pair_style kim EAM_Dynamo_JacobsenNorskovPuska_1987_Al__MO_411692133366_000\n', 'pair_coeff * * Al\n']",[],OPENKIM,EAM_Dynamo_JacobsenNorskovPuska_1987_Al__MO_411692133366_000,['Al'],"[{'W._1987': {'title': 'Interatomic interactions in the effective-medium theory', 'volume': '35', 'year': '1987', 'journal': 'Phys. Rev. B', 'doi': '10.1103/PhysRevB.35.7423', 'author': ['Jacobsen, K. W. ', ' Norskov, J. K. ', ' Puska, M. J.'], 'number': '14'}}]"
522,"['pair_style kim EAM_Dynamo_LandaWynblattSiegel_2000_AlPb__MO_699137396381_005\n', 'pair_coeff * * Al Pb\n']",[],OPENKIM,EAM_Dynamo_LandaWynblattSiegel_2000_AlPb__MO_699137396381_005,"['Al', 'Pb']","[{'L_2000': {'title': 'Development of glue-type potentials for the {A}l--{P}b system: phase diagram calculation', 'volume': '48', 'year': '2000', 'journal': 'Acta Materialia', 'doi': '10.1016/S1359-6454(00)00002-1', 'author': ['A. L', 'a ', ' P. Wynblatt ', ' D. J. Siegel ', ' J. B. Adams ', ' O. N. Myrasov ', ' X.-Y. Liu']}}, {'L_2000': {'title': 'Corrigendum: {D}evelopment of glue-type potentials for the {A}l--{P}b system: phase diagram calculation', 'volume': '48', 'year': '2000', 'journal': 'Acta Materialia', 'doi': '10.1016/S1359-6454(00)00158-0', 'author': ['A. L', 'a ', ' P. Wynblatt ', ' D. J. Siegel ', ' J. B. Adams ', ' O. N. Myrasov ', ' X.-Y. Liu']}}, {'L_2000': {'title': 'Computer simulation of P{b}/{A}l interfaces', 'volume': '48', 'year': '2000', 'journal': 'Acta Materialia', 'doi': '10.1016/S1359-6454(00)00059-8', 'author': ['A. L', 'a ', ' P. Wynblatt ', ' E. Johnson ', ' U. Dahmen']}}]"
523,"['pair_style kim EAM_Dynamo_LiSiegelAdams_2003_Ta__MO_103054252769_005\n', 'pair_coeff * * Ta\n']",[],OPENKIM,EAM_Dynamo_LiSiegelAdams_2003_Ta__MO_103054252769_005,['Ta'],"[{'Youhong_2003': {'title': 'Embedded-atom-method tantalum potential developed by the force-matching method', 'volume': '67', 'year': '2003', 'journal': 'Physical Review B', 'doi': '10.1103/PhysRevB.67.125101', 'author': ['Li, Youhong ', ' Siegel, Donald J. ', ' Adams, James B. ', ' Liu, Xiang-Yang'], 'number': '12'}}]"
524,"['pair_style kim EAM_Dynamo_LiuAdams_1998_AlMg__MO_019873715786_000\n', 'pair_coeff * * Al Mg\n']",[],OPENKIM,EAM_Dynamo_LiuAdams_1998_AlMg__MO_019873715786_000,"['Al', 'Mg']","[{'X.-Y._1998': {'title': 'Grain-boundary segregation in Al–10%Mg alloys at hot working temperatures', 'volume': '46', 'year': '1998', 'journal': 'Acta Materialia', 'doi': '10.1016/S1359-6454(98)00038-X', 'author': ['Liu, X.-Y. ', ' Adams, J.B.']}}]"
525,"['pair_style kim EAM_Dynamo_LiuErcolessiAdams_2004_Al__MO_051157671505_000\n', 'pair_coeff * * Al\n']",[],OPENKIM,EAM_Dynamo_LiuErcolessiAdams_2004_Al__MO_051157671505_000,['Al'],"[{'Xiang-Yang_2004': {'title': 'Aluminium interatomic potential from density functional theory calculations with improved stacking fault energy', 'volume': '12', 'year': '2004', 'journal': 'Modelling and Simulation in Materials Science and Engineering', 'doi': '10.1088/0965-0393/12/4/007', 'author': ['Liu, Xiang-Yang ', ' Ercolessi, Furio ', ' Adams, James B']}}]"
526,"['pair_style kim EAM_Dynamo_LiuLiuBorucki_1999_AlCu__MO_020851069572_000\n', 'pair_coeff * * Al Cu\n']",[],OPENKIM,EAM_Dynamo_LiuLiuBorucki_1999_AlCu__MO_020851069572_000,"['Al', 'Cu']","[{'X.-Y_1999': {'title': ""A new investigation of copper's role in enhancing Al–Cu interconnect electromigration resistance from an atomistic view"", 'volume': '47', 'year': '1999', 'journal': 'Acta Materialia', 'doi': '10.1016/S1359-6454(99)00186-X', 'author': ['Liu, X.-Y ', ' Liu, C.-L ', ' Borucki, L.J']}}]"
527,"['pair_style kim EAM_Dynamo_LiuOhotnickyAdams_1997_AlMg__MO_559870613549_000\n', 'pair_coeff * * Al Mg\n']",[],OPENKIM,EAM_Dynamo_LiuOhotnickyAdams_1997_AlMg__MO_559870613549_000,"['Al', 'Mg']","[{'Xiang-Yang_1997': {'title': 'Anisotropic surface segregation in Al-Mg alloys', 'volume': '373', 'year': '1997', 'journal': 'Surface Science', 'doi': '10.1016/S0039-6028(96)01154-5', 'author': ['Liu, Xiang-Yang ', ' Ohotnicky, P.P. ', ' Adams, J.B. ', ' Rohrer, C.Lane ', ' Hyl', ', R.W.']}}]"
528,"['pair_style kim EAM_Dynamo_MarinicaVentelonGilbert_2013EAM2_W__MO_204305659515_000\n', 'pair_coeff * * W\n']",[],OPENKIM,EAM_Dynamo_MarinicaVentelonGilbert_2013EAM2_W__MO_204305659515_000,['W'],"[{'M-C_2013': {'title': 'Interatomic potentials for modelling radiation defects and dislocations in tungsten', 'volume': '25', 'year': '2013', 'journal': 'Journal of Physics: Condensed Matter', 'doi': '10.1088/0953-8984/25/39/395502', 'author': ['Marinica, M-C ', ' Ventelon, Lisa ', ' Gilbert, M R ', ' Proville, L ', ' Dudarev, S L ', ' Marian, J ', ' Bencteux, G ', ' Willaime, F']}}]"
529,"['pair_style kim EAM_Dynamo_MarinicaVentelonGilbert_2013EAM3_W__MO_706622909913_000\n', 'pair_coeff * * W\n']",[],OPENKIM,EAM_Dynamo_MarinicaVentelonGilbert_2013EAM3_W__MO_706622909913_000,['W'],"[{'M-C_2013': {'title': 'Interatomic potentials for modelling radiation defects and dislocations in tungsten', 'volume': '25', 'year': '2013', 'journal': 'Journal of Physics: Condensed Matter', 'doi': '10.1088/0953-8984/25/39/395502', 'author': ['Marinica, M-C ', ' Ventelon, Lisa ', ' Gilbert, M R ', ' Proville, L ', ' Dudarev, S L ', ' Marian, J ', ' Bencteux, G ', ' Willaime, F']}}]"
530,[],[],OPENKIM,EAM_Dynamo_MarinicaVentelonGilbert_2013EAM4__MO_046576227003_000,[],"[{'M-C_2013': {'title': 'Interatomic potentials for modelling radiation defects and dislocations in tungsten', 'volume': '25', 'year': '2013', 'journal': 'Journal of Physics: Condensed Matter', 'doi': '10.1088/0953-8984/25/39/395502', 'author': ['Marinica, M-C ', ' Ventelon, Lisa ', ' Gilbert, M R ', ' Proville, L ', ' Dudarev, S L ', ' Marian, J ', ' Bencteux, G ', ' Willaime, F']}}]"
531,"['pair_style kim EAM_Dynamo_Marinica_2007_Fe__MO_466808877130_000\n', 'pair_coeff * * Fe\n']",[],OPENKIM,EAM_Dynamo_Marinica_2007_Fe__MO_466808877130_000,['Fe'],"[{'L._2010': {'title': 'Comparison of empirical interatomic potentials for iron applied to radiation damage studies', 'volume': '406', 'year': '2010', 'journal': 'Journal of Nuclear Materials', 'doi': '10.1016/j.jnucmat.2010.05.017', 'author': ['Malerba, L. ', ' Marinica, M.C. ', ' Anento, N. ', ' Bjoerkas ', ' H. Nguyen ', ' C. Domain ', ' F. Djurabekova ', ' P. Olsson ', ' K. Nordlund ', ' A. Serra ', ' D. Terentyev ', ' F. Willaime ', ' C.S. Becquart']}}, {'M.-C._2012': {'title': 'Irradiation-Induced Formation of Nanocrystallites with $C15$ Laves Phase Structure in bcc Iron', 'volume': '108', 'year': '2012', 'journal': 'Phys. Rev. Lett.', 'doi': '10.1103/PhysRevLett.108.025501', 'author': ['Marinica, M.-C. ', ' Willaime, F. ', ' Crocombette, J.-P.'], 'number': '2'}}]"
532,"['pair_style kim EAM_Dynamo_Marinica_2011_Fe__MO_255315407910_000\n', 'pair_coeff * * Fe\n']",[],OPENKIM,EAM_Dynamo_Marinica_2011_Fe__MO_255315407910_000,['Fe'],"[{'L._2012': {'title': 'Quantum effect on thermally activated glide of dislocations', 'volume': '11', 'year': '2012', 'journal': 'Nat. Mater.', 'doi': '10.1038/nmat3401', 'author': ['Proville, L. ', ' Rodney, D. ', ' Marinica, M.-C.']}}]"
533,"['pair_style kim EAM_Dynamo_MendelevAckland_2007_Zr__MO_537826574817_000\n', 'pair_coeff * * Zr\n']",[],OPENKIM,EAM_Dynamo_MendelevAckland_2007_Zr__MO_537826574817_000,['Zr'],"[{'I._2007': {'title': '{Development of an interatomic potential for the simulation of phase transformations in zirconium}', 'volume': '87', 'year': '2007', 'journal': '{Phil. Mag. Lett.}', 'doi': '10.1080/09500830701191393', 'author': ['Mendelev, M. I. ', ' Ackl', ', G. J.']}}]"
534,"['pair_style kim EAM_Dynamo_MendelevAckland_2007v3_Zr__MO_004835508849_000\n', 'pair_coeff * * Zr\n']",[],OPENKIM,EAM_Dynamo_MendelevAckland_2007v3_Zr__MO_004835508849_000,['Zr'],"[{'I._2007': {'title': 'Development of an interatomic potential for the simulation of phase transformations in zirconium', 'volume': '87', 'year': '2007', 'journal': 'Philosophical Magazine Letters', 'doi': '10.1080/09500830701191393', 'author': ['Mendelev, M. I. ', ' Ackl', ', G. J.']}}]"
535,"['pair_style kim EAM_Dynamo_MendelevAstaRahman_2009_AlMg__MO_658278549784_005\n', 'pair_coeff * * Al Mg\n']",[],OPENKIM,EAM_Dynamo_MendelevAstaRahman_2009_AlMg__MO_658278549784_005,"['Al', 'Mg']","[{'Mendelev_2009': {'title': 'Development of interatomic potentials appropriate for simulation of solid--liquid interface properties in {Al}--{Mg} alloys', 'volume': '89', 'year': '2009', 'journal': 'Philosophical Magazine', 'doi': '10.1080/14786430903260727', 'author': ['M. I. Mendelev ', ' M. Asta ', ' M. J. Rahman ', ' J. J. Hoyt']}}]"
536,"['pair_style kim EAM_Dynamo_MendelevBorovikov_2020_FeNiCr__MO_922363340570_000\n', 'pair_coeff * * Fe Ni Cr\n']",[],OPENKIM,EAM_Dynamo_MendelevBorovikov_2020_FeNiCr__MO_922363340570_000,"['Fe', 'Ni', 'Cr']",[]
537,"['pair_style kim EAM_Dynamo_MendelevFangYe_2015_AlSm__MO_338600200739_000\n', 'pair_coeff * * Al Sm\n']",[],OPENKIM,EAM_Dynamo_MendelevFangYe_2015_AlSm__MO_338600200739_000,"['Al', 'Sm']","[{'I_2015': {'title': 'Development of interatomic potentials appropriate for simulation of devitrification of Al 90 Sm 10 alloy', 'volume': '23', 'year': '2015', 'journal': 'Modelling and Simulation in Materials Science and Engineering', 'doi': '10.1088/0965-0393/23/4/045013', 'author': ['Mendelev, M I ', ' Zhang, F ', ' Ye, Z ', ' Sun, Y ', ' Nguyen, M C ', ' Wilson, S R ', ' Wang, C Z ', ' Ho, K M']}}]"
538,"['pair_style kim EAM_Dynamo_MendelevHanSon_2007_VFe__MO_249706810527_005\n', 'pair_coeff * * V Fe\n']",[],OPENKIM,EAM_Dynamo_MendelevHanSon_2007_VFe__MO_249706810527_005,"['V', 'Fe']","[{'I._2007': {'title': 'Simulation of the interaction between {Fe} impurities and point defects in {V}', 'volume': '76', 'year': '2007', 'journal': 'Physical Review B', 'doi': '10.1103/PhysRevB.76.214105', 'author': ['Mendelev, Mikhail I. ', ' Han, Seungwu ', ' Son, Won-joon ', ' Ackl', ', Graeme J. ', ' Srolovitz, David J.'], 'number': '21'}}]"
539,"['pair_style kim EAM_Dynamo_MendelevHanSrolovitz_2003Potential2_Fe__MO_769582363439_005\n', 'pair_coeff * * Fe\n']",[],OPENKIM,EAM_Dynamo_MendelevHanSrolovitz_2003Potential2_Fe__MO_769582363439_005,['Fe'],"[{'Mendelev_2003': {'title': 'Development of new interatomic potentials appropriate for crystalline and liquid iron', 'volume': '83', 'year': '2003', 'journal': 'Philosophical Magazine', 'doi': '10.1080/14786430310001613264', 'author': ['M. I. Mendelev ', ' S. Han ', ' D. J. Srolovitz ', ' G. J. Ackl', ' ', ' D. Y. Sun ', ' M. Asta']}}]"
540,"['pair_style kim EAM_Dynamo_MendelevHanSrolovitz_2003Potential5_Fe__MO_942420706858_005\n', 'pair_coeff * * Fe\n']",[],OPENKIM,EAM_Dynamo_MendelevHanSrolovitz_2003Potential5_Fe__MO_942420706858_005,['Fe'],"[{'Mendelev_2003': {'title': 'Development of new interatomic potentials appropriate for crystalline and liquid iron', 'volume': '83', 'year': '2003', 'journal': 'Philosophical Magazine', 'doi': '10.1080/14786430310001613264', 'author': ['M. I. Mendelev ', ' S. Han ', ' D. J. Srolovitz ', ' G. J. Ackl', ' ', ' D. Y. Sun ', ' M. Asta']}}]"
541,"['pair_style kim EAM_Dynamo_MendelevHanSrolovitz_2003_Fe__MO_807997826449_000\n', 'pair_coeff * * Fe\n']",[],OPENKIM,EAM_Dynamo_MendelevHanSrolovitz_2003_Fe__MO_807997826449_000,['Fe'],"[{'MI_{2003}': {'title': '{Development of new interatomic potentials appropriate for crystalline and liquid iron}', 'volume': '{83}', 'year': '{2003}', 'journal': '{Phil. Mag.}', 'doi': '10.1080/14786430310001613264', 'author': ['Mendelev, MI ', ' Han, S ', ' Srolovitz, DJ ', ' Ackl', ', GJ ', ' Sun, DY ', ' Asta, M']}}]"
542,"['pair_style kim EAM_Dynamo_MendelevKing_2013_Cu__MO_748636486270_005\n', 'pair_coeff * * Cu\n']",[],OPENKIM,EAM_Dynamo_MendelevKing_2013_Cu__MO_748636486270_005,['Cu'],"[{'Mendelev_2013': {'title': 'The interactions of self-interstitials with twin boundaries', 'volume': '93', 'year': '2013', 'journal': 'Philosophical Magazine', 'doi': '10.1080/14786435.2012.747012', 'author': ['M. I. Mendelev ', ' A. H. King']}}]"
543,"['pair_style kim EAM_Dynamo_MendelevKramerBecker_2008_Al__MO_106969701023_005\n', 'pair_coeff * * Al\n']",[],OPENKIM,EAM_Dynamo_MendelevKramerBecker_2008_Al__MO_106969701023_005,['Al'],"[{'Mendelev_2008': {'title': 'Analysis of semi-empirical interatomic potentials appropriate for simulation of crystalline and liquid {Al} and {Cu}', 'volume': '88', 'year': '2008', 'journal': 'Philosophical Magazine', 'doi': '10.1080/14786430802206482', 'author': [' M.I. Mendelev ', ' M.J. Kramer ', ' C.A. Becker ', ' M. Asta']}}]"
544,"['pair_style kim EAM_Dynamo_MendelevKramerBecker_2008_Cu__MO_945691923444_005\n', 'pair_coeff * * Cu\n']",[],OPENKIM,EAM_Dynamo_MendelevKramerBecker_2008_Cu__MO_945691923444_005,['Cu'],"[{'Mendelev_2008': {'title': 'Analysis of semi-empirical interatomic potentials appropriate for simulation of crystalline and liquid {Al} and {Cu}', 'volume': '88', 'year': '2008', 'journal': 'Philosophical Magazine', 'doi': '10.1080/14786430802206482', 'author': ['M. I. Mendelev ', ' M. J. Kramer ', ' C. A. Becker ', ' M. Asta']}}]"
545,"['pair_style kim EAM_Dynamo_MendelevKramerHao_2012_NiZr__MO_149104665840_005\n', 'pair_coeff * * Ni Zr\n']",[],OPENKIM,EAM_Dynamo_MendelevKramerHao_2012_NiZr__MO_149104665840_005,"['Ni', 'Zr']","[{'Mendelev_2012': {'title': 'Development of interatomic potentials appropriate for simulation of liquid and glass properties of {NiZr2} alloy', 'volume': '92', 'year': '2012', 'journal': 'Philosophical Magazine', 'doi': '10.1080/14786435.2012.712220', 'author': ['M.I. Mendelev  ', '  M.J. Kramer  ', '  S.G. Hao  ', '  K.M. Ho  ', '  C.Z. Wang']}}]"
546,"['pair_style kim EAM_Dynamo_MendelevKramerHao_2012_Ni__MO_832600236922_005\n', 'pair_coeff * * Ni\n']",[],OPENKIM,EAM_Dynamo_MendelevKramerHao_2012_Ni__MO_832600236922_005,['Ni'],"[{'Mendelev_2012': {'title': 'Development of Interatomic Potentials Appropriate for Simulation of Liquid and Glass Properties of {NiZr}$_2$ alloy', 'volume': '92', 'year': '2012', 'journal': 'Philosophical Magazine', 'doi': '10.1080/14786435.2012.712220', 'author': ['M. I. Mendelev ', ' M. J. Kramer ', ' S. G. Hao ', ' K. M. Ho ', ' C. Z. Wang']}}]"
547,"['pair_style kim EAM_Dynamo_MendelevKramerOtt_2009_CuZr__MO_600021860456_005\n', 'pair_coeff * * Cu Zr\n']",[],OPENKIM,EAM_Dynamo_MendelevKramerOtt_2009_CuZr__MO_600021860456_005,"['Cu', 'Zr']","[{'Mendelev_2009': {'title': 'Development of suitable interatomic potentials for simulation of liquid and amorphous {Cu}--{Zr} alloys', 'volume': '89', 'year': '2009', 'journal': 'Philosophical Magazine', 'doi': '10.1080/14786430902832773', 'author': ['M. I. Mendelev ', ' M. J. Kramer ', ' R. T. Ott ', ' D. J. Sordelet ', ' D. Yagodin ', ' P.Popel']}}]"
548,"['pair_style kim EAM_Dynamo_MendelevSordeletKramer_2007_CuZr__MO_120596890176_005\n', 'pair_coeff * * Cu Zr\n']",[],OPENKIM,EAM_Dynamo_MendelevSordeletKramer_2007_CuZr__MO_120596890176_005,"['Cu', 'Zr']","[{'I._2007': {'title': 'Using atomistic computer simulations to analyze x-ray diffraction data from metallic glasses', 'volume': '102', 'year': '2007', 'journal': 'Journal of Applied Physics', 'doi': '10.1063/1.2769157', 'author': ['Mendelev, M. I. ', ' Sordelet, D. J. ', ' Kramer, M. J.']}}]"
549,"['pair_style kim EAM_Dynamo_MendelevSrolovitzAckland_2005_AlFe__MO_577453891941_005\n', 'pair_coeff * * Al Fe\n']",[],OPENKIM,EAM_Dynamo_MendelevSrolovitzAckland_2005_AlFe__MO_577453891941_005,"['Al', 'Fe']","[{'M.I._2005': {'title': 'Effect of {Fe} Segregation on the Migration of a Non-Symmetric $\\Sigma$5 Tilt Grain Boundary in {Al}', 'volume': '20', 'year': '2005', 'journal': 'Journal of Materials Research', 'doi': '10.1557/JMR.2005.0024', 'author': ['Mendelev, M.I. ', ' Srolovitz, D.J. ', ' Ackl', ', G.J. ', ' Han, S.']}}]"
550,"['pair_style kim EAM_Dynamo_MendelevSunZhang_2019_CuZr__MO_609260676108_000\n', 'pair_coeff * * Cu Zr\n']",[],OPENKIM,EAM_Dynamo_MendelevSunZhang_2019_CuZr__MO_609260676108_000,"['Cu', 'Zr']","[{'I._2019': {'title': 'Development of a semi-empirical potential suitable for molecular dynamics simulation of vitrification in Cu-Zr alloys', 'volume': '151', 'year': '2019', 'journal': 'The Journal of Chemical Physics', 'doi': '10.1063/1.5131500', 'author': ['Mendelev, M. I. ', ' Sun, Y. ', ' Zhang, F. ', ' Wang, C. Z. ', ' Ho, K. M.']}}]"
551,"['pair_style kim EAM_Dynamo_Mendelev_2003_Fe__MO_546673549085_000\n', 'pair_coeff * * Fe\n']",[],OPENKIM,EAM_Dynamo_Mendelev_2003_Fe__MO_546673549085_000,['Fe'],"[{'MI_{2003}': {'title': '{Development of new interatomic potentials appropriate for crystalline and liquid iron}', 'volume': '{83}', 'year': '{2003}', 'journal': '{Phil. Mag.}', 'doi': '10.1080/14786430310001613264', 'author': ['Mendelev, MI ', ' Han, S ', ' Srolovitz, DJ ', ' Ackl', ', GJ ', ' Sun, DY ', ' Asta, M']}}]"
552,"['pair_style kim EAM_Dynamo_Mendelev_2007_Zr__MO_848899341753_000\n', 'pair_coeff * * Zr\n']",[],OPENKIM,EAM_Dynamo_Mendelev_2007_Zr__MO_848899341753_000,['Zr'],"[{'I._2007': {'title': '{Development of an interatomic potential for the simulation of phase transformations in zirconium}', 'volume': '87', 'year': '2007', 'journal': '{Phil. Mag. Letters}', 'doi': '10.1080/09500830701191393', 'author': ['Mendelev, M. I. ', ' Ackl', ', G. J.']}}]"
553,"['pair_style kim EAM_Dynamo_Mendelev_2015_Na__MO_094065024556_000\n', 'pair_coeff * * Na\n']",[],OPENKIM,EAM_Dynamo_Mendelev_2015_Na__MO_094065024556_000,['Na'],"[{'R._2015': {'title': 'Solid-liquid interface free energies of pure bcc metals and B2 phases', 'volume': '142', 'year': '2015', 'journal': 'The Journal of Chemical Physics', 'doi': '10.1063/1.4916741', 'author': ['Wilson, S. R. ', ' Gunawardana, K. G. S. H. ', ' Mendelev, M. I.']}}]"
554,"['pair_style kim EAM_Dynamo_Mendelev_2018_Tb__MO_522239651961_000\n', 'pair_coeff * * Tb\n']",[],OPENKIM,EAM_Dynamo_Mendelev_2018_Tb__MO_522239651961_000,['Tb'],"[{'MI_2018': {'title': 'Tb potential', 'year': '2018', 'doi': '', 'author': ['Mendelev, MI']}}]"
555,"['pair_style kim EAM_Dynamo_MishinFarkasMehl_1999_Al__MO_651801486679_005\n', 'pair_coeff * * Al\n']",[],OPENKIM,EAM_Dynamo_MishinFarkasMehl_1999_Al__MO_651801486679_005,['Al'],"[{'Y._1999': {'title': 'Interatomic potentials for monoatomic metals from experimental data and ab initio calculations', 'volume': '59', 'year': '1999', 'journal': 'Physical Review B', 'doi': '10.1103/PhysRevB.59.3393', 'author': ['Mishin, Y. ', ' Farkas, D. ', ' Mehl, M. J. ', ' Papaconstantopoulos, D. A.'], 'number': '5'}}]"
556,"['pair_style kim EAM_Dynamo_MishinFarkasMehl_1999_Ni__MO_400591584784_005\n', 'pair_coeff * * Ni\n']",[],OPENKIM,EAM_Dynamo_MishinFarkasMehl_1999_Ni__MO_400591584784_005,['Ni'],"[{'Y._1999': {'title': 'Interatomic potentials for monoatomic metals from experimental data and ab initio calculations', 'volume': '59', 'year': '1999', 'journal': 'Physical Review B', 'doi': '10.1103/PhysRevB.59.3393', 'author': ['Mishin, Y. ', ' Farkas, D. ', ' Mehl, M. J. ', ' Papaconstantopoulos, D. A.'], 'number': '5'}}]"
557,"['pair_style kim EAM_Dynamo_MishinMehlPapaconstantopoulos_2001_Cu__MO_346334655118_005\n', 'pair_coeff * * Cu\n']",[],OPENKIM,EAM_Dynamo_MishinMehlPapaconstantopoulos_2001_Cu__MO_346334655118_005,['Cu'],"[{'Y._2001': {'title': 'Structural stability and lattice defects in copper: {A}b initio, tight-binding, and embedded-atom calculations', 'volume': '63', 'year': '2001', 'journal': 'Physical Review B', 'doi': '10.1103/PhysRevB.63.224106', 'author': ['Mishin, Y. ', ' Mehl, M. J. ', ' Papaconstantopoulos, D. A. ', ' Voter, A. F. ', ' Kress, J. D.'], 'number': '22'}}]"
558,"['pair_style kim EAM_Dynamo_MishinMehlPapaconstantopoulos_2002_NiAl__MO_109933561507_005\n', 'pair_coeff * * Ni Al\n']",[],OPENKIM,EAM_Dynamo_MishinMehlPapaconstantopoulos_2002_NiAl__MO_109933561507_005,"['Ni', 'Al']","[{'Y._2002': {'title': 'Embedded-atom potential for {B2}--{NiAl}', 'volume': '65', 'year': '2002', 'journal': 'Physical Review B', 'doi': '10.1103/PhysRevB.65.224114', 'author': ['Mishin, Y. ', ' Mehl, M. J. ', ' Papaconstantopoulos, D. A.'], 'number': '22'}}]"
559,"['pair_style kim EAM_Dynamo_Mishin_2004_NiAl__MO_101214310689_005\n', 'pair_coeff * * Ni Al\n']",[],OPENKIM,EAM_Dynamo_Mishin_2004_NiAl__MO_101214310689_005,"['Ni', 'Al']","[{'Mishin_2004': {'title': ""Atomistic modeling of the $\\gamma$ and $\\gamma$'-phases of the {N}i-{A}l system"", 'volume': '52', 'year': '2004', 'journal': 'Acta Materialia', 'doi': '10.1016/j.actamat.2003.11.026', 'author': ['Y. Mishin']}}]"
560,"['pair_style kim EAM_Dynamo_NicholAckland_2016_Na__MO_048172193005_000\n', 'pair_coeff * * Na\n']",[],OPENKIM,EAM_Dynamo_NicholAckland_2016_Na__MO_048172193005_000,['Na'],"[{'A._2016': {'title': 'Property trends in simple metals: An empirical potential approach', 'volume': '93', 'year': '2016', 'journal': 'Phys. Rev. B', 'doi': '10.1103/PhysRevB.93.184101', 'author': ['Nichol, A. ', ' Ackl', ', G. J.'], 'number': '18'}}]"
561,"['pair_style kim EAM_Dynamo_NicholAckland_2016v2_Cs__MO_144828415103_000\n', 'pair_coeff * * Cs\n']",[],OPENKIM,EAM_Dynamo_NicholAckland_2016v2_Cs__MO_144828415103_000,['Cs'],"[{'A._2016': {'title': 'Property trends in simple metals: An empirical potential approach', 'volume': '93', 'year': '2016', 'journal': 'Phys. Rev. B', 'doi': '10.1103/PhysRevB.93.184101', 'author': ['Nichol, A. ', ' Ackl', ', G. J.'], 'number': '18'}}]"
562,"['pair_style kim EAM_Dynamo_NicholAckland_2016v2_Rb__MO_874930365376_000\n', 'pair_coeff * * Rb\n']",[],OPENKIM,EAM_Dynamo_NicholAckland_2016v2_Rb__MO_874930365376_000,['Rb'],"[{'A._2016': {'title': 'Property trends in simple metals: An empirical potential approach', 'volume': '93', 'year': '2016', 'journal': 'Phys. Rev. B', 'doi': '10.1103/PhysRevB.93.184101', 'author': ['Nichol, A. ', ' Ackl', ', G. J.'], 'number': '18'}}]"
563,"['pair_style kim EAM_Dynamo_OBrienBarrPrice_2018_PtAu__MO_946831081299_000\n', 'pair_coeff * * Pt Au\n']",[],OPENKIM,EAM_Dynamo_OBrienBarrPrice_2018_PtAu__MO_946831081299_000,"['Pt', 'Au']","[{'J._2018': {'title': 'Grain boundary phase transformations in {PtAu} and relevance to thermal stabilization of bulk nanocrystalline metals', 'volume': '53', 'year': '2018', 'journal': 'Journal of Materials Science', 'doi': '10.1007/s10853-017-1706-1', 'author': [""O'Brien, C. J. "", ' Barr, C. M. ', ' Price, P. M. ', ' Hattar, K. ', ' Foiles, S. M.']}}]"
564,"['pair_style kim EAM_Dynamo_Olsson_2010_Au__MO_228280943430_000\n', 'pair_coeff * * Au\n']",[],OPENKIM,EAM_Dynamo_Olsson_2010_Au__MO_228280943430_000,['Au'],"[{'AT_{2010}': {'title': '{Transverse resonant properties of strained gold nanowires}', 'volume': '{108}', 'year': '{2010}', 'journal': '{J. Appl. Phys.}', 'doi': '10.1063/1.3460127', 'author': ['Olsson, P{\\""a}r AT']}}]"
565,"['pair_style kim EAM_Dynamo_OnatDurukanoglu_2014_CuNi__MO_592013496703_005\n', 'pair_coeff * * Cu Ni\n']",[],OPENKIM,EAM_Dynamo_OnatDurukanoglu_2014_CuNi__MO_592013496703_005,"['Cu', 'Ni']","[{'Onat_2014': {'title': 'An optimized interatomic potential for {CuNi} alloys with the embedded-atom method', 'volume': '26', 'year': '2014', 'journal': 'Journal of Physics: Condensed Matter', 'doi': '10.1088/0953-8984/26/3/035404', 'author': ['Berk Onat ', ' Sondan Durukano{\\u g}lu']}}]"
566,"['pair_style kim EAM_Dynamo_PunMishin_2009_NiAl__MO_751354403791_005\n', 'pair_coeff * * Ni Al\n']",[],OPENKIM,EAM_Dynamo_PunMishin_2009_NiAl__MO_751354403791_005,"['Ni', 'Al']","[{'Pun_2009': {'title': 'Development of an interatomic potential for the {N}i-{A}l system', 'volume': '89', 'year': '2009', 'journal': 'Philosophical Magazine', 'doi': '10.1080/14786430903258184', 'author': ['G. P. Purja Pun ', ' Y. Mishin']}}]"
567,"['pair_style kim EAM_Dynamo_PunMishin_2012_Co__MO_885079680379_005\n', 'pair_coeff * * Co\n']",[],OPENKIM,EAM_Dynamo_PunMishin_2012_Co__MO_885079680379_005,['Co'],"[{'Purja_2012': {'title': 'Embedded-atom potential for hcp and fcc cobalt', 'volume': '86', 'year': '2012', 'journal': 'Physical Review B', 'doi': '10.1103/PhysRevB.86.134116', 'author': ['Pun, G. P. Purja ', ' Mishin, Y.'], 'number': '13'}}]"
568,"['pair_style kim EAM_Dynamo_PunYamakovMishin_2013_AlCo__MO_678952612413_000\n', 'pair_coeff * * Al Co\n']",[],OPENKIM,EAM_Dynamo_PunYamakovMishin_2013_AlCo__MO_678952612413_000,"['Al', 'Co']","[{'Purja_2015': {'title': 'Interatomic potential for the ternary Ni–Al–Co system and application to atomistic modeling of the B2–L1 0 martensitic transformation', 'volume': '23', 'year': '2015', 'journal': 'Modelling and Simulation in Materials Science and Engineering', 'doi': '10.1088/0965-0393/23/6/065006', 'author': ['Pun, G P Purja ', ' Yamakov, V ', ' Mishin, Y']}}]"
569,"['pair_style kim EAM_Dynamo_PunYamakovMishin_2013_NiAlCo__MO_826591359508_000\n', 'pair_coeff * * Ni Al Co\n']",[],OPENKIM,EAM_Dynamo_PunYamakovMishin_2013_NiAlCo__MO_826591359508_000,"['Ni', 'Al', 'Co']","[{'Purja_2015': {'title': 'Interatomic potential for the ternary Ni–Al–Co system and application to atomistic modeling of the B2–L1 0 martensitic transformation', 'volume': '23', 'year': '2015', 'journal': 'Modelling and Simulation in Materials Science and Engineering', 'doi': '10.1088/0965-0393/23/6/065006', 'author': ['Pun, G P Purja ', ' Yamakov, V ', ' Mishin, Y']}}]"
570,"['pair_style kim EAM_Dynamo_PunYamakovMishin_2015_NiCo__MO_010613863288_000\n', 'pair_coeff * * Ni Co\n']",[],OPENKIM,EAM_Dynamo_PunYamakovMishin_2015_NiCo__MO_010613863288_000,"['Ni', 'Co']","[{'Purja_2015': {'title': 'Interatomic potential for the ternary Ni–Al–Co system and application to atomistic modeling of the B2–L1 0 martensitic transformation', 'volume': '23', 'year': '2015', 'journal': 'Modelling and Simulation in Materials Science and Engineering', 'doi': '10.1088/0965-0393/23/6/065006', 'author': ['Pun, G P Purja ', ' Yamakov, V ', ' Mishin, Y']}}]"
571,"['pair_style kim EAM_Dynamo_Pun_2017_Au__MO_188701096956_000\n', 'pair_coeff * * Au\n']",[],OPENKIM,EAM_Dynamo_Pun_2017_Au__MO_188701096956_000,['Au'],"[{'Pun_2017': {'title': 'EAM potential for Au', 'year': '2017', 'doi': '', 'author': ['Ganga P Purja Pun ']}}]"
572,"['pair_style kim EAM_Dynamo_RaveloGermannGuerrero_2013Ta1_Ta__MO_816821594689_000\n', 'pair_coeff * * Ta\n']",[],OPENKIM,EAM_Dynamo_RaveloGermannGuerrero_2013Ta1_Ta__MO_816821594689_000,['Ta'],"[{'R._2013': {'title': 'Shock-induced plasticity in tantalum single crystals: Interatomic potentials and large-scale molecular-dynamics simulations', 'volume': '88', 'year': '2013', 'journal': 'Phys. Rev. B', 'doi': '10.1103/PhysRevB.88.134101', 'author': ['Ravelo, R. ', ' Germann, T. C. ', ' Guerrero, O. ', ' An, Q. ', ' Holian, B. L.'], 'number': '13'}}, {'R._2014': {'title': 'Erratum: Shock-induced plasticity in tantalum single crystals: Interatomic potentials and large-scale molecular-dynamics simulations [Phys. Rev. B 88, 134101 (2013)]', 'volume': '89', 'year': '2014', 'journal': 'Phys. Rev. B', 'doi': '10.1103/PhysRevB.89.099902', 'author': ['Ravelo, R. ', ' Germann, T. C. ', ' Guerrero, O. ', ' An, Q. ', ' Holian, B. L.'], 'number': '9'}}]"
573,"['pair_style kim EAM_Dynamo_RaveloGermannGuerrero_2013Ta2_Ta__MO_330376344314_000\n', 'pair_coeff * * Ta\n']",[],OPENKIM,EAM_Dynamo_RaveloGermannGuerrero_2013Ta2_Ta__MO_330376344314_000,['Ta'],"[{'R._2013': {'title': 'Shock-induced plasticity in tantalum single crystals: Interatomic potentials and large-scale molecular-dynamics simulations', 'volume': '88', 'year': '2013', 'journal': 'Phys. Rev. B', 'doi': '10.1103/PhysRevB.88.134101', 'author': ['Ravelo, R. ', ' Germann, T. C. ', ' Guerrero, O. ', ' An, Q. ', ' Holian, B. L.'], 'number': '13'}}, {'R._2014': {'title': 'Erratum: Shock-induced plasticity in tantalum single crystals: Interatomic potentials and large-scale molecular-dynamics simulations [Phys. Rev. B 88, 134101 (2013)]', 'volume': '89', 'year': '2014', 'journal': 'Phys. Rev. B', 'doi': '10.1103/PhysRevB.89.099902', 'author': ['Ravelo, R. ', ' Germann, T. C. ', ' Guerrero, O. ', ' An, Q. ', ' Holian, B. L.'], 'number': '9'}}]"
574,"['pair_style kim EAM_Dynamo_SchopfBrommerFrigan_2012_AlMnPd__MO_137572817842_000\n', 'pair_coeff * * Al Mn Pd\n']",[],OPENKIM,EAM_Dynamo_SchopfBrommerFrigan_2012_AlMnPd__MO_137572817842_000,"['Al', 'Mn', 'Pd']","[{'Daniel_2012': {'title': 'Embedded atom method potentials for Al-Pd-Mn phases', 'volume': '85', 'year': '2012', 'journal': 'Phys. Rev. B', 'doi': '10.1103/PhysRevB.85.054201', 'author': ['Schopf, Daniel ', ' Brommer, Peter ', ' Frigan, Benjamin ', ' Trebin, Hans-Rainer'], 'number': '5'}}]"
575,"['pair_style kim EAM_Dynamo_SmirnovaKuskinStarikov_2013_UMoXe__MO_679329885632_005\n', 'pair_coeff * * U Mo Xe\n']",[],OPENKIM,EAM_Dynamo_SmirnovaKuskinStarikov_2013_UMoXe__MO_679329885632_005,"['U', 'Mo', 'Xe']","[{'Smirnova_2013': {'title': 'A ternary {EAM} interatomic potential for {U}--{M}o alloys with xenon', 'volume': '21', 'year': '2013', 'journal': 'Modelling and Simulation in Materials Science and Engineering', 'doi': '10.1088/0965-0393/21/3/035011', 'author': ['D E Smirnova ', ' A Yu Kuksin ', ' S V Starikov ', ' V V Stegailov ', ' Z Insepov ', ' J Rest ', ' A M Yacout']}}]"
576,"['pair_style kim EAM_Dynamo_SmirnovaStarikovStegailov_2012_U__MO_649864794085_000\n', 'pair_coeff * * U\n']",[],OPENKIM,EAM_Dynamo_SmirnovaStarikovStegailov_2012_U__MO_649864794085_000,['U'],"[{'E._{2012}': {'title': '{Interatomic potential for uranium in a wide range of pressures and temperatures}', 'volume': '{24}', 'year': '{2012}', 'journal': '{J. Phys. Condens. Matter}', 'doi': '10.1088/0953-8984/24/1/015702', 'author': ['Smirnova, D. E. ', ' Starikov, S. V. ', ' Stegailov, V. V.']}}]"
577,"['pair_style kim EAM_Dynamo_SturgeonLaird_2000_Al__MO_120808805541_005\n', 'pair_coeff * * Al\n']",[],OPENKIM,EAM_Dynamo_SturgeonLaird_2000_Al__MO_120808805541_005,['Al'],"[{'B._2000': {'title': 'Adjusting the melting point of a model system via Gibbs-Duhem integration: {A}pplication to a model of aluminum', 'volume': '62', 'year': '2000', 'journal': 'Physical Review B', 'doi': '10.1103/PhysRevB.62.14720', 'author': ['Sturgeon, Jess B. ', ' Laird, Brian B.'], 'number': '22'}}]"
578,"['pair_style kim EAM_Dynamo_SunMendelevBecker_2006_Mg__MO_848345414202_005\n', 'pair_coeff * * Mg\n']",[],OPENKIM,EAM_Dynamo_SunMendelevBecker_2006_Mg__MO_848345414202_005,['Mg'],"[{'Y._2006': {'title': 'Crystal-melt interfacial free energies in hcp metals: {A} molecular dynamics study of {Mg}', 'volume': '73', 'year': '2006', 'journal': 'Physical Review B', 'doi': '10.1103/PhysRevB.73.024116', 'author': ['Sun, D. Y. ', ' Mendelev, M. I. ', ' Becker, C. A. ', ' Kudin, K. ', ' Haxhimali, Tomorr ', ' Asta, M. ', ' Hoyt, J. J. ', ' Karma, A. ', ' Srolovitz, D. J.'], 'number': '2'}}]"
579,"['pair_style kim EAM_Dynamo_TehranchiCurtin_2010_NiH__MO_535504325462_003\n', 'pair_coeff * * Ni H\n']",[],OPENKIM,EAM_Dynamo_TehranchiCurtin_2010_NiH__MO_535504325462_003,"['Ni', 'H']","[{'Ali_2017': {'title': 'Atomistic study of hydrogen embrittlement of grain boundaries in nickel: {I}. {F}racture', 'volume': '101', 'year': '2017', 'journal': 'Journal of the mechanics and physics of solids', 'doi': '10.1016/j.jmps.2017.01.020', 'author': ['Tehranchi, Ali ', ' Curtin, William A']}}]"
580,"['pair_style kim EAM_Dynamo_VailheFarkas_1997_CoAl__MO_284963179498_005\n', 'pair_coeff * * Co Al\n']",[],OPENKIM,EAM_Dynamo_VailheFarkas_1997_CoAl__MO_284963179498_005,"['Co', 'Al']","[{'C._1997': {'title': 'Shear faults and dislocation core structures in {B2} {CoAl}', 'volume': '12', 'year': '1997', 'journal': 'Journal of Materials Research', 'doi': '10.1557/JMR.1997.0340', 'author': [""Vailh{\\'e}, C. "", ' Farkas, D.']}}]"
581,"['pair_style kim EAM_Dynamo_WilliamsMishinHamilton_2006_Ag__MO_131620013077_005\n', 'pair_coeff * * Ag\n']",[],OPENKIM,EAM_Dynamo_WilliamsMishinHamilton_2006_Ag__MO_131620013077_005,['Ag'],"[{'Williams_2006': {'title': 'An embedded-atom potential for the {Cu}--{Ag} system', 'volume': '14', 'year': '2006', 'journal': 'Modelling and Simulation in Materials Science and Engineering', 'doi': '10.1088/0965-0393/14/5/002', 'author': ['P L Williams ', ' Y Mishin ', ' J C Hamilton']}}]"
582,"['pair_style kim EAM_Dynamo_WilliamsMishinHamilton_2006_CuAg__MO_128703483589_005\n', 'pair_coeff * * Cu Ag\n']",[],OPENKIM,EAM_Dynamo_WilliamsMishinHamilton_2006_CuAg__MO_128703483589_005,"['Cu', 'Ag']","[{'Williams_2006': {'title': 'An embedded-atom potential for the {Cu}--{Ag} system', 'volume': '14', 'year': '2006', 'journal': 'Modelling and Simulation in Materials Science and Engineering', 'doi': '10.1088/0965-0393/14/5/002', 'author': ['P L Williams ', ' Y Mishin ', ' J C Hamilton']}}]"
583,"['pair_style kim EAM_Dynamo_WilsonMendelev_2015_NiZr__MO_306032198193_000\n', 'pair_coeff * * Ni Zr\n']",[],OPENKIM,EAM_Dynamo_WilsonMendelev_2015_NiZr__MO_306032198193_000,"['Ni', 'Zr']","[{'S.R._2015': {'title': 'Anisotropy of the solid–liquid interface properties of the {Ni}–{Zr} {B33} phase from molecular dynamics simulation', 'volume': '95', 'year': '2015', 'journal': 'Philosophical Magazine', 'doi': '10.1080/14786435.2014.995742', 'author': ['Wilson, S.R. ', ' Mendelev, M.I.']}}]"
584,"['pair_style kim EAM_Dynamo_WilsonMendelev_2016_Mg__MO_574574915905_000\n', 'pair_coeff * * Mg\n']",[],OPENKIM,EAM_Dynamo_WilsonMendelev_2016_Mg__MO_574574915905_000,['Mg'],"[{'R._2016': {'title': 'A unified relation for the solid-liquid interface free energy of pure FCC, BCC, and HCP metals', 'volume': '144', 'year': '2016', 'journal': 'The Journal of Chemical Physics', 'doi': '10.1063/1.4946032', 'author': ['Wilson, S. R. ', ' Mendelev, M. I.']}}, {'Y._2006': {'title': 'Crystal-melt interfacial free energies in hcp metals: A molecular dynamics study of Mg', 'volume': '73', 'year': '2006', 'journal': 'Phys. Rev. B', 'doi': '10.1103/PhysRevB.73.024116', 'author': ['Sun, D. Y. ', ' Mendelev, M. I. ', ' Becker, C. A. ', ' Kudin, K. ', ' Haxhimali, Tomorr ', ' Asta, M. ', ' Hoyt, J. J. ', ' Karma, A. ', ' Srolovitz, D. J.'], 'number': '2'}}]"
585,"['pair_style kim EAM_Dynamo_WineyKubotaGupta_2010_Al__MO_149316865608_005\n', 'pair_coeff * * Al\n']",[],OPENKIM,EAM_Dynamo_WineyKubotaGupta_2010_Al__MO_149316865608_005,['Al'],"[{'Winey_2010': {'title': 'Thermodynamic approach to determine accurate potentials for molecular dynamics simulations: thermoelastic response of aluminum', 'volume': '18', 'year': '2010', 'journal': 'Modelling and Simulation in Materials Science and Engineering', 'doi': '10.1088/0965-0393/18/2/029801', 'author': ['J M Winey ', ' Alison Kubota ', ' Y M Gupta']}}, {'Winey_2009': {'title': 'A thermodynamic approach to determine accurate potentials for molecular dynamics simulations: thermoelastic response of aluminum', 'volume': '17', 'year': '2009', 'journal': 'Modelling and Simulation in Materials Science and Engineering', 'doi': '10.1088/0965-0393/17/5/055004', 'author': ['J M Winey ', ' Alison Kubota ', ' Y M Gupta']}}, {'A._2011': {'title': 'Elastic anisotropy of shocked aluminum single crystals: Use of molecular dynamics simulations', 'volume': '83', 'year': '2011', 'journal': 'Physical Review B', 'doi': '10.1103/PhysRevB.83.184113', 'author': ['Zimmerman, J. A. ', ' Winey, J. M. ', ' Gupta, Y. M.'], 'number': '18'}}]"
586,"['pair_style kim EAM_Dynamo_WuTrinkle_2009_CuAg__MO_270337113239_005\n', 'pair_coeff * * Cu Ag\n']",[],OPENKIM,EAM_Dynamo_WuTrinkle_2009_CuAg__MO_270337113239_005,"['Cu', 'Ag']","[{'Wu_2009': {'title': '{Cu}/{Ag} EAM potential optimized for heteroepitaxial diffusion from ab initio data', 'volume': '47', 'year': '2009', 'journal': 'Computational Materials Science', 'doi': '10.1016/j.commatsci.2009.09.026', 'author': ['Henry H. Wu ', ' Dallas R. Trinkle']}}]"
587,"['pair_style kim EAM_Dynamo_Zhakhovsky_2009_Al__MO_519613893196_000\n', 'pair_coeff * * Al\n']",[],OPENKIM,EAM_Dynamo_Zhakhovsky_2009_Al__MO_519613893196_000,['Al'],"[{'V.V._2009': {'title': 'Molecular dynamics simulation of femtosecond ablation and spallation with different interatomic potentials', 'volume': '255', 'year': '2009', 'journal': 'Applied Surface Science', 'doi': '10.1016/j.apsusc.2009.04.082', 'author': ['Zhakhovskii, V.V. ', ' Inogamov, N.A. ', ' Petrov, Yu.V. ', ' Ashitkov, S.I. ', ' Nishihara, K.']}}]"
588,"['pair_style kim EAM_Dynamo_Zhakhovsky_2009_Au__MO_173248269481_000\n', 'pair_coeff * * Au\n']",[],OPENKIM,EAM_Dynamo_Zhakhovsky_2009_Au__MO_173248269481_000,['Au'],"[{'V._{2009}': {'title': '{Molecular dynamics simulation of femtosecond ablation and spallation with different interatomic potentials}', 'volume': '{255}', 'year': '{2009}', 'journal': '{Appl. Surf. Sci.}', 'doi': '10.1016/j.apsusc.2009.04.082', 'author': ['Zhakhovskii, V. V. ', ' Inogamov, N. A. ', ' Petrov, Yu. V. ', ' Ashitkov, S. I. ', ' Nishihara, K.']}}]"
589,"['pair_style kim EAM_Dynamo_ZhangAshcraftMendelev_2016_NiNb__MO_047308317761_000\n', 'pair_coeff * * Ni Nb\n']",[],OPENKIM,EAM_Dynamo_ZhangAshcraftMendelev_2016_NiNb__MO_047308317761_000,"['Ni', 'Nb']","[{'Y._2016': {'title': 'Experimental and molecular dynamics simulation study of structure of liquid and amorphous {Ni62Nb38} alloy', 'volume': '145', 'year': '2016', 'journal': 'The Journal of Chemical Physics', 'doi': '10.1063/1.4968212', 'author': ['Zhang, Y. ', ' Ashcraft, R. ', ' Mendelev, M. I. ', ' Wang, C. Z. ', ' Kelton, K. F.']}}]"
590,"['pair_style kim EAM_Dynamo_ZhouJohnsonWadley_2004NISTretabulation_Ag__MO_505250810900_000\n', 'pair_coeff * * Ag\n']",[],OPENKIM,EAM_Dynamo_ZhouJohnsonWadley_2004NISTretabulation_Ag__MO_505250810900_000,['Ag'],"[{'X.W._2001': {'title': 'Atomic scale structure of sputtered metal multilayers', 'volume': '49', 'year': '2001', 'journal': 'Acta Materialia', 'doi': '10.1016/S1359-6454(01)00287-7', 'author': ['Zhou, X.W. ', ' Wadley, H.N.G. ', ' Johnson, R.A. ', ' Larson, D.J. ', ' Tabat, N. ', ' Cerezo, A. ', ' Petford-Long, A.K. ', ' Smith, G.D.W. ', ' Clifton, P.H. ', ' Martens, R.L. ', ' Kelly, T.F.']}}, {'W._2004': {'title': 'Misfit-energy-increasing dislocations in vapor-deposited CoFe/NiFe multilayers', 'volume': '69', 'year': '2004', 'journal': 'Phys. Rev. B', 'doi': '10.1103/PhysRevB.69.144113', 'author': ['Zhou, X. W. ', ' Johnson, R. A. ', ' Wadley, H. N. G.'], 'number': '14'}}]"
591,"['pair_style kim EAM_Dynamo_ZhouJohnsonWadley_2004NISTretabulation_Al__MO_060567868558_000\n', 'pair_coeff * * Al\n']",[],OPENKIM,EAM_Dynamo_ZhouJohnsonWadley_2004NISTretabulation_Al__MO_060567868558_000,['Al'],"[{'X.W._2001': {'title': 'Atomic scale structure of sputtered metal multilayers', 'volume': '49', 'year': '2001', 'journal': 'Acta Materialia', 'doi': '10.1016/S1359-6454(01)00287-7', 'author': ['Zhou, X.W. ', ' Wadley, H.N.G. ', ' Johnson, R.A. ', ' Larson, D.J. ', ' Tabat, N. ', ' Cerezo, A. ', ' Petford-Long, A.K. ', ' Smith, G.D.W. ', ' Clifton, P.H. ', ' Martens, R.L. ', ' Kelly, T.F.']}}, {'W._2004': {'title': 'Misfit-energy-increasing dislocations in vapor-deposited CoFe/NiFe multilayers', 'volume': '69', 'year': '2004', 'journal': 'Phys. Rev. B', 'doi': '10.1103/PhysRevB.69.144113', 'author': ['Zhou, X. W. ', ' Johnson, R. A. ', ' Wadley, H. N. G.'], 'number': '14'}}]"
592,"['pair_style kim EAM_Dynamo_ZhouJohnsonWadley_2004NISTretabulation_Au__MO_684444719999_000\n', 'pair_coeff * * Au\n']",[],OPENKIM,EAM_Dynamo_ZhouJohnsonWadley_2004NISTretabulation_Au__MO_684444719999_000,['Au'],"[{'X.W._2001': {'title': 'Atomic scale structure of sputtered metal multilayers', 'volume': '49', 'year': '2001', 'journal': 'Acta Materialia', 'doi': '10.1016/S1359-6454(01)00287-7', 'author': ['Zhou, X.W. ', ' Wadley, H.N.G. ', ' Johnson, R.A. ', ' Larson, D.J. ', ' Tabat, N. ', ' Cerezo, A. ', ' Petford-Long, A.K. ', ' Smith, G.D.W. ', ' Clifton, P.H. ', ' Martens, R.L. ', ' Kelly, T.F.']}}, {'W._2004': {'title': 'Misfit-energy-increasing dislocations in vapor-deposited CoFe/NiFe multilayers', 'volume': '69', 'year': '2004', 'journal': 'Phys. Rev. B', 'doi': '10.1103/PhysRevB.69.144113', 'author': ['Zhou, X. W. ', ' Johnson, R. A. ', ' Wadley, H. N. G.'], 'number': '14'}}]"
593,"['pair_style kim EAM_Dynamo_ZhouJohnsonWadley_2004NISTretabulation_Co__MO_247800397145_000\n', 'pair_coeff * * Co\n']",[],OPENKIM,EAM_Dynamo_ZhouJohnsonWadley_2004NISTretabulation_Co__MO_247800397145_000,['Co'],"[{'X.W._2001': {'title': 'Atomic scale structure of sputtered metal multilayers', 'volume': '49', 'year': '2001', 'journal': 'Acta Materialia', 'doi': '10.1016/S1359-6454(01)00287-7', 'author': ['Zhou, X.W. ', ' Wadley, H.N.G. ', ' Johnson, R.A. ', ' Larson, D.J. ', ' Tabat, N. ', ' Cerezo, A. ', ' Petford-Long, A.K. ', ' Smith, G.D.W. ', ' Clifton, P.H. ', ' Martens, R.L. ', ' Kelly, T.F.']}}, {'W._2004': {'title': 'Misfit-energy-increasing dislocations in vapor-deposited CoFe/NiFe multilayers', 'volume': '69', 'year': '2004', 'journal': 'Phys. Rev. B', 'doi': '10.1103/PhysRevB.69.144113', 'author': ['Zhou, X. W. ', ' Johnson, R. A. ', ' Wadley, H. N. G.'], 'number': '14'}}]"
594,"['pair_style kim EAM_Dynamo_ZhouJohnsonWadley_2004NISTretabulation_CuAgAu__MO_318213562153_000\n', 'pair_coeff * * Cu Ag Au\n']",[],OPENKIM,EAM_Dynamo_ZhouJohnsonWadley_2004NISTretabulation_CuAgAu__MO_318213562153_000,"['Cu', 'Ag', 'Au']","[{'W._2004': {'title': 'Misfit-energy-increasing dislocations in vapor-deposited {CoFe/NiFe} multilayers', 'volume': '69', 'year': '2004', 'journal': 'Phys. Rev. B', 'doi': '10.1103/PhysRevB.69.144113', 'author': ['Zhou, X. W. ', ' Johnson, R. A. ', ' Wadley, H. N. G.'], 'number': '14'}}]"
595,"['pair_style kim EAM_Dynamo_ZhouJohnsonWadley_2004NISTretabulation_CuTa__MO_950828638160_000\n', 'pair_coeff * * Cu Ta\n']",[],OPENKIM,EAM_Dynamo_ZhouJohnsonWadley_2004NISTretabulation_CuTa__MO_950828638160_000,"['Cu', 'Ta']","[{'X.W._2001': {'title': 'Atomic scale structure of sputtered metal multilayers', 'volume': '49', 'year': '2001', 'journal': 'Acta Materialia', 'doi': '10.1016/S1359-6454(01)00287-7', 'author': ['Zhou, X.W. ', ' Wadley, H.N.G. ', ' Johnson, R.A. ', ' Larson, D.J. ', ' Tabat, N. ', ' Cerezo, A. ', ' Petford-Long, A.K. ', ' Smith, G.D.W. ', ' Clifton, P.H. ', ' Martens, R.L. ', ' Kelly, T.F.']}}, {'W._2004': {'title': 'Misfit-energy-increasing dislocations in vapor-deposited CoFe/NiFe multilayers', 'volume': '69', 'year': '2004', 'journal': 'Phys. Rev. B', 'doi': '10.1103/PhysRevB.69.144113', 'author': ['Zhou, X. W. ', ' Johnson, R. A. ', ' Wadley, H. N. G.'], 'number': '14'}}]"
596,"['pair_style kim EAM_Dynamo_ZhouJohnsonWadley_2004NISTretabulation_Cu__MO_759493141826_000\n', 'pair_coeff * * Cu\n']",[],OPENKIM,EAM_Dynamo_ZhouJohnsonWadley_2004NISTretabulation_Cu__MO_759493141826_000,['Cu'],"[{'X.W._2001': {'title': 'Atomic scale structure of sputtered metal multilayers', 'volume': '49', 'year': '2001', 'journal': 'Acta Materialia', 'doi': '10.1016/S1359-6454(01)00287-7', 'author': ['Zhou, X.W. ', ' Wadley, H.N.G. ', ' Johnson, R.A. ', ' Larson, D.J. ', ' Tabat, N. ', ' Cerezo, A. ', ' Petford-Long, A.K. ', ' Smith, G.D.W. ', ' Clifton, P.H. ', ' Martens, R.L. ', ' Kelly, T.F.']}}, {'W._2004': {'title': 'Misfit-energy-increasing dislocations in vapor-deposited CoFe/NiFe multilayers', 'volume': '69', 'year': '2004', 'journal': 'Phys. Rev. B', 'doi': '10.1103/PhysRevB.69.144113', 'author': ['Zhou, X. W. ', ' Johnson, R. A. ', ' Wadley, H. N. G.'], 'number': '14'}}]"
597,"['pair_style kim EAM_Dynamo_ZhouJohnsonWadley_2004NISTretabulation_Fe__MO_681088298208_000\n', 'pair_coeff * * Fe\n']",[],OPENKIM,EAM_Dynamo_ZhouJohnsonWadley_2004NISTretabulation_Fe__MO_681088298208_000,['Fe'],"[{'X.W._2001': {'title': 'Atomic scale structure of sputtered metal multilayers', 'volume': '49', 'year': '2001', 'journal': 'Acta Materialia', 'doi': '10.1016/S1359-6454(01)00287-7', 'author': ['Zhou, X.W. ', ' Wadley, H.N.G. ', ' Johnson, R.A. ', ' Larson, D.J. ', ' Tabat, N. ', ' Cerezo, A. ', ' Petford-Long, A.K. ', ' Smith, G.D.W. ', ' Clifton, P.H. ', ' Martens, R.L. ', ' Kelly, T.F.']}}, {'W._2004': {'title': 'Misfit-energy-increasing dislocations in vapor-deposited CoFe/NiFe multilayers', 'volume': '69', 'year': '2004', 'journal': 'Phys. Rev. B', 'doi': '10.1103/PhysRevB.69.144113', 'author': ['Zhou, X. W. ', ' Johnson, R. A. ', ' Wadley, H. N. G.'], 'number': '14'}}]"
598,"['pair_style kim EAM_Dynamo_ZhouJohnsonWadley_2004NISTretabulation_Mg__MO_894868634445_000\n', 'pair_coeff * * Mg\n']",[],OPENKIM,EAM_Dynamo_ZhouJohnsonWadley_2004NISTretabulation_Mg__MO_894868634445_000,['Mg'],"[{'X.W._2001': {'title': 'Atomic scale structure of sputtered metal multilayers', 'volume': '49', 'year': '2001', 'journal': 'Acta Materialia', 'doi': '10.1016/S1359-6454(01)00287-7', 'author': ['Zhou, X.W. ', ' Wadley, H.N.G. ', ' Johnson, R.A. ', ' Larson, D.J. ', ' Tabat, N. ', ' Cerezo, A. ', ' Petford-Long, A.K. ', ' Smith, G.D.W. ', ' Clifton, P.H. ', ' Martens, R.L. ', ' Kelly, T.F.']}}, {'W._2004': {'title': 'Misfit-energy-increasing dislocations in vapor-deposited CoFe/NiFe multilayers', 'volume': '69', 'year': '2004', 'journal': 'Phys. Rev. B', 'doi': '10.1103/PhysRevB.69.144113', 'author': ['Zhou, X. W. ', ' Johnson, R. A. ', ' Wadley, H. N. G.'], 'number': '14'}}]"
599,"['pair_style kim EAM_Dynamo_ZhouJohnsonWadley_2004NISTretabulation_Mo__MO_230319944007_000\n', 'pair_coeff * * Mo\n']",[],OPENKIM,EAM_Dynamo_ZhouJohnsonWadley_2004NISTretabulation_Mo__MO_230319944007_000,['Mo'],"[{'X.W._2001': {'title': 'Atomic scale structure of sputtered metal multilayers', 'volume': '49', 'year': '2001', 'journal': 'Acta Materialia', 'doi': '10.1016/S1359-6454(01)00287-7', 'author': ['Zhou, X.W. ', ' Wadley, H.N.G. ', ' Johnson, R.A. ', ' Larson, D.J. ', ' Tabat, N. ', ' Cerezo, A. ', ' Petford-Long, A.K. ', ' Smith, G.D.W. ', ' Clifton, P.H. ', ' Martens, R.L. ', ' Kelly, T.F.']}}, {'W._2004': {'title': 'Misfit-energy-increasing dislocations in vapor-deposited CoFe/NiFe multilayers', 'volume': '69', 'year': '2004', 'journal': 'Phys. Rev. B', 'doi': '10.1103/PhysRevB.69.144113', 'author': ['Zhou, X. W. ', ' Johnson, R. A. ', ' Wadley, H. N. G.'], 'number': '14'}}]"
600,"['pair_style kim EAM_Dynamo_ZhouJohnsonWadley_2004NISTretabulation_Ni__MO_593762436933_000\n', 'pair_coeff * * Ni\n']",[],OPENKIM,EAM_Dynamo_ZhouJohnsonWadley_2004NISTretabulation_Ni__MO_593762436933_000,['Ni'],"[{'X.W._2001': {'title': 'Atomic scale structure of sputtered metal multilayers', 'volume': '49', 'year': '2001', 'journal': 'Acta Materialia', 'doi': '10.1016/S1359-6454(01)00287-7', 'author': ['Zhou, X.W. ', ' Wadley, H.N.G. ', ' Johnson, R.A. ', ' Larson, D.J. ', ' Tabat, N. ', ' Cerezo, A. ', ' Petford-Long, A.K. ', ' Smith, G.D.W. ', ' Clifton, P.H. ', ' Martens, R.L. ', ' Kelly, T.F.']}}, {'W._2004': {'title': 'Misfit-energy-increasing dislocations in vapor-deposited CoFe/NiFe multilayers', 'volume': '69', 'year': '2004', 'journal': 'Phys. Rev. B', 'doi': '10.1103/PhysRevB.69.144113', 'author': ['Zhou, X. W. ', ' Johnson, R. A. ', ' Wadley, H. N. G.'], 'number': '14'}}]"
601,"['pair_style kim EAM_Dynamo_ZhouJohnsonWadley_2004NISTretabulation_Pb__MO_988703794028_000\n', 'pair_coeff * * Pb\n']",[],OPENKIM,EAM_Dynamo_ZhouJohnsonWadley_2004NISTretabulation_Pb__MO_988703794028_000,['Pb'],"[{'X.W._2001': {'title': 'Atomic scale structure of sputtered metal multilayers', 'volume': '49', 'year': '2001', 'journal': 'Acta Materialia', 'doi': '10.1016/S1359-6454(01)00287-7', 'author': ['Zhou, X.W. ', ' Wadley, H.N.G. ', ' Johnson, R.A. ', ' Larson, D.J. ', ' Tabat, N. ', ' Cerezo, A. ', ' Petford-Long, A.K. ', ' Smith, G.D.W. ', ' Clifton, P.H. ', ' Martens, R.L. ', ' Kelly, T.F.']}}, {'W._2004': {'title': 'Misfit-energy-increasing dislocations in vapor-deposited CoFe/NiFe multilayers', 'volume': '69', 'year': '2004', 'journal': 'Phys. Rev. B', 'doi': '10.1103/PhysRevB.69.144113', 'author': ['Zhou, X. W. ', ' Johnson, R. A. ', ' Wadley, H. N. G.'], 'number': '14'}}]"
602,"['pair_style kim EAM_Dynamo_ZhouJohnsonWadley_2004NISTretabulation_Pd__MO_993644691224_000\n', 'pair_coeff * * Pd\n']",[],OPENKIM,EAM_Dynamo_ZhouJohnsonWadley_2004NISTretabulation_Pd__MO_993644691224_000,['Pd'],"[{'X.W._2001': {'title': 'Atomic scale structure of sputtered metal multilayers', 'volume': '49', 'year': '2001', 'journal': 'Acta Materialia', 'doi': '10.1016/S1359-6454(01)00287-7', 'author': ['Zhou, X.W. ', ' Wadley, H.N.G. ', ' Johnson, R.A. ', ' Larson, D.J. ', ' Tabat, N. ', ' Cerezo, A. ', ' Petford-Long, A.K. ', ' Smith, G.D.W. ', ' Clifton, P.H. ', ' Martens, R.L. ', ' Kelly, T.F.']}}, {'W._2004': {'title': 'Misfit-energy-increasing dislocations in vapor-deposited CoFe/NiFe multilayers', 'volume': '69', 'year': '2004', 'journal': 'Phys. Rev. B', 'doi': '10.1103/PhysRevB.69.144113', 'author': ['Zhou, X. W. ', ' Johnson, R. A. ', ' Wadley, H. N. G.'], 'number': '14'}}]"
603,"['pair_style kim EAM_Dynamo_ZhouJohnsonWadley_2004NISTretabulation_Pt__MO_601539325066_000\n', 'pair_coeff * * Pt\n']",[],OPENKIM,EAM_Dynamo_ZhouJohnsonWadley_2004NISTretabulation_Pt__MO_601539325066_000,['Pt'],"[{'X.W._2001': {'title': 'Atomic scale structure of sputtered metal multilayers', 'volume': '49', 'year': '2001', 'journal': 'Acta Materialia', 'doi': '10.1016/S1359-6454(01)00287-7', 'author': ['Zhou, X.W. ', ' Wadley, H.N.G. ', ' Johnson, R.A. ', ' Larson, D.J. ', ' Tabat, N. ', ' Cerezo, A. ', ' Petford-Long, A.K. ', ' Smith, G.D.W. ', ' Clifton, P.H. ', ' Martens, R.L. ', ' Kelly, T.F.']}}, {'W._2004': {'title': 'Misfit-energy-increasing dislocations in vapor-deposited CoFe/NiFe multilayers', 'volume': '69', 'year': '2004', 'journal': 'Phys. Rev. B', 'doi': '10.1103/PhysRevB.69.144113', 'author': ['Zhou, X. W. ', ' Johnson, R. A. ', ' Wadley, H. N. G.'], 'number': '14'}}]"
604,"['pair_style kim EAM_Dynamo_ZhouJohnsonWadley_2004NISTretabulation_Ta__MO_568033730744_000\n', 'pair_coeff * * Ta\n']",[],OPENKIM,EAM_Dynamo_ZhouJohnsonWadley_2004NISTretabulation_Ta__MO_568033730744_000,['Ta'],"[{'X.W._2001': {'title': 'Atomic scale structure of sputtered metal multilayers', 'volume': '49', 'year': '2001', 'journal': 'Acta Materialia', 'doi': '10.1016/S1359-6454(01)00287-7', 'author': ['Zhou, X.W. ', ' Wadley, H.N.G. ', ' Johnson, R.A. ', ' Larson, D.J. ', ' Tabat, N. ', ' Cerezo, A. ', ' Petford-Long, A.K. ', ' Smith, G.D.W. ', ' Clifton, P.H. ', ' Martens, R.L. ', ' Kelly, T.F.']}}, {'W._2004': {'title': 'Misfit-energy-increasing dislocations in vapor-deposited CoFe/NiFe multilayers', 'volume': '69', 'year': '2004', 'journal': 'Phys. Rev. B', 'doi': '10.1103/PhysRevB.69.144113', 'author': ['Zhou, X. W. ', ' Johnson, R. A. ', ' Wadley, H. N. G.'], 'number': '14'}}]"
605,"['pair_style kim EAM_Dynamo_ZhouJohnsonWadley_2004NISTretabulation_Ti__MO_101966451181_000\n', 'pair_coeff * * Ti\n']",[],OPENKIM,EAM_Dynamo_ZhouJohnsonWadley_2004NISTretabulation_Ti__MO_101966451181_000,['Ti'],"[{'X.W._2001': {'title': 'Atomic scale structure of sputtered metal multilayers', 'volume': '49', 'year': '2001', 'journal': 'Acta Materialia', 'doi': '10.1016/S1359-6454(01)00287-7', 'author': ['Zhou, X.W. ', ' Wadley, H.N.G. ', ' Johnson, R.A. ', ' Larson, D.J. ', ' Tabat, N. ', ' Cerezo, A. ', ' Petford-Long, A.K. ', ' Smith, G.D.W. ', ' Clifton, P.H. ', ' Martens, R.L. ', ' Kelly, T.F.']}}, {'W._2004': {'title': 'Misfit-energy-increasing dislocations in vapor-deposited CoFe/NiFe multilayers', 'volume': '69', 'year': '2004', 'journal': 'Phys. Rev. B', 'doi': '10.1103/PhysRevB.69.144113', 'author': ['Zhou, X. W. ', ' Johnson, R. A. ', ' Wadley, H. N. G.'], 'number': '14'}}]"
606,"['pair_style kim EAM_Dynamo_ZhouJohnsonWadley_2004NISTretabulation_W__MO_914556822329_000\n', 'pair_coeff * * W\n']",[],OPENKIM,EAM_Dynamo_ZhouJohnsonWadley_2004NISTretabulation_W__MO_914556822329_000,['W'],"[{'X.W._2001': {'title': 'Atomic scale structure of sputtered metal multilayers', 'volume': '49', 'year': '2001', 'journal': 'Acta Materialia', 'doi': '10.1016/S1359-6454(01)00287-7', 'author': ['Zhou, X.W. ', ' Wadley, H.N.G. ', ' Johnson, R.A. ', ' Larson, D.J. ', ' Tabat, N. ', ' Cerezo, A. ', ' Petford-Long, A.K. ', ' Smith, G.D.W. ', ' Clifton, P.H. ', ' Martens, R.L. ', ' Kelly, T.F.']}}, {'W._2004': {'title': 'Misfit-energy-increasing dislocations in vapor-deposited CoFe/NiFe multilayers', 'volume': '69', 'year': '2004', 'journal': 'Phys. Rev. B', 'doi': '10.1103/PhysRevB.69.144113', 'author': ['Zhou, X. W. ', ' Johnson, R. A. ', ' Wadley, H. N. G.'], 'number': '14'}}]"
607,"['pair_style kim EAM_Dynamo_ZhouJohnsonWadley_2004NISTretabulation_Zr__MO_380166217430_000\n', 'pair_coeff * * Zr\n']",[],OPENKIM,EAM_Dynamo_ZhouJohnsonWadley_2004NISTretabulation_Zr__MO_380166217430_000,['Zr'],"[{'X.W._2001': {'title': 'Atomic scale structure of sputtered metal multilayers', 'volume': '49', 'year': '2001', 'journal': 'Acta Materialia', 'doi': '10.1016/S1359-6454(01)00287-7', 'author': ['Zhou, X.W. ', ' Wadley, H.N.G. ', ' Johnson, R.A. ', ' Larson, D.J. ', ' Tabat, N. ', ' Cerezo, A. ', ' Petford-Long, A.K. ', ' Smith, G.D.W. ', ' Clifton, P.H. ', ' Martens, R.L. ', ' Kelly, T.F.']}}, {'W._2004': {'title': 'Misfit-energy-increasing dislocations in vapor-deposited CoFe/NiFe multilayers', 'volume': '69', 'year': '2004', 'journal': 'Phys. Rev. B', 'doi': '10.1103/PhysRevB.69.144113', 'author': ['Zhou, X. W. ', ' Johnson, R. A. ', ' Wadley, H. N. G.'], 'number': '14'}}]"
608,"['pair_style kim EAM_Dynamo_ZhouJohnsonWadley_2004_Ag__MO_947112899505_005\n', 'pair_coeff * * Ag\n']",[],OPENKIM,EAM_Dynamo_ZhouJohnsonWadley_2004_Ag__MO_947112899505_005,['Ag'],"[{'W._2004': {'title': 'Misfit-energy-increasing dislocations in vapor-deposited {CoFe}/{NiFe} multilayers', 'volume': '69', 'year': '2004', 'journal': 'Physical Review B', 'doi': '10.1103/PhysRevB.69.144113', 'author': ['Zhou, X. W. ', ' Johnson, R. A. ', ' Wadley, H. N. G.'], 'number': '14'}}, {'W._2001': {'title': 'Atomic scale structure of sputtered metal multilayers', 'volume': '49', 'year': '2001', 'journal': 'Acta Materialia', 'doi': '10.1016/S1359-6454(01)00287-7', 'author': ['Zhou, X. W. ', ' Wadley, H. N. G ', ' Johnson, R. A. ', ' Larson, D. J. ', ' Tabat, N. ', ' Cerezo, A. ', ' Petford-Long, A. K. ', ' Smith, G. D. W ', ' Clifton, P. H. ', ' Martens, R. L. ', ' Kelly, T. F.']}}]"
609,"['pair_style kim EAM_Dynamo_ZhouJohnsonWadley_2004_Al__MO_131650261510_005\n', 'pair_coeff * * Al\n']",[],OPENKIM,EAM_Dynamo_ZhouJohnsonWadley_2004_Al__MO_131650261510_005,['Al'],"[{'W._2004': {'title': 'Misfit-energy-increasing dislocations in vapor-deposited {CoFe}/{NiFe} multilayers', 'volume': '69', 'year': '2004', 'journal': 'Physical Review B', 'doi': '10.1103/PhysRevB.69.144113', 'author': ['Zhou, X. W. ', ' Johnson, R. A. ', ' Wadley, H. N. G.'], 'number': '14'}}, {'W._2001': {'title': 'Atomic scale structure of sputtered metal multilayers', 'volume': '49', 'year': '2001', 'journal': 'Acta Materialia', 'doi': '10.1016/S1359-6454(01)00287-7', 'author': ['Zhou, X. W. ', ' Wadley, H. N. G ', ' Johnson, R. A. ', ' Larson, D. J. ', ' Tabat, N. ', ' Cerezo, A. ', ' Petford-Long, A. K. ', ' Smith, G. D. W ', ' Clifton, P. H. ', ' Martens, R. L. ', ' Kelly, T. F.']}}]"
610,"['pair_style kim EAM_Dynamo_ZhouJohnsonWadley_2004_Au__MO_468407568810_005\n', 'pair_coeff * * Au\n']",[],OPENKIM,EAM_Dynamo_ZhouJohnsonWadley_2004_Au__MO_468407568810_005,['Au'],"[{'W._2004': {'title': 'Misfit-energy-increasing dislocations in vapor-deposited {CoFe}/{NiFe} multilayers', 'volume': '69', 'year': '2004', 'journal': 'Physical Review B', 'doi': '10.1103/PhysRevB.69.144113', 'author': ['Zhou, X. W. ', ' Johnson, R. A. ', ' Wadley, H. N. G.'], 'number': '14'}}, {'W._2001': {'title': 'Atomic scale structure of sputtered metal multilayers', 'volume': '49', 'year': '2001', 'journal': 'Acta Materialia', 'doi': '10.1016/S1359-6454(01)00287-7', 'author': ['Zhou, X. W. ', ' Wadley, H. N. G ', ' Johnson, R. A. ', ' Larson, D. J. ', ' Tabat, N. ', ' Cerezo, A. ', ' Petford-Long, A. K. ', ' Smith, G. D. W ', ' Clifton, P. H. ', ' Martens, R. L. ', ' Kelly, T. F.']}}]"
611,"['pair_style kim EAM_Dynamo_ZhouJohnsonWadley_2004_Co__MO_924630542818_005\n', 'pair_coeff * * Co\n']",[],OPENKIM,EAM_Dynamo_ZhouJohnsonWadley_2004_Co__MO_924630542818_005,['Co'],"[{'W._2004': {'title': 'Misfit-energy-increasing dislocations in vapor-deposited {CoFe}/{NiFe} multilayers', 'volume': '69', 'year': '2004', 'journal': 'Physical Review B', 'doi': '10.1103/PhysRevB.69.144113', 'author': ['Zhou, X. W. ', ' Johnson, R. A. ', ' Wadley, H. N. G.'], 'number': '14'}}, {'W._2001': {'title': 'Atomic scale structure of sputtered metal multilayers', 'volume': '49', 'year': '2001', 'journal': 'Acta Materialia', 'doi': '10.1016/S1359-6454(01)00287-7', 'author': ['Zhou, X. W. ', ' Wadley, H. N. G ', ' Johnson, R. A. ', ' Larson, D. J. ', ' Tabat, N. ', ' Cerezo, A. ', ' Petford-Long, A. K. ', ' Smith, G. D. W ', ' Clifton, P. H. ', ' Martens, R. L. ', ' Kelly, T. F.']}}]"
612,"['pair_style kim EAM_Dynamo_ZhouJohnsonWadley_2004_CuTa__MO_547744193826_000\n', 'pair_coeff * * Cu Ta\n']",[],OPENKIM,EAM_Dynamo_ZhouJohnsonWadley_2004_CuTa__MO_547744193826_000,"['Cu', 'Ta']","[{'X.W._2001': {'title': 'Atomic scale structure of sputtered metal multilayers', 'volume': '49', 'year': '2001', 'journal': 'Acta Materialia', 'doi': '10.1016/S1359-6454(01)00287-7', 'author': ['Zhou, X.W. ', ' Wadley, H.N.G. ', ' Johnson, R.A. ', ' Larson, D.J. ', ' Tabat, N. ', ' Cerezo, A. ', ' Petford-Long, A.K. ', ' Smith, G.D.W. ', ' Clifton, P.H. ', ' Martens, R.L. ', ' Kelly, T.F.']}}, {'W._2004': {'title': 'Misfit-energy-increasing dislocations in vapor-deposited CoFe/NiFe multilayers', 'volume': '69', 'year': '2004', 'journal': 'Phys. Rev. B', 'doi': '10.1103/PhysRevB.69.144113', 'author': ['Zhou, X. W. ', ' Johnson, R. A. ', ' Wadley, H. N. G.'], 'number': '14'}}]"
613,"['pair_style kim EAM_Dynamo_ZhouJohnsonWadley_2004_Cu__MO_127245782811_005\n', 'pair_coeff * * Cu\n']",[],OPENKIM,EAM_Dynamo_ZhouJohnsonWadley_2004_Cu__MO_127245782811_005,['Cu'],"[{'W._2004': {'title': 'Misfit-energy-increasing dislocations in vapor-deposited {CoFe}/{NiFe} multilayers', 'volume': '69', 'year': '2004', 'journal': 'Physical Review B', 'doi': '10.1103/PhysRevB.69.144113', 'author': ['Zhou, X. W. ', ' Johnson, R. A. ', ' Wadley, H. N. G.'], 'number': '14'}}, {'W._2001': {'title': 'Atomic scale structure of sputtered metal multilayers', 'volume': '49', 'year': '2001', 'journal': 'Acta Materialia', 'doi': '10.1016/S1359-6454(01)00287-7', 'author': ['Zhou, X. W. ', ' Wadley, H. N. G ', ' Johnson, R. A. ', ' Larson, D. J. ', ' Tabat, N. ', ' Cerezo, A. ', ' Petford-Long, A. K. ', ' Smith, G. D. W ', ' Clifton, P. H. ', ' Martens, R. L. ', ' Kelly, T. F.']}}]"
614,"['pair_style kim EAM_Dynamo_ZhouJohnsonWadley_2004_Fe__MO_650279905230_005\n', 'pair_coeff * * Fe\n']",[],OPENKIM,EAM_Dynamo_ZhouJohnsonWadley_2004_Fe__MO_650279905230_005,['Fe'],"[{'W._2004': {'title': 'Misfit-energy-increasing dislocations in vapor-deposited {CoFe}/{NiFe} multilayers', 'volume': '69', 'year': '2004', 'journal': 'Physical Review B', 'doi': '10.1103/PhysRevB.69.144113', 'author': ['Zhou, X. W. ', ' Johnson, R. A. ', ' Wadley, H. N. G.'], 'number': '14'}}, {'W._2001': {'title': 'Atomic scale structure of sputtered metal multilayers', 'volume': '49', 'year': '2001', 'journal': 'Acta Materialia', 'doi': '10.1016/S1359-6454(01)00287-7', 'author': ['Zhou, X. W. ', ' Wadley, H. N. G ', ' Johnson, R. A. ', ' Larson, D. J. ', ' Tabat, N. ', ' Cerezo, A. ', ' Petford-Long, A. K. ', ' Smith, G. D. W ', ' Clifton, P. H. ', ' Martens, R. L. ', ' Kelly, T. F.']}}]"
615,"['pair_style kim EAM_Dynamo_ZhouJohnsonWadley_2004_Mg__MO_137404467969_005\n', 'pair_coeff * * Mg\n']",[],OPENKIM,EAM_Dynamo_ZhouJohnsonWadley_2004_Mg__MO_137404467969_005,['Mg'],"[{'W._2004': {'title': 'Misfit-energy-increasing dislocations in vapor-deposited {CoFe}/{NiFe} multilayers', 'volume': '69', 'year': '2004', 'journal': 'Physical Review B', 'doi': '10.1103/PhysRevB.69.144113', 'author': ['Zhou, X. W. ', ' Johnson, R. A. ', ' Wadley, H. N. G.'], 'number': '14'}}, {'W._2001': {'title': 'Atomic scale structure of sputtered metal multilayers', 'volume': '49', 'year': '2001', 'journal': 'Acta Materialia', 'doi': '10.1016/S1359-6454(01)00287-7', 'author': ['Zhou, X. W. ', ' Wadley, H. N. G ', ' Johnson, R. A. ', ' Larson, D. J. ', ' Tabat, N. ', ' Cerezo, A. ', ' Petford-Long, A. K. ', ' Smith, G. D. W ', ' Clifton, P. H. ', ' Martens, R. L. ', ' Kelly, T. F.']}}]"
616,"['pair_style kim EAM_Dynamo_ZhouJohnsonWadley_2004_Mo__MO_271256517527_005\n', 'pair_coeff * * Mo\n']",[],OPENKIM,EAM_Dynamo_ZhouJohnsonWadley_2004_Mo__MO_271256517527_005,['Mo'],"[{'W._2004': {'title': 'Misfit-energy-increasing dislocations in vapor-deposited {CoFe}/{NiFe} multilayers', 'volume': '69', 'year': '2004', 'journal': 'Physical Review B', 'doi': '10.1103/PhysRevB.69.144113', 'author': ['Zhou, X. W. ', ' Johnson, R. A. ', ' Wadley, H. N. G.'], 'number': '14'}}, {'W._2001': {'title': 'Atomic scale structure of sputtered metal multilayers', 'volume': '49', 'year': '2001', 'journal': 'Acta Materialia', 'doi': '10.1016/S1359-6454(01)00287-7', 'author': ['Zhou, X. W. ', ' Wadley, H. N. G ', ' Johnson, R. A. ', ' Larson, D. J. ', ' Tabat, N. ', ' Cerezo, A. ', ' Petford-Long, A. K. ', ' Smith, G. D. W ', ' Clifton, P. H. ', ' Martens, R. L. ', ' Kelly, T. F.']}}]"
617,"['pair_style kim EAM_Dynamo_ZhouJohnsonWadley_2004_Ni__MO_110256178378_005\n', 'pair_coeff * * Ni\n']",[],OPENKIM,EAM_Dynamo_ZhouJohnsonWadley_2004_Ni__MO_110256178378_005,['Ni'],"[{'W._2004': {'title': 'Misfit-energy-increasing dislocations in vapor-deposited {CoFe}/{NiFe} multilayers', 'volume': '69', 'year': '2004', 'journal': 'Physical Review B', 'doi': '10.1103/PhysRevB.69.144113', 'author': ['Zhou, X. W. ', ' Johnson, R. A. ', ' Wadley, H. N. G.'], 'number': '14'}}, {'W._2001': {'title': 'Atomic scale structure of sputtered metal multilayers', 'volume': '49', 'year': '2001', 'journal': 'Acta Materialia', 'doi': '10.1016/S1359-6454(01)00287-7', 'author': ['Zhou, X. W. ', ' Wadley, H. N. G ', ' Johnson, R. A. ', ' Larson, D. J. ', ' Tabat, N. ', ' Cerezo, A. ', ' Petford-Long, A. K. ', ' Smith, G. D. W ', ' Clifton, P. H. ', ' Martens, R. L. ', ' Kelly, T. F.']}}]"
618,"['pair_style kim EAM_Dynamo_ZhouJohnsonWadley_2004_Pb__MO_116920074573_005\n', 'pair_coeff * * Pb\n']",[],OPENKIM,EAM_Dynamo_ZhouJohnsonWadley_2004_Pb__MO_116920074573_005,['Pb'],"[{'W._2004': {'title': 'Misfit-energy-increasing dislocations in vapor-deposited {CoFe}/{NiFe} multilayers', 'volume': '69', 'year': '2004', 'journal': 'Physical Review B', 'doi': '10.1103/PhysRevB.69.144113', 'author': ['Zhou, X. W. ', ' Johnson, R. A. ', ' Wadley, H. N. G.'], 'number': '14'}}, {'W._2001': {'title': 'Atomic scale structure of sputtered metal multilayers', 'volume': '49', 'year': '2001', 'journal': 'Acta Materialia', 'doi': '10.1016/S1359-6454(01)00287-7', 'author': ['Zhou, X. W. ', ' Wadley, H. N. G ', ' Johnson, R. A. ', ' Larson, D. J. ', ' Tabat, N. ', ' Cerezo, A. ', ' Petford-Long, A. K. ', ' Smith, G. D. W ', ' Clifton, P. H. ', ' Martens, R. L. ', ' Kelly, T. F.']}}]"
619,"['pair_style kim EAM_Dynamo_ZhouJohnsonWadley_2004_Ta__MO_130046220009_005\n', 'pair_coeff * * Ta\n']",[],OPENKIM,EAM_Dynamo_ZhouJohnsonWadley_2004_Ta__MO_130046220009_005,['Ta'],"[{'W._2004': {'title': 'Misfit-energy-increasing dislocations in vapor-deposited {CoFe}/{NiFe} multilayers', 'volume': '69', 'year': '2004', 'journal': 'Physical Review B', 'doi': '10.1103/PhysRevB.69.144113', 'author': ['Zhou, X. W. ', ' Johnson, R. A. ', ' Wadley, H. N. G.'], 'number': '14'}}, {'W._2001': {'title': 'Atomic scale structure of sputtered metal multilayers', 'volume': '49', 'year': '2001', 'journal': 'Acta Materialia', 'doi': '10.1016/S1359-6454(01)00287-7', 'author': ['Zhou, X. W. ', ' Wadley, H. N. G ', ' Johnson, R. A. ', ' Larson, D. J. ', ' Tabat, N. ', ' Cerezo, A. ', ' Petford-Long, A. K. ', ' Smith, G. D. W ', ' Clifton, P. H. ', ' Martens, R. L. ', ' Kelly, T. F.']}}]"
620,"['pair_style kim EAM_Dynamo_ZhouJohnsonWadley_2004_Ti__MO_723456820410_005\n', 'pair_coeff * * Ti\n']",[],OPENKIM,EAM_Dynamo_ZhouJohnsonWadley_2004_Ti__MO_723456820410_005,['Ti'],"[{'W._2004': {'title': 'Misfit-energy-increasing dislocations in vapor-deposited {CoFe}/{NiFe} multilayers', 'volume': '69', 'year': '2004', 'journal': 'Physical Review B', 'doi': '10.1103/PhysRevB.69.144113', 'author': ['Zhou, X. W. ', ' Johnson, R. A. ', ' Wadley, H. N. G.'], 'number': '14'}}, {'W._2001': {'title': 'Atomic scale structure of sputtered metal multilayers', 'volume': '49', 'year': '2001', 'journal': 'Acta Materialia', 'doi': '10.1016/S1359-6454(01)00287-7', 'author': ['Zhou, X. W. ', ' Wadley, H. N. G ', ' Johnson, R. A. ', ' Larson, D. J. ', ' Tabat, N. ', ' Cerezo, A. ', ' Petford-Long, A. K. ', ' Smith, G. D. W ', ' Clifton, P. H. ', ' Martens, R. L. ', ' Kelly, T. F.']}}]"
621,"['pair_style kim EAM_Dynamo_ZhouJohnsonWadley_2004_W__MO_524392058194_005\n', 'pair_coeff * * W\n']",[],OPENKIM,EAM_Dynamo_ZhouJohnsonWadley_2004_W__MO_524392058194_005,['W'],"[{'W._2004': {'title': 'Misfit-energy-increasing dislocations in vapor-deposited {CoFe}/{NiFe} multilayers', 'volume': '69', 'year': '2004', 'journal': 'Physical Review B', 'doi': '10.1103/PhysRevB.69.144113', 'author': ['Zhou, X. W. ', ' Johnson, R. A. ', ' Wadley, H. N. G.'], 'number': '14'}}, {'W._2001': {'title': 'Atomic scale structure of sputtered metal multilayers', 'volume': '49', 'year': '2001', 'journal': 'Acta Materialia', 'doi': '10.1016/S1359-6454(01)00287-7', 'author': ['Zhou, X. W. ', ' Wadley, H. N. G ', ' Johnson, R. A. ', ' Larson, D. J. ', ' Tabat, N. ', ' Cerezo, A. ', ' Petford-Long, A. K. ', ' Smith, G. D. W ', ' Clifton, P. H. ', ' Martens, R. L. ', ' Kelly, T. F.']}}]"
622,"['pair_style kim EAM_Dynamo_ZhouJohnsonWadley_2004_Zr__MO_103270551167_005\n', 'pair_coeff * * Zr\n']",[],OPENKIM,EAM_Dynamo_ZhouJohnsonWadley_2004_Zr__MO_103270551167_005,['Zr'],"[{'W._2004': {'title': 'Misfit-energy-increasing dislocations in vapor-deposited {CoFe}/{NiFe} multilayers', 'volume': '69', 'year': '2004', 'journal': 'Physical Review B', 'doi': '10.1103/PhysRevB.69.144113', 'author': ['Zhou, X. W. ', ' Johnson, R. A. ', ' Wadley, H. N. G.'], 'number': '14'}}, {'W._2001': {'title': 'Atomic scale structure of sputtered metal multilayers', 'volume': '49', 'year': '2001', 'journal': 'Acta Materialia', 'doi': '10.1016/S1359-6454(01)00287-7', 'author': ['Zhou, X. W. ', ' Wadley, H. N. G ', ' Johnson, R. A. ', ' Larson, D. J. ', ' Tabat, N. ', ' Cerezo, A. ', ' Petford-Long, A. K. ', ' Smith, G. D. W ', ' Clifton, P. H. ', ' Martens, R. L. ', ' Kelly, T. F.']}}]"
623,"['pair_style kim EAM_Dynamo_ZhouWadleyJohnson_2001_Al__MO_049243498555_000\n', 'pair_coeff * * Al\n']",[],OPENKIM,EAM_Dynamo_ZhouWadleyJohnson_2001_Al__MO_049243498555_000,['Al'],"[{'X.W._2001': {'title': 'Atomic scale structure of sputtered metal multilayers', 'volume': '49', 'year': '2001', 'journal': 'Acta Materialia', 'doi': '10.1016/S1359-6454(01)00287-7', 'author': ['Zhou, X.W. ', ' Wadley, H.N.G. ', ' Johnson, R.A. ', ' Larson, D.J. ', ' Tabat, N. ', ' Cerezo, A. ', ' Petford-Long, A.K. ', ' Smith, G.D.W. ', ' Clifton, P.H. ', ' Martens, R.L. ', ' Kelly, T.F.']}}, {'W._2004': {'title': 'Misfit-energy-increasing dislocations in vapor-deposited CoFe/NiFe multilayers', 'volume': '69', 'year': '2004', 'journal': 'Phys. Rev. B', 'doi': '10.1103/PhysRevB.69.144113', 'author': ['Zhou, X. W. ', ' Johnson, R. A. ', ' Wadley, H. N. G.'], 'number': '14'}}]"
624,"['pair_style kim EAM_Dynamo_ZhouWadleyJohnson_2001_Cu__MO_380822813353_000\n', 'pair_coeff * * Cu\n']",[],OPENKIM,EAM_Dynamo_ZhouWadleyJohnson_2001_Cu__MO_380822813353_000,['Cu'],"[{'X.W._2001': {'title': 'Atomic scale structure of sputtered metal multilayers', 'volume': '49', 'year': '2001', 'journal': 'Acta Materialia', 'doi': '10.1016/S1359-6454(01)00287-7', 'author': ['Zhou, X.W. ', ' Wadley, H.N.G. ', ' Johnson, R.A. ', ' Larson, D.J. ', ' Tabat, N. ', ' Cerezo, A. ', ' Petford-Long, A.K. ', ' Smith, G.D.W. ', ' Clifton, P.H. ', ' Martens, R.L. ', ' Kelly, T.F.']}}, {'W._2004': {'title': 'Misfit-energy-increasing dislocations in vapor-deposited CoFe/NiFe multilayers', 'volume': '69', 'year': '2004', 'journal': 'Phys. Rev. B', 'doi': '10.1103/PhysRevB.69.144113', 'author': ['Zhou, X. W. ', ' Johnson, R. A. ', ' Wadley, H. N. G.'], 'number': '14'}}]"
625,"['pair_style kim EAM_Dynamo_ZhouWadleyJohnson_2001_Pt__MO_102190350384_005\n', 'pair_coeff * * Pt\n']",[],OPENKIM,EAM_Dynamo_ZhouWadleyJohnson_2001_Pt__MO_102190350384_005,['Pt'],"[{'W._2004': {'title': 'Misfit-energy-increasing dislocations in vapor-deposited {CoFe}/{NiFe} multilayers', 'volume': '69', 'year': '2004', 'journal': 'Physical Review B', 'doi': '10.1103/PhysRevB.69.144113', 'author': ['Zhou, X. W. ', ' Johnson, R. A. ', ' Wadley, H. N. G.'], 'number': '14'}}, {'W._2001': {'title': 'Atomic scale structure of sputtered metal multilayers', 'volume': '49', 'year': '2001', 'journal': 'Acta Materialia', 'doi': '10.1016/S1359-6454(01)00287-7', 'author': ['Zhou, X. W. ', ' Wadley, H. N. G ', ' Johnson, R. A. ', ' Larson, D. J. ', ' Tabat, N. ', ' Cerezo, A. ', ' Petford-Long, A. K. ', ' Smith, G. D. W ', ' Clifton, P. H. ', ' Martens, R. L. ', ' Kelly, T. F.']}}]"
626,"['pair_style kim EAM_Dynamo_ZhouWadleyJohnson_2001_W__MO_621445647666_000\n', 'pair_coeff * * W\n']",[],OPENKIM,EAM_Dynamo_ZhouWadleyJohnson_2001_W__MO_621445647666_000,['W'],"[{'X.W._2001': {'title': 'Atomic scale structure of sputtered metal multilayers', 'volume': '49', 'year': '2001', 'journal': 'Acta Materialia', 'doi': '10.1016/S1359-6454(01)00287-7', 'author': ['Zhou, X.W. ', ' Wadley, H.N.G. ', ' Johnson, R.A. ', ' Larson, D.J. ', ' Tabat, N. ', ' Cerezo, A. ', ' Petford-Long, A.K. ', ' Smith, G.D.W. ', ' Clifton, P.H. ', ' Martens, R.L. ', ' Kelly, T.F.']}}, {'W._2004': {'title': 'Misfit-energy-increasing dislocations in vapor-deposited CoFe/NiFe multilayers', 'volume': '69', 'year': '2004', 'journal': 'Phys. Rev. B', 'doi': '10.1103/PhysRevB.69.144113', 'author': ['Zhou, X. W. ', ' Johnson, R. A. ', ' Wadley, H. N. G.'], 'number': '14'}}]"
627,"['pair_style kim EAM_Dynamo_ZhouZimmermanWong_2008_PdH__MO_114797992931_000\n', 'pair_coeff * * Pd H\n']",[],OPENKIM,EAM_Dynamo_ZhouZimmermanWong_2008_PdH__MO_114797992931_000,"['Pd', 'H']","[{'X.W._2008': {'title': 'An embedded-atom method interatomic potential for {Pd}–{H} alloys', 'volume': '23', 'year': '2008', 'journal': 'Journal of Materials Research', 'doi': '10.1557/JMR.2008.0090', 'author': ['Zhou, X.W. ', ' Zimmerman, J.A. ', ' Wong, B.M. ', ' Hoyt, J.J.']}}]"
628,"['pair_style kim EAM_Dynamo_ZopeMishin_2003_Al__MO_664470114311_005\n', 'pair_coeff * * Al\n']",[],OPENKIM,EAM_Dynamo_ZopeMishin_2003_Al__MO_664470114311_005,['Al'],"[{'R._2003': {'title': 'Interatomic potentials for atomistic simulations of the {Ti}-{Al} system', 'volume': '68', 'year': '2003', 'journal': 'Physical Review B', 'doi': '10.1103/PhysRevB.68.024102', 'author': ['Zope, Rajendra R. ', ' Mishin, Y.'], 'number': '2'}}]"
629,"['pair_style kim EAM_Dynamo_ZopeMishin_2003_TiAl__MO_117656786760_005\n', 'pair_coeff * * Ti Al\n']",[],OPENKIM,EAM_Dynamo_ZopeMishin_2003_TiAl__MO_117656786760_005,"['Ti', 'Al']","[{'R._2003': {'title': 'Interatomic potentials for atomistic simulations of the {Ti}-{Al} system', 'volume': '68', 'year': '2003', 'journal': 'Physical Review B', 'doi': '10.1103/PhysRevB.68.024102', 'author': ['Zope, Rajendra R. ', ' Mishin, Y.'], 'number': '2'}}]"
630,"['pair_style kim EAM_ErcolessiAdams_1994_Al__MO_324507536345_003\n', 'pair_coeff * * Al\n']",[],OPENKIM,EAM_ErcolessiAdams_1994_Al__MO_324507536345_003,['Al'],"[{'Ercolessi_1994': {'title': 'Interatomic Potentials from First-Principles Calculations: {T}he Force-Matching Method', 'volume': '26', 'year': '1994', 'journal': 'Europhysics Letters', 'doi': '10.1209/0295-5075/26/8/005', 'author': ['F. Ercolessi ', ' J. B. Adams']}}]"
631,"['pair_style kim EAM_IMD_BrommerBoissieuEuchner_2009_MgZn__MO_710767216198_003\n', 'pair_coeff * * Mg Zn\n']",[],OPENKIM,EAM_IMD_BrommerBoissieuEuchner_2009_MgZn__MO_710767216198_003,"['Mg', 'Zn']","[{'P._2009': {'title': 'Vibrational properties of {MgZn}$_2$', 'volume': '224', 'year': '2009', 'journal': 'Zeitschrift f{\\""u}r Kristallographie - Crystalline Materials', 'doi': '10.1524/zkri.2009.1085', 'author': ['Brommer, P. ', ' de Boissieu, M. ', ' Euchner, H. ', ' Francoual, S. ', ' G{\\""a}hler, F. ', ' Johnson, M. ', ' Parlinski, K. ', ' Schmalzl, K.'], 'number': '1--2'}}]"
632,"['pair_style kim EAM_IMD_BrommerGaehlerMihalkovic_2007_CaCd__MO_145183423516_003\n', 'pair_coeff * * Ca Cd\n']",[],OPENKIM,EAM_IMD_BrommerGaehlerMihalkovic_2007_CaCd__MO_145183423516_003,"['Ca', 'Cd']","[{'Brommer_2007': {'title': 'Ordering and correlation of cluster orientations in {CaCd}$_6$', 'volume': '87', 'year': '2007', 'journal': 'Philosophical Magazine', 'doi': '10.1080/14786430701361370', 'author': ['P. Brommer ', ' F. G{\\""a}hler ', ' M. Mihalkovi{\\v c}']}}]"
633,"['pair_style kim EAM_IMD_BrommerGaehler_2006A_AlNiCo__MO_122703700223_003\n', 'pair_coeff * * Al Ni Co\n']",[],OPENKIM,EAM_IMD_BrommerGaehler_2006A_AlNiCo__MO_122703700223_003,"['Al', 'Ni', 'Co']","[{'Brommer_2006': {'title': 'Effective potentials for quasicrystals from ab-initio data', 'volume': '86', 'year': '2006', 'journal': 'Philosophical Magazine', 'doi': '10.1080/14786430500333349', 'author': ['P. Brommer ', ' F. G{\\""a}hler']}}]"
634,"['pair_style kim EAM_IMD_BrommerGaehler_2006B_AlNiCo__MO_128037485276_003\n', 'pair_coeff * * Al Ni Co\n']",[],OPENKIM,EAM_IMD_BrommerGaehler_2006B_AlNiCo__MO_128037485276_003,"['Al', 'Ni', 'Co']","[{'Brommer_2006': {'title': 'Effective potentials for quasicrystals from ab-initio data', 'volume': '86', 'year': '2006', 'journal': 'Philosophical Magazine', 'doi': '10.1080/14786430500333349', 'author': ['P. Brommer ', ' F. G{\\""a}hler']}}]"
635,"['pair_style kim EAM_IMD_SchopfBrommerFrigan_2012_AlMnPd__MO_878712978062_003\n', 'pair_coeff * * Al Mn Pd\n']",[],OPENKIM,EAM_IMD_SchopfBrommerFrigan_2012_AlMnPd__MO_878712978062_003,"['Al', 'Mn', 'Pd']","[{'Daniel_2012': {'title': 'Embedded atom method potentials for Al-Pd-Mn phases', 'volume': '85', 'year': '2012', 'journal': 'Physical Review B', 'doi': '10.1103/PhysRevB.85.054201', 'author': ['Schopf, Daniel ', ' Brommer, Peter ', ' Frigan, Benjamin ', ' Trebin, Hans-Rainer'], 'number': '5'}}]"
636,"['pair_style kim EAM_Magnetic2GQuintic_ChiesaDerletDudarev_2011_Fe__MO_140444321607_002\n', 'pair_coeff * * Fe\n']",[],OPENKIM,EAM_Magnetic2GQuintic_ChiesaDerletDudarev_2011_Fe__MO_140444321607_002,['Fe'],"[{'Chiesa_2011': {'title': 'Optimization of the magnetic potential for $\\alpha$-{F}e', 'volume': '23', 'year': '2011', 'journal': 'Journal of Physics: Condensed Matter', 'doi': '10.1088/0953-8984/23/20/206001', 'author': ['S Chiesa ', ' P M Derlet ', ' S L Dudarev ', ' H Van Swygenhoven']}}]"
637,"['pair_style kim EAM_MagneticCubic_DerletNguyenDudarev_2007_Mo__MO_424746498193_002\n', 'pair_coeff * * Mo\n']",[],OPENKIM,EAM_MagneticCubic_DerletNguyenDudarev_2007_Mo__MO_424746498193_002,['Mo'],"[{'M._2007': {'title': 'Multiscale modeling of crowdion and vacancy defects in body-centered-cubic transition metals', 'volume': '76', 'year': '2007', 'journal': 'Physical Review B', 'doi': '10.1103/PhysRevB.76.054107', 'author': ['Derlet, P. M. ', ' Nguyen-Manh, D. ', ' Dudarev, S. L.'], 'number': '5'}}]"
638,"['pair_style kim EAM_MagneticCubic_DerletNguyenDudarev_2007_Nb__MO_218026715338_002\n', 'pair_coeff * * Nb\n']",[],OPENKIM,EAM_MagneticCubic_DerletNguyenDudarev_2007_Nb__MO_218026715338_002,['Nb'],"[{'M._2007': {'title': 'Multiscale modeling of crowdion and vacancy defects in body-centered-cubic transition metals', 'volume': '76', 'year': '2007', 'journal': 'Physical Review B', 'doi': '10.1103/PhysRevB.76.054107', 'author': ['Derlet, P. M. ', ' Nguyen-Manh, D. ', ' Dudarev, S. L.'], 'number': '5'}}]"
639,"['pair_style kim EAM_MagneticCubic_DerletNguyenDudarev_2007_Ta__MO_261274272789_002\n', 'pair_coeff * * Ta\n']",[],OPENKIM,EAM_MagneticCubic_DerletNguyenDudarev_2007_Ta__MO_261274272789_002,['Ta'],"[{'M._2007': {'title': 'Multiscale modeling of crowdion and vacancy defects in body-centered-cubic transition metals', 'volume': '76', 'year': '2007', 'journal': 'Physical Review B', 'doi': '10.1103/PhysRevB.76.054107', 'author': ['Derlet, P. M. ', ' Nguyen-Manh, D. ', ' Dudarev, S. L.'], 'number': '5'}}]"
640,"['pair_style kim EAM_MagneticCubic_DerletNguyenDudarev_2007_V__MO_683890323730_002\n', 'pair_coeff * * V\n']",[],OPENKIM,EAM_MagneticCubic_DerletNguyenDudarev_2007_V__MO_683890323730_002,['V'],"[{'M._2007': {'title': 'Multiscale modeling of crowdion and vacancy defects in body-centered-cubic transition metals', 'volume': '76', 'year': '2007', 'journal': 'Physical Review B', 'doi': '10.1103/PhysRevB.76.054107', 'author': ['Derlet, P. M. ', ' Nguyen-Manh, D. ', ' Dudarev, S. L.'], 'number': '5'}}]"
641,"['pair_style kim EAM_MagneticCubic_DerletNguyenDudarev_2007_W__MO_195478838873_002\n', 'pair_coeff * * W\n']",[],OPENKIM,EAM_MagneticCubic_DerletNguyenDudarev_2007_W__MO_195478838873_002,['W'],"[{'M._2007': {'title': 'Multiscale modeling of crowdion and vacancy defects in body-centered-cubic transition metals', 'volume': '76', 'year': '2007', 'journal': 'Physical Review B', 'doi': '10.1103/PhysRevB.76.054107', 'author': ['Derlet, P. M. ', ' Nguyen-Manh, D. ', ' Dudarev, S. L.'], 'number': '5'}}]"
642,"['pair_style kim EAM_MagneticCubic_DudarevDerlet_2005_Fe__MO_135034229282_002\n', 'pair_coeff * * Fe\n']",[],OPENKIM,EAM_MagneticCubic_DudarevDerlet_2005_Fe__MO_135034229282_002,['Fe'],"[{'L._2005': {'title': ""A `magnetic' interatomic potential for molecular dynamics simulations"", 'volume': '17', 'year': '2005', 'journal': 'Journal of Physics: Condensed Matter', 'doi': '10.1088/0953-8984/17/44/003', 'author': ['Dudarev, S. L. ', ' Derlet, P. M.']}}, {'L._2007': {'title': ""Erratum: {A} `magnetic' interatomic potential for molecular dynamics simulations"", 'volume': '19', 'year': '2007', 'journal': 'Journal of Physics: Condensed Matter', 'doi': '10.1088/0953-8984/19/23/239001', 'author': ['Dudarev, S. L. ', ' Derlet, P. M.']}}]"
643,"['pair_style kim EAM_MagneticCubic_MendelevHanSrolovitz_2003_Fe__MO_856295952425_002\n', 'pair_coeff * * Fe\n']",[],OPENKIM,EAM_MagneticCubic_MendelevHanSrolovitz_2003_Fe__MO_856295952425_002,['Fe'],"[{'Mendelev_2003': {'title': 'Development of new interatomic potentials appropriate for crystalline and liquid iron', 'volume': '83', 'year': '2003', 'journal': 'Philosophical Magazine', 'doi': '10.1080/14786430310001613264', 'author': ['M. I. Mendelev ', ' S. Han ', ' D. J. Srolovitz ', ' G. J. Ackl', ' ', ' D. Y. Sun ', ' M. Asta']}}]"
644,"['pair_style kim EAM_Mendelev_2019_CuZr__MO_945018740343_000\n', 'pair_coeff * * Cu Zr\n']",[],OPENKIM,EAM_Mendelev_2019_CuZr__MO_945018740343_000,"['Cu', 'Zr']",[]
645,"['pair_style kim EAM_NN_Johnson_1988_Cu__MO_887933271505_002\n', 'pair_coeff * * Cu\n']",[],OPENKIM,EAM_NN_Johnson_1988_Cu__MO_887933271505_002,['Cu'],"[{'A._1988': {'title': 'Analytic nearest-neighbor model for fcc metals', 'volume': '37', 'year': '1988', 'journal': 'Physical Review B', 'doi': '10.1103/PhysRevB.37.3924', 'author': ['Johnson, R. A.'], 'number': '8'}}]"
646,"['pair_style kim EAM_QuinticClampedSpline_ErcolessiAdams_1994_Al__MO_450093727396_002\n', 'pair_coeff * * Al\n']",[],OPENKIM,EAM_QuinticClampedSpline_ErcolessiAdams_1994_Al__MO_450093727396_002,['Al'],"[{'Ercolessi_1994': {'title': 'Interatomic Potentials from First-Principles Calculations: {T}he Force-Matching Method', 'volume': '26', 'year': '1994', 'journal': 'Europhysics Letters', 'doi': '10.1209/0295-5075/26/8/005', 'author': ['F. Ercolessi ', ' J. B. Adams']}}]"
647,"['pair_style kim EAM_QuinticClampedSpline_Kim_2021_PtAu__MO_463728687265_000\n', 'pair_coeff * * Pt Au\n']",[],OPENKIM,EAM_QuinticClampedSpline_Kim_2021_PtAu__MO_463728687265_000,"['Pt', 'Au']","[{'J._2018': {'title': 'Grain boundary phase transformations in {PtAu} and relevance to thermal stabilization of bulk nanocrystalline metals', 'volume': '53', 'year': '2018', 'journal': 'Journal of Materials Science', 'doi': '10.1007/s10853-017-1706-1', 'author': [""O'Brien, C. J. "", ' Barr, C. M. ', ' Price, P. M. ', ' Hattar, K. ', ' Foiles, S. M.']}}]"
648,"['pair_style kim EAM_QuinticHermiteSpline_ErcolessiAdams_1994_Al__MO_781138671863_002\n', 'pair_coeff * * Al\n']",[],OPENKIM,EAM_QuinticHermiteSpline_ErcolessiAdams_1994_Al__MO_781138671863_002,['Al'],"[{'Ercolessi_1994': {'title': 'Interatomic Potentials from First-Principles Calculations: {T}he Force-Matching Method', 'volume': '26', 'year': '1994', 'journal': 'Europhysics Letters', 'doi': '10.1209/0295-5075/26/8/005', 'author': ['F. Ercolessi ', ' J. B. Adams']}}]"
649,"['pair_style kim EDIP_BelkoGusakovDorozhkin_2010_Ge__MO_129433059219_001\n', 'pair_coeff * * Ge\n']",[],OPENKIM,EDIP_BelkoGusakovDorozhkin_2010_Ge__MO_129433059219_001,['Ge'],"[{'I._2010': {'title': 'Potential {EDIP} for germanium: parameterization and molecular dynamics simulation of point defects', 'year': '2010', 'author': ['Belko, V. I. ', ' Gusakov, V. E. ', ' Dorozhkin, N. N.']}}]"
650,"['pair_style kim EDIP_JustoBazantKaxiras_1998_Si__MO_958932894036_002\n', 'pair_coeff * * Si\n']",[],OPENKIM,EDIP_JustoBazantKaxiras_1998_Si__MO_958932894036_002,['Si'],"[{'F._1998': {'title': 'Interatomic potential for silicon defects and disordered phases', 'volume': '58', 'year': '1998', 'journal': 'Physical Review B', 'doi': '10.1103/PhysRevB.58.2539', 'author': ['Justo, Jo\\~{a}o F. ', ' Bazant, Martin Z. ', ' Kaxiras, Efthimios ', ' Bulatov, V. V. ', ' Yip, Sidney'], 'number': '5'}}]"
651,"['pair_style kim EMT_Asap_MetalGlass_BaileySchiotzJacobsen_2004_CuMg__MO_228059236215_001\n', 'pair_coeff * * Cu Mg\n']",[],OPENKIM,EMT_Asap_MetalGlass_BaileySchiotzJacobsen_2004_CuMg__MO_228059236215_001,"['Cu', 'Mg']","[{'Jacobsen_1996': {'title': 'A semi-empirical effective medium theory for metals and alloys', 'volume': '366', 'year': '1996', 'journal': 'Surface Science', 'doi': '10.1016/0039-6028(96)00816-3', 'author': ['K. W. Jacobsen ', ' P. Stoltze ', ' J. K. N{\\o}rskov']}}, {'P._2004': {'title': 'Simulation of {Cu}-{Mg} metallic glass: {T}hermodynamics and structure', 'volume': '69', 'year': '2004', 'journal': 'Physical Review B', 'doi': '10.1103/PhysRevB.69.144205', 'author': ['Bailey, Nicholas P. ', ' Schi{\\o}tz, Jakob ', ' Jacobsen, Karsten W.'], 'number': '14'}}, {'P._2017': {'title': 'Erratum: {S}imulation of {Cu}-{Mg} metallic glass: {T}hermodynamics and structure', 'volume': '96', 'year': '2017', 'journal': 'Physical Review B', 'doi': '10.1103/PhysRevB.96.059904', 'author': ['Bailey, Nicholas P. ', ' Schi{\\o}tz, Jakob ', ' Jacobsen, Karsten W.'], 'number': '5'}}]"
652,"['pair_style kim EMT_Asap_MetalGlass_PaduraruKenoufiBailey_2007_CuZr__MO_987541074959_001\n', 'pair_coeff * * Cu Zr\n']",[],OPENKIM,EMT_Asap_MetalGlass_PaduraruKenoufiBailey_2007_CuZr__MO_987541074959_001,"['Cu', 'Zr']","[{'Jacobsen_1996': {'title': 'A semi-empirical effective medium theory for metals and alloys', 'volume': '366', 'year': '1996', 'journal': 'Surface Science', 'doi': '10.1016/0039-6028(96)00816-3', 'author': ['K. W. Jacobsen ', ' P. Stoltze ', ' J. K. N{\\o}rskov']}}, {'A._2007': {'title': 'An Interatomic Potential for Studying {CuZr} Bulk Metallic Glasses', 'volume': '9', 'year': '2007', 'journal': 'Advanced Engineering Materials', 'doi': '10.1002/adem.200700047', 'author': ['P{\\v a}duraru A. ', ' Kenoufi A. ', ' Bailey N. P. ', ' Schi{\\o}tz J.']}}]"
653,"['pair_style kim EMT_Asap_Standard_JacobsenStoltzeNorskov_1996_Ag__MO_303974873468_001\n', 'pair_coeff * * Ag\n']",[],OPENKIM,EMT_Asap_Standard_JacobsenStoltzeNorskov_1996_Ag__MO_303974873468_001,['Ag'],"[{'Jacobsen_1996': {'title': 'A semi-empirical effective medium theory for metals and alloys', 'volume': '366', 'year': '1996', 'journal': 'Surface Science', 'doi': '10.1016/0039-6028(96)00816-3', 'author': ['K. W. Jacobsen ', ' P. Stoltze ', ' J. K. N{\\o}rskov']}}]"
654,"['pair_style kim EMT_Asap_Standard_JacobsenStoltzeNorskov_1996_AlAgAuCuNiPdPt__MO_115316750986_001\n', 'pair_coeff * * Al Ag Au Cu Ni Pd Pt\n']",[],OPENKIM,EMT_Asap_Standard_JacobsenStoltzeNorskov_1996_AlAgAuCuNiPdPt__MO_115316750986_001,"['Al', 'Ag', 'Au', 'Cu', 'Ni', 'Pd', 'Pt']","[{'Jacobsen_1996': {'title': 'A semi-empirical effective medium theory for metals and alloys', 'volume': '366', 'year': '1996', 'journal': 'Surface Science', 'doi': '10.1016/0039-6028(96)00816-3', 'author': ['K. W. Jacobsen ', ' P. Stoltze ', ' J. K. N{\\o}rskov']}}]"
655,"['pair_style kim EMT_Asap_Standard_JacobsenStoltzeNorskov_1996_Al__MO_623376124862_001\n', 'pair_coeff * * Al\n']",[],OPENKIM,EMT_Asap_Standard_JacobsenStoltzeNorskov_1996_Al__MO_623376124862_001,['Al'],"[{'Jacobsen_1996': {'title': 'A semi-empirical effective medium theory for metals and alloys', 'volume': '366', 'year': '1996', 'journal': 'Surface Science', 'doi': '10.1016/0039-6028(96)00816-3', 'author': ['K. W. Jacobsen ', ' P. Stoltze ', ' J. K. N{\\o}rskov']}}]"
656,"['pair_style kim EMT_Asap_Standard_JacobsenStoltzeNorskov_1996_Au__MO_017524376569_001\n', 'pair_coeff * * Au\n']",[],OPENKIM,EMT_Asap_Standard_JacobsenStoltzeNorskov_1996_Au__MO_017524376569_001,['Au'],"[{'Jacobsen_1996': {'title': 'A semi-empirical effective medium theory for metals and alloys', 'volume': '366', 'year': '1996', 'journal': 'Surface Science', 'doi': '10.1016/0039-6028(96)00816-3', 'author': ['K. W. Jacobsen ', ' P. Stoltze ', ' J. K. N{\\o}rskov']}}]"
657,"['pair_style kim EMT_Asap_Standard_JacobsenStoltzeNorskov_1996_Cu__MO_396616545191_001\n', 'pair_coeff * * Cu\n']",[],OPENKIM,EMT_Asap_Standard_JacobsenStoltzeNorskov_1996_Cu__MO_396616545191_001,['Cu'],"[{'Jacobsen_1996': {'title': 'A semi-empirical effective medium theory for metals and alloys', 'volume': '366', 'year': '1996', 'journal': 'Surface Science', 'doi': '10.1016/0039-6028(96)00816-3', 'author': ['K. W. Jacobsen ', ' P. Stoltze ', ' J. K. N{\\o}rskov']}}]"
658,"['pair_style kim EMT_Asap_Standard_JacobsenStoltzeNorskov_1996_Ni__MO_108408461881_001\n', 'pair_coeff * * Ni\n']",[],OPENKIM,EMT_Asap_Standard_JacobsenStoltzeNorskov_1996_Ni__MO_108408461881_001,['Ni'],"[{'Jacobsen_1996': {'title': 'A semi-empirical effective medium theory for metals and alloys', 'volume': '366', 'year': '1996', 'journal': 'Surface Science', 'doi': '10.1016/0039-6028(96)00816-3', 'author': ['K. W. Jacobsen ', ' P. Stoltze ', ' J. K. N{\\o}rskov']}}]"
659,"['pair_style kim EMT_Asap_Standard_JacobsenStoltzeNorskov_1996_Pd__MO_066802556726_001\n', 'pair_coeff * * Pd\n']",[],OPENKIM,EMT_Asap_Standard_JacobsenStoltzeNorskov_1996_Pd__MO_066802556726_001,['Pd'],"[{'Jacobsen_1996': {'title': 'A semi-empirical effective medium theory for metals and alloys', 'volume': '366', 'year': '1996', 'journal': 'Surface Science', 'doi': '10.1016/0039-6028(96)00816-3', 'author': ['K. W. Jacobsen ', ' P. Stoltze ', ' J. K. N{\\o}rskov']}}]"
660,"['pair_style kim EMT_Asap_Standard_JacobsenStoltzeNorskov_1996_Pt__MO_637493005914_001\n', 'pair_coeff * * Pt\n']",[],OPENKIM,EMT_Asap_Standard_JacobsenStoltzeNorskov_1996_Pt__MO_637493005914_001,['Pt'],"[{'Jacobsen_1996': {'title': 'A semi-empirical effective medium theory for metals and alloys', 'volume': '366', 'year': '1996', 'journal': 'Surface Science', 'doi': '10.1016/0039-6028(96)00816-3', 'author': ['K. W. Jacobsen ', ' P. Stoltze ', ' J. K. N{\\o}rskov']}}]"
661,"['pair_style kim Exp6_KongChakrabarty_1973_ArNe__MO_946046425752_002\n', 'pair_coeff * * Ar Ne\n']",[],OPENKIM,Exp6_KongChakrabarty_1973_ArNe__MO_946046425752_002,"['Ar', 'Ne']","[{'Hogervorst_1971': {'title': 'Transport and equilibrium properties of simple gases and forces between like and unlike atoms', 'volume': '51', 'year': '1971', 'journal': 'Physica', 'doi': '10.1016/0031-8914(71)90138-8', 'author': ['W. Hogervorst']}}, {'Lyoul_1973': {'title': 'Combining rules for intermolecular potential parameters. {III}. {A}pplication to the exp 6 potential', 'volume': '77', 'year': '1973', 'journal': 'The Journal of Physical Chemistry', 'doi': '10.1021/j100640a019', 'author': ['Kong, Chang Lyoul ', ' Chakrabarty, Manoj R.']}}]"
662,[],[],OPENKIM,LJ_ElliottAkerson_2015_Universal__MO_959249795837_003,[],"[{'Jones_1924': {'title': 'On the Determination of Molecular Fields. {I}. {F}rom the Variation of the Viscosity of a Gas with Temperature', 'volume': '106', 'year': '1924', 'journal': 'Proceedings of the Royal Society of London A: Mathematical, Physical and Engineering Sciences', 'doi': '10.1098/rspa.1924.0081', 'author': ['J. E. Jones']}}, {'Jones_1924': {'title': 'On the Determination of Molecular Fields. {II}. {F}rom the Equation of State of a Gas', 'volume': '106', 'year': '1924', 'journal': 'Proceedings of the Royal Society of London A: Mathematical, Physical and Engineering Sciences', 'doi': '10.1098/rspa.1924.0082', 'author': ['J. E. Jones']}}, {'Lennard-Jones_1925': {'title': 'On the Forces between Atoms and Ions', 'volume': '109', 'year': '1925', 'journal': 'Proceedings of the Royal Society of London A: Mathematical, Physical and Engineering Sciences', 'doi': '10.1098/rspa.1925.0147', 'author': ['J. E. Lennard-Jones']}}]"
663,"['pair_style kim LJ_Shifted_Bernardes_1958HighCutoff_Ar__MO_242741380554_004\n', 'pair_coeff * * Ar\n']",[],OPENKIM,LJ_Shifted_Bernardes_1958HighCutoff_Ar__MO_242741380554_004,['Ar'],"[{'Bernardes_1958': {'title': 'Theory of Solid {N}e, {A}, {K}r, and {X}e at 0{K}', 'volume': '112', 'year': '1958', 'journal': 'Physical Review', 'doi': '10.1103/PhysRev.112.1534', 'author': ['Newton Bernardes'], 'number': '5'}}]"
664,"['pair_style kim LJ_Shifted_Bernardes_1958HighCutoff_Kr__MO_923895531627_004\n', 'pair_coeff * * Kr\n']",[],OPENKIM,LJ_Shifted_Bernardes_1958HighCutoff_Kr__MO_923895531627_004,['Kr'],"[{'Bernardes_1958': {'title': 'Theory of Solid {N}e, {A}, {K}r, and {X}e at 0{K}', 'volume': '112', 'year': '1958', 'journal': 'Physical Review', 'doi': '10.1103/PhysRev.112.1534', 'author': ['Newton Bernardes'], 'number': '5'}}]"
665,"['pair_style kim LJ_Shifted_Bernardes_1958HighCutoff_Ne__MO_966254629593_004\n', 'pair_coeff * * Ne\n']",[],OPENKIM,LJ_Shifted_Bernardes_1958HighCutoff_Ne__MO_966254629593_004,['Ne'],"[{'Bernardes_1958': {'title': 'Theory of Solid {N}e, {A}, {K}r, and {X}e at 0{K}', 'volume': '112', 'year': '1958', 'journal': 'Physical Review', 'doi': '10.1103/PhysRev.112.1534', 'author': ['Newton Bernardes'], 'number': '5'}}]"
666,"['pair_style kim LJ_Shifted_Bernardes_1958HighCutoff_Xe__MO_796748253903_004\n', 'pair_coeff * * Xe\n']",[],OPENKIM,LJ_Shifted_Bernardes_1958HighCutoff_Xe__MO_796748253903_004,['Xe'],"[{'Bernardes_1958': {'title': 'Theory of Solid {N}e, {A}, {K}r, and {X}e at 0{K}', 'volume': '112', 'year': '1958', 'journal': 'Physical Review', 'doi': '10.1103/PhysRev.112.1534', 'author': ['Newton Bernardes'], 'number': '5'}}]"
667,"['pair_style kim LJ_Shifted_Bernardes_1958LowCutoff_Ar__MO_720819638419_004\n', 'pair_coeff * * Ar\n']",[],OPENKIM,LJ_Shifted_Bernardes_1958LowCutoff_Ar__MO_720819638419_004,['Ar'],"[{'Bernardes_1958': {'title': 'Theory of Solid {N}e, {A}, {K}r, and {X}e at 0{K}', 'volume': '112', 'year': '1958', 'journal': 'Physical Review', 'doi': '10.1103/PhysRev.112.1534', 'author': ['Newton Bernardes'], 'number': '5'}}]"
668,"['pair_style kim LJ_Shifted_Bernardes_1958LowCutoff_Kr__MO_995724792024_004\n', 'pair_coeff * * Kr\n']",[],OPENKIM,LJ_Shifted_Bernardes_1958LowCutoff_Kr__MO_995724792024_004,['Kr'],"[{'Bernardes_1958': {'title': 'Theory of Solid {N}e, {A}, {K}r, and {X}e at 0{K}', 'volume': '112', 'year': '1958', 'journal': 'Physical Review', 'doi': '10.1103/PhysRev.112.1534', 'author': ['Newton Bernardes'], 'number': '5'}}]"
669,"['pair_style kim LJ_Shifted_Bernardes_1958LowCutoff_Ne__MO_466741694288_004\n', 'pair_coeff * * Ne\n']",[],OPENKIM,LJ_Shifted_Bernardes_1958LowCutoff_Ne__MO_466741694288_004,['Ne'],"[{'Bernardes_1958': {'title': 'Theory of Solid {N}e, {A}, {K}r, and {X}e at 0{K}', 'volume': '112', 'year': '1958', 'journal': 'Physical Review', 'doi': '10.1103/PhysRev.112.1534', 'author': ['Newton Bernardes'], 'number': '5'}}]"
670,"['pair_style kim LJ_Shifted_Bernardes_1958LowCutoff_Xe__MO_648694198005_004\n', 'pair_coeff * * Xe\n']",[],OPENKIM,LJ_Shifted_Bernardes_1958LowCutoff_Xe__MO_648694198005_004,['Xe'],"[{'Bernardes_1958': {'title': 'Theory of Solid {N}e, {A}, {K}r, and {X}e at 0{K}', 'volume': '112', 'year': '1958', 'journal': 'Physical Review', 'doi': '10.1103/PhysRev.112.1534', 'author': ['Newton Bernardes'], 'number': '5'}}]"
671,"['pair_style kim LJ_Shifted_Bernardes_1958MedCutoff_Ar__MO_126566794224_004\n', 'pair_coeff * * Ar\n']",[],OPENKIM,LJ_Shifted_Bernardes_1958MedCutoff_Ar__MO_126566794224_004,['Ar'],"[{'Bernardes_1958': {'title': 'Theory of Solid {N}e, {A}, {K}r, and {X}e at 0{K}', 'volume': '112', 'year': '1958', 'journal': 'Physical Review', 'doi': '10.1103/PhysRev.112.1534', 'author': ['Newton Bernardes'], 'number': '5'}}]"
672,"['pair_style kim LJ_Shifted_Bernardes_1958MedCutoff_Kr__MO_984281096460_004\n', 'pair_coeff * * Kr\n']",[],OPENKIM,LJ_Shifted_Bernardes_1958MedCutoff_Kr__MO_984281096460_004,['Kr'],"[{'Bernardes_1958': {'title': 'Theory of Solid {N}e, {A}, {K}r, and {X}e at 0{K}', 'volume': '112', 'year': '1958', 'journal': 'Physical Review', 'doi': '10.1103/PhysRev.112.1534', 'author': ['Newton Bernardes'], 'number': '5'}}]"
673,"['pair_style kim LJ_Shifted_Bernardes_1958MedCutoff_Ne__MO_160637895352_004\n', 'pair_coeff * * Ne\n']",[],OPENKIM,LJ_Shifted_Bernardes_1958MedCutoff_Ne__MO_160637895352_004,['Ne'],"[{'Bernardes_1958': {'title': 'Theory of Solid {N}e, {A}, {K}r, and {X}e at 0{K}', 'volume': '112', 'year': '1958', 'journal': 'Physical Review', 'doi': '10.1103/PhysRev.112.1534', 'author': ['Newton Bernardes'], 'number': '5'}}]"
674,"['pair_style kim LJ_Shifted_Bernardes_1958MedCutoff_Xe__MO_849320763277_004\n', 'pair_coeff * * Xe\n']",[],OPENKIM,LJ_Shifted_Bernardes_1958MedCutoff_Xe__MO_849320763277_004,['Xe'],"[{'Bernardes_1958': {'title': 'Theory of Solid {N}e, {A}, {K}r, and {X}e at 0{K}', 'volume': '112', 'year': '1958', 'journal': 'Physical Review', 'doi': '10.1103/PhysRev.112.1534', 'author': ['Newton Bernardes'], 'number': '5'}}]"
675,"['pair_style kim LJ_Smoothed_Bernardes_1958_Ar__MO_764178710049_001\n', 'pair_coeff * * Ar\n']",[],OPENKIM,LJ_Smoothed_Bernardes_1958_Ar__MO_764178710049_001,['Ar'],"[{'Newton_1958': {'title': 'Theory of Solid {Ne}, {Ar}, {Kr}, and {Xe} at 0${}^\\circ$K', 'volume': '112', 'year': '1958', 'journal': 'Physical Review', 'doi': '10.1103/PhysRev.112.1534', 'author': ['Bernardes, Newton'], 'number': '5'}}]"
676,"['pair_style kim LJ_Truncated_Nguyen_2005_Ar__MO_398194508715_001\n', 'pair_coeff * * Ar\n']",[],OPENKIM,LJ_Truncated_Nguyen_2005_Ar__MO_398194508715_001,['Ar'],"[{'X._2005': {'title': 'Prediction of High-Pressure Adsorption Equilibrium of Supercritical Gases Using Density Functional Theory', 'volume': '21', 'year': '2005', 'journal': 'Langmuir', 'doi': '10.1021/la047545h', 'author': ['Nguyen, Thanh X. ', ' Bhatia, Suresh K. ', ' Nicholson, David']}}]"
677,[],[],OPENKIM,LennardJones612_UniversalShifted__MO_959249795837_003,[],[]
678,"['pair_style kim LennardJones_Ar\n', 'pair_coeff * * Ar\n']",[],OPENKIM,LennardJones_Ar,['Ar'],[]
679,"['pair_style kim MEAM_LAMMPS_AgrawalMirzaeifar_2021_CuC__MO_028979335952_000\n', 'pair_coeff * * Cu C\n']",[],OPENKIM,MEAM_LAMMPS_AgrawalMirzaeifar_2021_CuC__MO_028979335952_000,"['Cu', 'C']","[{'A._2021': {'title': 'Copper-graphene composites; developing the {MEAM} potential and investigating their mechanical properties', 'volume': '188', 'year': '2021', 'journal': 'Computational Materials Science', 'doi': '10.1016/j.commatsci.2020.110204', 'author': ['Agrawal, A. ', ' Mirzaeifar, R.']}}]"
680,"['pair_style kim MEAM_LAMMPS_AlmyrasSangiovanniSarakinos_2019_NAlTi__MO_958395190627_000\n', 'pair_coeff * * N Al Ti\n']",[],OPENKIM,MEAM_LAMMPS_AlmyrasSangiovanniSarakinos_2019_NAlTi__MO_958395190627_000,"['N', 'Al', 'Ti']","[{'A._2019': {'title': 'Semi-Empirical Force-Field Model for the Ti1−xAlxN (0 ≤ x ≤ 1) System', 'volume': '12', 'year': '2019', 'journal': 'Materials', 'doi': '10.3390/ma12020215', 'author': ['Almyras, G. A. ', ' Sangiovanni, D. G. ', ' Sarakinos, K.']}}]"
681,"['pair_style kim MEAM_LAMMPS_AsadiZaeemNouranian_2015_Cu__MO_390178379548_000\n', 'pair_coeff * * Cu\n']",[],OPENKIM,MEAM_LAMMPS_AsadiZaeemNouranian_2015_Cu__MO_390178379548_000,['Cu'],"[{'E._2015': {'title': 'Two-phase solid–liquid coexistence of {N}i, {C}u, and {A}l by molecular dynamics simulations using the modified embedded-atom method', 'volume': '86', 'year': '2015', 'journal': 'Acta Materialia', 'doi': '10.1016/j.actamat.2014.12.010', 'author': ['Asadi, E. ', ' Zaeem, M. A. ', ' Nouranian, S. ', ' Baskes, M. I.']}}]"
682,"['pair_style kim MEAM_LAMMPS_AsadiZaeemNouranian_2015_Fe__MO_492310898779_000\n', 'pair_coeff * * Fe\n']",[],OPENKIM,MEAM_LAMMPS_AsadiZaeemNouranian_2015_Fe__MO_492310898779_000,['Fe'],"[{'E._2015': {'title': 'Quantitative modeling of the equilibration of two-phase solid-liquid {F}e by atomistic simulations on diffusive time scales', 'volume': '91', 'year': '2015', 'journal': 'Phys. Rev. B', 'doi': '10.1103/PhysRevB.91.024105', 'author': ['Asadi, E. ', ' Zaeem, M. A. ', ' Nouranian, S. ', ' Baskes, M. I.']}}]"
683,"['pair_style kim MEAM_LAMMPS_AsadiZaeemNouranian_2015_Ni__MO_700541006254_000\n', 'pair_coeff * * Ni\n']",[],OPENKIM,MEAM_LAMMPS_AsadiZaeemNouranian_2015_Ni__MO_700541006254_000,['Ni'],"[{'E._2015': {'title': 'Two-phase solid–liquid coexistence of {N}i, {C}u, and {A}l by molecular dynamics simulations using the modified embedded-atom method', 'volume': '86', 'year': '2015', 'journal': 'Acta Materialia', 'doi': '10.1016/j.actamat.2014.12.010', 'author': ['Asadi, E. ', ' Zaeem, M. A. ', ' Nouranian, S. ', ' Baskes, M. I.']}}]"
684,"['pair_style kim MEAM_LAMMPS_ChoiJoSohn_2018_CoNiCrFeMn__MO_115454747503_000\n', 'pair_coeff * * Co Ni Cr Fe Mn\n']",[],OPENKIM,MEAM_LAMMPS_ChoiJoSohn_2018_CoNiCrFeMn__MO_115454747503_000,"['Co', 'Ni', 'Cr', 'Fe', 'Mn']","[{'Won-Mi_2018': {'title': 'Understanding the physical metallurgy of the {CoCrFeMnNi} high-entropy alloy: an atomistic simulation study', 'volume': '4', 'year': '2018', 'journal': 'npj Computational Materials', 'doi': '10.1038/s41524-017-0060-9', 'author': ['Choi, Won-Mi ', ' Jo, Yong Hee ', ' Sohn, Seok Su ', ' Lee, Sunghak ', ' Lee, Byeong-Joo']}}]"
685,"['pair_style kim MEAM_LAMMPS_ChoiKimSeol_2017_CoCr__MO_410167849923_000\n', 'pair_coeff * * Co Cr\n']",[],OPENKIM,MEAM_LAMMPS_ChoiKimSeol_2017_CoCr__MO_410167849923_000,"['Co', 'Cr']","[{'Won-Mi_2017': {'title': 'Modified embedded-atom method interatomic potentials for the {C}o-{C}r, {C}o-{F}e, {C}o-{M}n, {C}r-{M}n and {M}n-{N}i binary systems', 'volume': '130', 'year': '2017', 'journal': 'Computational Materials Science', 'doi': '10.1016/j.commatsci.2017.01.002', 'author': ['Choi, Won-Mi ', ' Kim, Yongmin ', ' Seol, Donghyuk ', ' Lee, Byeong-Joo']}}]"
686,"['pair_style kim MEAM_LAMMPS_ChoiKimSeol_2017_CoFe__MO_179158257180_000\n', 'pair_coeff * * Co Fe\n']",[],OPENKIM,MEAM_LAMMPS_ChoiKimSeol_2017_CoFe__MO_179158257180_000,"['Co', 'Fe']","[{'Won-Mi_2017': {'title': 'Modified embedded-atom method interatomic potentials for the {C}o-{C}r, {C}o-{F}e, {C}o-{M}n, {C}r-{M}n and {M}n-{N}i binary systems', 'volume': '130', 'year': '2017', 'journal': 'Computational Materials Science', 'doi': '10.1016/j.commatsci.2017.01.002', 'author': ['Choi, Won-Mi ', ' Kim, Yongmin ', ' Seol, Donghyuk ', ' Lee, Byeong-Joo']}}]"
687,"['pair_style kim MEAM_LAMMPS_ChoiKimSeol_2017_CoMn__MO_808662295149_000\n', 'pair_coeff * * Co Mn\n']",[],OPENKIM,MEAM_LAMMPS_ChoiKimSeol_2017_CoMn__MO_808662295149_000,"['Co', 'Mn']","[{'Won-Mi_2017': {'title': 'Modified embedded-atom method interatomic potentials for the {C}o-{C}r, {C}o-{F}e, {C}o-{M}n, {C}r-{M}n and {M}n-{N}i binary systems', 'volume': '130', 'year': '2017', 'journal': 'Computational Materials Science', 'doi': '10.1016/j.commatsci.2017.01.002', 'author': ['Choi, Won-Mi ', ' Kim, Yongmin ', ' Seol, Donghyuk ', ' Lee, Byeong-Joo']}}]"
688,"['pair_style kim MEAM_LAMMPS_ChoiKimSeol_2017_CrMn__MO_671124822359_000\n', 'pair_coeff * * Cr Mn\n']",[],OPENKIM,MEAM_LAMMPS_ChoiKimSeol_2017_CrMn__MO_671124822359_000,"['Cr', 'Mn']","[{'Won-Mi_2017': {'title': 'Modified embedded-atom method interatomic potentials for the {C}o-{C}r, {C}o-{F}e, {C}o-{M}n, {C}r-{M}n and {M}n-{N}i binary systems', 'volume': '130', 'year': '2017', 'journal': 'Computational Materials Science', 'doi': '10.1016/j.commatsci.2017.01.002', 'author': ['Choi, Won-Mi ', ' Kim, Yongmin ', ' Seol, Donghyuk ', ' Lee, Byeong-Joo']}}]"
689,"['pair_style kim MEAM_LAMMPS_ChoiKimSeol_2017_NiMn__MO_348689608050_000\n', 'pair_coeff * * Ni Mn\n']",[],OPENKIM,MEAM_LAMMPS_ChoiKimSeol_2017_NiMn__MO_348689608050_000,"['Ni', 'Mn']","[{'Won-Mi_2017': {'title': 'Modified embedded-atom method interatomic potentials for the {C}o-{C}r, {C}o-{F}e, {C}o-{M}n, {C}r-{M}n and {M}n-{N}i binary systems', 'volume': '130', 'year': '2017', 'journal': 'Computational Materials Science', 'doi': '10.1016/j.commatsci.2017.01.002', 'author': ['Choi, Won-Mi ', ' Kim, Yongmin ', ' Seol, Donghyuk ', ' Lee, Byeong-Joo']}}]"
690,"['pair_style kim MEAM_LAMMPS_CostaAgrenClavaguera_2007_AlNi__MO_131642768288_000\n', 'pair_coeff * * Al Ni\n']",[],OPENKIM,MEAM_LAMMPS_CostaAgrenClavaguera_2007_AlNi__MO_131642768288_000,"['Al', 'Ni']","[{'Costa_2007': {'title': 'Applications of computational thermodynamics—the extension from phase equilibrium to phase transformations and other properties', 'volume': '31', 'year': '2007', 'journal': 'Calphad', 'doi': '10.1016/j.calphad.2006.02.006', 'author': [""e Silva, Andr{\\'e} Costa "", ' {\\AA}gren, John ', ' Clavaguera-Mora, Maria Teresa ', ' Djurovic, D ', ' Gomez-Acebo, Tomas ', ' Lee, Byeong-Joo ', ' Liu, Zi-Kui ', ' Miodownik, Peter ', ' Seifert, Hans Juergen']}}]"
691,"['pair_style kim MEAM_LAMMPS_CuiGaoCui_2012_LiSi__MO_557492625287_000\n', 'pair_coeff * * Li Si\n']",[],OPENKIM,MEAM_LAMMPS_CuiGaoCui_2012_LiSi__MO_557492625287_000,"['Li', 'Si']","[{'Z._2012': {'title': 'A second nearest-neighbor embedded atom method interatomic potential for {Li}-{Si} alloys', 'volume': '207', 'year': '2012', 'journal': 'Journal of Power Sources', 'doi': '10.1016/j.jpowsour.2012.01.145', 'author': ['Cui, Z. ', ' Gao, F. ', ' Cui, Z. ', ' Qu, J.']}}]"
692,"['pair_style kim MEAM_LAMMPS_DoShinLee_2009_GaInN__MO_815057898706_000\n', 'pair_coeff * * Ga In N\n']",[],OPENKIM,MEAM_LAMMPS_DoShinLee_2009_GaInN__MO_815057898706_000,"['Ga', 'In', 'N']","[{'Cheol_2009': {'title': 'Atomistic modeling of III--V nitrides: modified embedded-atom method interatomic potentials for {G}a{N}, {I}n{N} and {G}a1- x{I}nx{N}', 'volume': '21', 'year': '2009', 'journal': 'Journal of Physics: Condensed Matter', 'doi': '10.1088/0953-8984/21/32/325801', 'author': ['Do, Eun Cheol ', ' Shin, Young-Han ', ' Lee, Byeong-Joo']}}]"
693,"['pair_style kim MEAM_LAMMPS_DongKimKo_2012_CoAl__MO_099716416216_000\n', 'pair_coeff * * Co Al\n']",[],OPENKIM,MEAM_LAMMPS_DongKimKo_2012_CoAl__MO_099716416216_000,"['Co', 'Al']","[{'Wei-Ping_2012': {'title': 'Atomistic modeling of pure {C}o and {C}o--{A}l system', 'volume': '38', 'year': '2012', 'journal': 'Calphad', 'doi': '10.1016/j.calphad.2012.04.001', 'author': ['Dong, Wei-Ping ', ' Kim, Hyun-Kyu ', ' Ko, Won-Seok ', ' Lee, Byeong-Moon ', ' Lee, Byeong-Joo']}}]"
694,"['pair_style kim MEAM_LAMMPS_DuLenoskyHennig_2011_Si__MO_883726743759_000\n', 'pair_coeff * * Si\n']",[],OPENKIM,MEAM_LAMMPS_DuLenoskyHennig_2011_Si__MO_883726743759_000,['Si'],"[{'A._2011': {'title': 'Energy landscape of silicon tetra-interstitials using an optimized classical potential', 'volume': '248', 'year': '2011', 'journal': 'physica status solidi (b)', 'doi': '10.1002/pssb.201147137', 'author': ['Du, Yaojun A. ', ' Lenosky, Thomas J. ', ' Hennig, Richard G. ', ' Goedecker, Stefan ', ' Wilkins, John W.']}}]"
695,"['pair_style kim MEAM_LAMMPS_EtesamiAsadi_2018_Cu__MO_227887284491_000\n', 'pair_coeff * * Cu\n']",[],OPENKIM,MEAM_LAMMPS_EtesamiAsadi_2018_Cu__MO_227887284491_000,['Cu'],"[{'A._2018': {'title': 'Molecular dynamics for near melting temperatures simulations of metals using modified embedded-atom method', 'volume': '112', 'year': '2018', 'journal': 'Journal of Physics and Chemistry of Solids', 'doi': '10.1016/j.jpcs.2017.09.001', 'author': ['Etesami, S. A. ', ' Asadi, E.']}}]"
696,"['pair_style kim MEAM_LAMMPS_EtesamiAsadi_2018_Fe__MO_549900287421_000\n', 'pair_coeff * * Fe\n']",[],OPENKIM,MEAM_LAMMPS_EtesamiAsadi_2018_Fe__MO_549900287421_000,['Fe'],"[{'A._2018': {'title': 'Molecular dynamics for near melting temperatures simulations of metals using modified embedded-atom method', 'volume': '112', 'year': '2018', 'journal': 'Journal of Physics and Chemistry of Solids', 'doi': '10.1016/j.jpcs.2017.09.001', 'author': ['Etesami, S. A. ', ' Asadi, E.']}}]"
697,"['pair_style kim MEAM_LAMMPS_EtesamiAsadi_2018_Ni__MO_937008984446_000\n', 'pair_coeff * * Ni\n']",[],OPENKIM,MEAM_LAMMPS_EtesamiAsadi_2018_Ni__MO_937008984446_000,['Ni'],"[{'A._2018': {'title': 'Molecular dynamics for near melting temperatures simulations of metals using modified embedded-atom method', 'volume': '112', 'year': '2018', 'journal': 'Journal of Physics and Chemistry of Solids', 'doi': '10.1016/j.jpcs.2017.09.001', 'author': ['Etesami, S. A. ', ' Asadi, E.']}}]"
698,"['pair_style kim MEAM_LAMMPS_EtesamiBaskesLaradji_2018_PbSn__MO_162736908871_000\n', 'pair_coeff * * Pb Sn\n']",[],OPENKIM,MEAM_LAMMPS_EtesamiBaskesLaradji_2018_PbSn__MO_162736908871_000,"['Pb', 'Sn']","[{'A._2018': {'title': 'Thermodynamics of solid {S}n and {P}b{S}n liquid mixtures using molecular dynamics simulations', 'volume': '161', 'year': '2018', 'journal': 'Acta Materialia', 'doi': '10.1016/j.actamat.2018.09.036', 'author': ['Etesami, S. A. ', ' Baskes, M. I. ', ' Laradji, M. ', ' Asadi, E.']}}]"
699,"['pair_style kim MEAM_LAMMPS_FernandezPascuet_2014_U__MO_399431830125_000\n', 'pair_coeff * * U\n']",[],OPENKIM,MEAM_LAMMPS_FernandezPascuet_2014_U__MO_399431830125_000,['U'],"[{'R._2014': {'title': 'On the accurate description of uranium metallic phases: a {MEAM} interatomic potential approach', 'volume': '22', 'year': '2014', 'journal': 'Modelling and Simulation in Materials Science and Engineering', 'doi': '10.1088/0965-0393/22/5/055019', 'author': [""Fern{\\\\'{a}}ndez, J. R. "", ' Pascuet, M. I.']}}]"
700,"['pair_style kim MEAM_LAMMPS_GaoOteroAouadi_2013_AgTaO__MO_112077942578_000\n', 'pair_coeff * * Ag Ta O\n']",[],OPENKIM,MEAM_LAMMPS_GaoOteroAouadi_2013_AgTaO__MO_112077942578_000,"['Ag', 'Ta', 'O']","[{'H._2013': {'title': 'An empirical model for silver tantalate', 'volume': '21', 'year': '2013', 'journal': 'Modelling and Simulation in Materials Science and Engineering', 'doi': '10.1088/0965-0393/21/5/055002', 'author': ['Gao, H. ', ' Otero-de-la-Roza, A. ', ' Aouadi, S. M. ', ' Johnson, E. R. ', ' Martini, A.']}}]"
701,"['pair_style kim MEAM_LAMMPS_HennigLenoskyTrinkle_2008_Ti__MO_520569947398_000\n', 'pair_coeff * * Ti\n']",[],OPENKIM,MEAM_LAMMPS_HennigLenoskyTrinkle_2008_Ti__MO_520569947398_000,['Ti'],"[{'G._2008': {'title': 'Classical potential describes martensitic phase transformations between the $\\\\upalpha$, $\\\\upbeta$,  and $\\\\upomega$ titanium phases', 'volume': '78', 'year': '2008', 'journal': 'Phys. Rev. B', 'doi': '10.1103/PhysRevB.78.054121', 'author': ['Hennig, R. G. ', ' Lenosky, T. J. ', ' Trinkle, D. R. ', ' Rudin, S. P. ', ' Wilkins, J. W.']}}]"
702,"['pair_style kim MEAM_LAMMPS_JangKimLee_2018_ZnMg__MO_474962707676_000\n', 'pair_coeff * * Zn Mg\n']",[],OPENKIM,MEAM_LAMMPS_JangKimLee_2018_ZnMg__MO_474962707676_000,"['Zn', 'Mg']","[{'Hyo-Sun_2018': {'title': 'Modified embedded-atom method interatomic potentials for pure {Z}n and {M}g-{Z}n binary system', 'volume': '60', 'year': '2018', 'journal': 'Calphad', 'doi': '10.1016/j.calphad.2018.01.003', 'author': ['Jang, Hyo-Sun ', ' Kim, Kyeong-Min ', ' Lee, Byeong-Joo']}}]"
703,"['pair_style kim MEAM_LAMMPS_JangSeolLee_2019_CaZnMg__MO_708495328010_000\n', 'pair_coeff * * Ca Zn Mg\n']",[],OPENKIM,MEAM_LAMMPS_JangSeolLee_2019_CaZnMg__MO_708495328010_000,"['Ca', 'Zn', 'Mg']","[{'Jang_2019': {'title': 'Modified embedded-atom method interatomic potential for the {M}g–{Z}n–{C}a ternary system', 'volume': '67', 'year': '2019', 'journal': 'Calphad', 'doi': '10.1016/j.calphad.2019.101674', 'author': ['H.-S. Jang ', ' D. Seol ', ' B.-J. Lee']}}]"
704,"['pair_style kim MEAM_LAMMPS_JelinekGrohHorstemeyer_2012_AlSiMgCuFe__MO_262519520678_000\n', 'pair_coeff * * Al Si Mg Cu Fe\n']",[],OPENKIM,MEAM_LAMMPS_JelinekGrohHorstemeyer_2012_AlSiMgCuFe__MO_262519520678_000,"['Al', 'Si', 'Mg', 'Cu', 'Fe']","[{'B._2012': {'title': 'Modified embedded atom method potential for Al, Si, Mg, Cu, and Fe alloys', 'volume': '85', 'year': '2012', 'journal': 'Phys. Rev. B', 'doi': '10.1103/PhysRevB.85.245102', 'author': ['Jelinek, B. ', ' Groh, S. ', ' Horstemeyer, M. F. ', ' Houze, J. ', ' Kim, S. G. ', ' Wagner, G. J. ', ' Moitra, A. ', ' Baskes, M. I.']}}]"
705,"['pair_style kim MEAM_LAMMPS_JeongLee_2020_PdC__MO_068985622065_000\n', 'pair_coeff * * Pd C\n']",[],OPENKIM,MEAM_LAMMPS_JeongLee_2020_PdC__MO_068985622065_000,"['Pd', 'C']","[{'Ga-Un_2020': {'title': 'Interatomic potentials for {P}t-{C} and {P}d-{C} systems and a study of structure-adsorption relationship in large {P}t/graphene system', 'volume': '185', 'year': '2020', 'journal': 'Computational Materials Science', 'doi': '10.1016/j.commatsci.2020.109946', 'author': ['Jeong, Ga-Un ', ' Lee, Byeong-Joo']}}]"
706,"['pair_style kim MEAM_LAMMPS_JeongLee_2020_PtC__MO_716623333967_000\n', 'pair_coeff * * Pt C\n']",[],OPENKIM,MEAM_LAMMPS_JeongLee_2020_PtC__MO_716623333967_000,"['Pt', 'C']","[{'Ga-Un_2020': {'title': 'Interatomic potentials for {P}t-{C} and {P}d-{C} systems and a study of structure-adsorption relationship in large {P}t/graphene system', 'volume': '185', 'year': '2020', 'journal': 'Computational Materials Science', 'doi': '10.1016/j.commatsci.2020.109946', 'author': ['Jeong, Ga-Un ', ' Lee, Byeong-Joo']}}]"
707,"['pair_style kim MEAM_LAMMPS_JeongParkDo_2018_PdAl__MO_616482358807_000\n', 'pair_coeff * * Pd Al\n']",[],OPENKIM,MEAM_LAMMPS_JeongParkDo_2018_PdAl__MO_616482358807_000,"['Pd', 'Al']","[{'Ga-Un_2018': {'title': 'Second nearest-neighbor modified embedded-atom method interatomic potentials for the {P}d-{M} ({M}= {A}l, {C}o, {C}u, {F}e, {M}o, {N}i, {T}i) binary systems', 'volume': '62', 'year': '2018', 'journal': 'Calphad', 'doi': '10.1016/j.calphad.2018.06.006', 'author': ['Jeong, Ga-Un ', ' Park, Chang Seo ', ' Do, Hyeon-Seok ', ' Park, Seul-Mi ', ' Lee, Byeong-Joo']}}]"
708,"['pair_style kim MEAM_LAMMPS_JeongParkDo_2018_PdCo__MO_101997554790_000\n', 'pair_coeff * * Pd Co\n']",[],OPENKIM,MEAM_LAMMPS_JeongParkDo_2018_PdCo__MO_101997554790_000,"['Pd', 'Co']","[{'Ga-Un_2018': {'title': 'Second nearest-neighbor modified embedded-atom method interatomic potentials for the {P}d-{M} ({M}= {A}l, {C}o, {C}u, {F}e, {M}o, {N}i, {T}i) binary systems', 'volume': '62', 'year': '2018', 'journal': 'Calphad', 'doi': '10.1016/j.calphad.2018.06.006', 'author': ['Jeong, Ga-Un ', ' Park, Chang Seo ', ' Do, Hyeon-Seok ', ' Park, Seul-Mi ', ' Lee, Byeong-Joo']}}]"
709,"['pair_style kim MEAM_LAMMPS_JeongParkDo_2018_PdCu__MO_353393547686_000\n', 'pair_coeff * * Pd Cu\n']",[],OPENKIM,MEAM_LAMMPS_JeongParkDo_2018_PdCu__MO_353393547686_000,"['Pd', 'Cu']","[{'Ga-Un_2018': {'title': 'Second nearest-neighbor modified embedded-atom method interatomic potentials for the {P}d-{M} ({M}= {A}l, {C}o, {C}u, {F}e, {M}o, {N}i, {T}i) binary systems', 'volume': '62', 'year': '2018', 'journal': 'Calphad', 'doi': '10.1016/j.calphad.2018.06.006', 'author': ['Jeong, Ga-Un ', ' Park, Chang Seo ', ' Do, Hyeon-Seok ', ' Park, Seul-Mi ', ' Lee, Byeong-Joo']}}]"
710,"['pair_style kim MEAM_LAMMPS_JeongParkDo_2018_PdFe__MO_924736622203_000\n', 'pair_coeff * * Pd Fe\n']",[],OPENKIM,MEAM_LAMMPS_JeongParkDo_2018_PdFe__MO_924736622203_000,"['Pd', 'Fe']","[{'Ga-Un_2018': {'title': 'Second nearest-neighbor modified embedded-atom method interatomic potentials for the {P}d-{M} ({M}= {A}l, {C}o, {C}u, {F}e, {M}o, {N}i, {T}i) binary systems', 'volume': '62', 'year': '2018', 'journal': 'Calphad', 'doi': '10.1016/j.calphad.2018.06.006', 'author': ['Jeong, Ga-Un ', ' Park, Chang Seo ', ' Do, Hyeon-Seok ', ' Park, Seul-Mi ', ' Lee, Byeong-Joo']}}]"
711,"['pair_style kim MEAM_LAMMPS_JeongParkDo_2018_PdMo__MO_356501945107_000\n', 'pair_coeff * * Pd Mo\n']",[],OPENKIM,MEAM_LAMMPS_JeongParkDo_2018_PdMo__MO_356501945107_000,"['Pd', 'Mo']","[{'Ga-Un_2018': {'title': 'Second nearest-neighbor modified embedded-atom method interatomic potentials for the {P}d-{M} ({M}= {A}l, {C}o, {C}u, {F}e, {M}o, {N}i, {T}i) binary systems', 'volume': '62', 'year': '2018', 'journal': 'Calphad', 'doi': '10.1016/j.calphad.2018.06.006', 'author': ['Jeong, Ga-Un ', ' Park, Chang Seo ', ' Do, Hyeon-Seok ', ' Park, Seul-Mi ', ' Lee, Byeong-Joo']}}]"
712,"['pair_style kim MEAM_LAMMPS_JeongParkDo_2018_PdNi__MO_008996216289_000\n', 'pair_coeff * * Pd Ni\n']",[],OPENKIM,MEAM_LAMMPS_JeongParkDo_2018_PdNi__MO_008996216289_000,"['Pd', 'Ni']","[{'Ga-Un_2018': {'title': 'Second nearest-neighbor modified embedded-atom method interatomic potentials for the {P}d-{M} ({M}= {A}l, {C}o, {C}u, {F}e, {M}o, {N}i, {T}i) binary systems', 'volume': '62', 'year': '2018', 'journal': 'Calphad', 'doi': '10.1016/j.calphad.2018.06.006', 'author': ['Jeong, Ga-Un ', ' Park, Chang Seo ', ' Do, Hyeon-Seok ', ' Park, Seul-Mi ', ' Lee, Byeong-Joo']}}]"
713,"['pair_style kim MEAM_LAMMPS_JeongParkDo_2018_PdTi__MO_086900950763_000\n', 'pair_coeff * * Pd Ti\n']",[],OPENKIM,MEAM_LAMMPS_JeongParkDo_2018_PdTi__MO_086900950763_000,"['Pd', 'Ti']","[{'Ga-Un_2018': {'title': 'Second nearest-neighbor modified embedded-atom method interatomic potentials for the {P}d-{M} ({M}= {A}l, {C}o, {C}u, {F}e, {M}o, {N}i, {T}i) binary systems', 'volume': '62', 'year': '2018', 'journal': 'Calphad', 'doi': '10.1016/j.calphad.2018.06.006', 'author': ['Jeong, Ga-Un ', ' Park, Chang Seo ', ' Do, Hyeon-Seok ', ' Park, Seul-Mi ', ' Lee, Byeong-Joo']}}]"
714,"['pair_style kim MEAM_LAMMPS_KangEunJun_2014_SiC__MO_477506997611_000\n', 'pair_coeff * * Si C\n']",[],OPENKIM,MEAM_LAMMPS_KangEunJun_2014_SiC__MO_477506997611_000,"['Si', 'C']","[{'Kyung-Han_2014': {'title': 'Governing factors for the formation of 4{H} or 6{H}--{S}i{C} polytype during {S}i{C} crystal growth: {A}n atomistic computational approach', 'volume': '389', 'year': '2014', 'journal': 'Journal of crystal growth', 'doi': '10.1016/j.jcrysgro.2013.12.007', 'author': ['Kang, Kyung-Han ', ' Eun, Taihee ', ' Jun, Myong-Chul ', ' Lee, Byeong-Joo']}}]"
715,"['pair_style kim MEAM_LAMMPS_KangSaLee_2009_ZrAgCu__MO_813575892799_000\n', 'pair_coeff * * Zr Ag Cu\n']",[],OPENKIM,MEAM_LAMMPS_KangSaLee_2009_ZrAgCu__MO_813575892799_000,"['Zr', 'Ag', 'Cu']","[{'K-H_2009': {'title': 'Atomistic modeling of the {C}u--{Z}r--{A}g bulk metallic glass system', 'volume': '61', 'year': '2009', 'journal': 'Scripta Materialia', 'doi': '10.1016/j.scriptamat.2009.07.002', 'author': ['Kang, K-H ', ' Sa, I ', ' Lee, J-C ', ' Fleury, E ', ' Lee, B-J']}}]"
716,"['pair_style kim MEAM_LAMMPS_KimJeonLee_2015_MgCa__MO_611309973581_000\n', 'pair_coeff * * Mg Ca\n']",[],OPENKIM,MEAM_LAMMPS_KimJeonLee_2015_MgCa__MO_611309973581_000,"['Mg', 'Ca']","[{'Ki-Hyun_2015': {'title': 'Modified embedded-atom method interatomic potentials for {M}g--{X} ({X}= {Y}, {S}n, {C}a) binary systems', 'volume': '48', 'year': '2015', 'journal': 'Calphad', 'doi': '10.1016/j.calphad.2014.10.001', 'author': ['Kim, Ki-Hyun ', ' Jeon, Jong Bae ', ' Lee, Byeong-Joo']}}]"
717,"['pair_style kim MEAM_LAMMPS_KimJeonLee_2015_MgSn__MO_935641703527_000\n', 'pair_coeff * * Mg Sn\n']",[],OPENKIM,MEAM_LAMMPS_KimJeonLee_2015_MgSn__MO_935641703527_000,"['Mg', 'Sn']","[{'Ki-Hyun_2015': {'title': 'Modified embedded-atom method interatomic potentials for {M}g--{X} ({X}= {Y}, {S}n, {C}a) binary systems', 'volume': '48', 'year': '2015', 'journal': 'Calphad', 'doi': '10.1016/j.calphad.2014.10.001', 'author': ['Kim, Ki-Hyun ', ' Jeon, Jong Bae ', ' Lee, Byeong-Joo']}}]"
718,"['pair_style kim MEAM_LAMMPS_KimJeonLee_2015_MgY__MO_018428823000_000\n', 'pair_coeff * * Mg Y\n']",[],OPENKIM,MEAM_LAMMPS_KimJeonLee_2015_MgY__MO_018428823000_000,"['Mg', 'Y']","[{'Ki-Hyun_2015': {'title': 'Modified embedded-atom method interatomic potentials for {M}g--{X} ({X}= {Y}, {S}n, {C}a) binary systems', 'volume': '48', 'year': '2015', 'journal': 'Calphad', 'doi': '10.1016/j.calphad.2014.10.001', 'author': ['Kim, Ki-Hyun ', ' Jeon, Jong Bae ', ' Lee, Byeong-Joo']}}]"
719,"['pair_style kim MEAM_LAMMPS_KimJungLee_2009_FeTiC__MO_110119204723_000\n', 'pair_coeff * * Fe Ti C\n']",[],OPENKIM,MEAM_LAMMPS_KimJungLee_2009_FeTiC__MO_110119204723_000,"['Fe', 'Ti', 'C']","[{'Hyun-Kyu_2009': {'title': 'Modified embedded-atom method interatomic potentials for the {F}e--{T}i--{C} and {F}e--{T}i--{N} ternary systems', 'volume': '57', 'year': '2009', 'journal': 'Acta Materialia', 'doi': '10.1016/j.actamat.2009.03.019', 'author': ['Kim, Hyun-Kyu ', ' Jung, Woo-Sang ', ' Lee, Byeong-Joo']}}]"
720,"['pair_style kim MEAM_LAMMPS_KimJungLee_2010_FeNbC__MO_072689718616_000\n', 'pair_coeff * * Fe Nb C\n']",[],OPENKIM,MEAM_LAMMPS_KimJungLee_2010_FeNbC__MO_072689718616_000,"['Fe', 'Nb', 'C']","[{'Hyun-Kyu_2010': {'title': 'Modified embedded-atom method interatomic potentials for the {N}b-{C}, {N}b-{N}, {F}e-{N}b-{C}, and {F}e-{N}b-{N} systems', 'volume': '25', 'year': '2010', 'journal': 'Journal of Materials Research', 'doi': '10.1557/JMR.2010.0182', 'author': ['Kim, Hyun-Kyu ', ' Jung, Woo-Sang ', ' Lee, Byeong-Joo']}}]"
721,"['pair_style kim MEAM_LAMMPS_KimJungLee_2012_LiMg__MO_427397414195_000\n', 'pair_coeff * * Li Mg\n']",[],OPENKIM,MEAM_LAMMPS_KimJungLee_2012_LiMg__MO_427397414195_000,"['Li', 'Mg']","[{'Young-Min_2012': {'title': 'Atomistic modeling of pure {L}i and {M}g--{L}i system', 'volume': '20', 'year': '2012', 'journal': 'Modelling and Simulation in Materials Science and Engineering', 'doi': '10.1088/0965-0393/20/3/035005', 'author': ['Kim, Young-Min ', ' Jung, In-Ho ', ' Lee, Byeong-Joo']}}]"
722,"['pair_style kim MEAM_LAMMPS_KimJungLee_2015_NiAlCo__MO_876687166519_000\n', 'pair_coeff * * Ni Al Co\n']",[],OPENKIM,MEAM_LAMMPS_KimJungLee_2015_NiAlCo__MO_876687166519_000,"['Ni', 'Al', 'Co']","[{'Young-Kwang_2015': {'title': 'Modified embedded-atom method interatomic potentials for the {N}i--{C}o binary and the {N}i--{A}l--{C}o ternary systems', 'volume': '23', 'year': '2015', 'journal': 'Modelling and Simulation in Materials Science and Engineering', 'doi': '10.1088/0965-0393/23/5/055004', 'author': ['Kim, Young-Kwang ', ' Jung, Woo-Sang ', ' Lee, Byeong-Joo']}}]"
723,"['pair_style kim MEAM_LAMMPS_KimKimJung_2016_AlTi__MO_618133763375_000\n', 'pair_coeff * * Al Ti\n']",[],OPENKIM,MEAM_LAMMPS_KimKimJung_2016_AlTi__MO_618133763375_000,"['Al', 'Ti']","[{'Young-Kwang_2016': {'title': 'Atomistic modeling of the {T}i--{A}l binary system', 'volume': '119', 'year': '2016', 'journal': 'Computational materials science', 'doi': '10.1016/j.commatsci.2016.03.038', 'author': ['Kim, Young-Kwang ', ' Kim, Hong-Kyu ', ' Jung, Woo-Sang ', ' Lee, Byeong-Joo']}}]"
724,"['pair_style kim MEAM_LAMMPS_KimKimJung_2017_NiAlTi__MO_478967255435_000\n', 'pair_coeff * * Ni Al Ti\n']",[],OPENKIM,MEAM_LAMMPS_KimKimJung_2017_NiAlTi__MO_478967255435_000,"['Ni', 'Al', 'Ti']","[{'Young-Kwang_2017': {'title': 'Development and application of {N}i-{T}i and {N}i-{A}l-{T}i 2{NN}-{MEAM} interatomic potentials for {N}i-base superalloys', 'volume': '139', 'year': '2017', 'journal': 'Computational Materials Science', 'doi': '10.1016/j.commatsci.2017.08.002', 'author': ['Kim, Young-Kwang ', ' Kim, Hong-Kyu ', ' Jung, Woo-Sang ', ' Lee, Byeong-Joo']}}]"
725,"['pair_style kim MEAM_LAMMPS_KimKimLee_2009_AlMg__MO_058537087384_000\n', 'pair_coeff * * Al Mg\n']",[],OPENKIM,MEAM_LAMMPS_KimKimLee_2009_AlMg__MO_058537087384_000,"['Al', 'Mg']","[{'Young-Min_2009': {'title': 'Atomistic modeling of pure {M}g and {M}g--{A}l systems', 'volume': '33', 'year': '2009', 'journal': 'Calphad', 'doi': '10.1016/j.calphad.2009.07.004', 'author': ['Kim, Young-Min ', ' Kim, Nack J ', ' Lee, Byeong-Joo']}}]"
726,"['pair_style kim MEAM_LAMMPS_KimKoLee_2020_NaSn__MO_329881861557_000\n', 'pair_coeff * * Na Sn\n']",[],OPENKIM,MEAM_LAMMPS_KimKoLee_2020_NaSn__MO_329881861557_000,"['Na', 'Sn']","[{'Yongmin_2020': {'title': 'Second nearest-neighbor modified embedded atom method interatomic potentials for the {N}a unary and {N}a-{S}n binary systems', 'volume': '185', 'year': '2020', 'journal': 'Computational Materials Science', 'doi': '10.1016/j.commatsci.2020.109953', 'author': ['Kim, Yongmin ', ' Ko, Won-Seok ', ' Lee, Byeong-Joo']}}]"
727,"['pair_style kim MEAM_LAMMPS_KimKoLee_2020_Na__MO_321355778754_000\n', 'pair_coeff * * Na\n']",[],OPENKIM,MEAM_LAMMPS_KimKoLee_2020_Na__MO_321355778754_000,['Na'],"[{'Yongmin_2020': {'title': 'Second nearest-neighbor modified embedded atom method interatomic potentials for the {N}a unary and {N}a-{S}n binary systems', 'volume': '185', 'year': '2020', 'journal': 'Computational Materials Science', 'doi': '10.1016/j.commatsci.2020.109953', 'author': ['Kim, Yongmin ', ' Ko, Won-Seok ', ' Lee, Byeong-Joo']}}]"
728,"['pair_style kim MEAM_LAMMPS_KimLee_2006_PtFe__MO_343168101490_000\n', 'pair_coeff * * Pt Fe\n']",[],OPENKIM,MEAM_LAMMPS_KimLee_2006_PtFe__MO_343168101490_000,"['Pt', 'Fe']","[{'Jaesong_2006': {'title': 'Modified embedded-atom method interatomic potential for the {Fe}--{Pt} alloy system', 'volume': '21', 'year': '2006', 'journal': 'Journal of materials research', 'doi': '10.1557/JMR.2006.0008', 'author': ['Kim, Jaesong ', ' Koo, Yangmo ', ' Lee, Byeong-Joo']}}]"
729,"['pair_style kim MEAM_LAMMPS_KimLee_2008_TiC__MO_134206624109_000\n', 'pair_coeff * * Ti C\n']",[],OPENKIM,MEAM_LAMMPS_KimLee_2008_TiC__MO_134206624109_000,"['Ti', 'C']","[{'Young-Min_2008': {'title': 'Modified embedded-atom method interatomic potentials for the {T}i--{C} and {T}i--{N} binary systems', 'volume': '56', 'year': '2008', 'journal': 'Acta materialia', 'doi': '10.1016/j.actamat.2008.03.027', 'author': ['Kim, Young-Min ', ' Lee, Byeong-Joo']}}]"
730,"['pair_style kim MEAM_LAMMPS_KimLee_2008_TiN__MO_070542625990_000\n', 'pair_coeff * * Ti N\n']",[],OPENKIM,MEAM_LAMMPS_KimLee_2008_TiN__MO_070542625990_000,"['Ti', 'N']","[{'Young-Min_2008': {'title': 'Modified embedded-atom method interatomic potentials for the {T}i--{C} and {T}i--{N} binary systems', 'volume': '56', 'year': '2008', 'journal': 'Acta materialia', 'doi': '10.1016/j.actamat.2008.03.027', 'author': ['Kim, Young-Min ', ' Lee, Byeong-Joo']}}]"
731,"['pair_style kim MEAM_LAMMPS_KimLee_2017_MgNd__MO_059320827436_000\n', 'pair_coeff * * Mg Nd\n']",[],OPENKIM,MEAM_LAMMPS_KimLee_2017_MgNd__MO_059320827436_000,"['Mg', 'Nd']","[{'Ki-Hyun_2017': {'title': 'Modified embedded-atom method interatomic potentials for {M}g-{N}d and {M}g-{P}b binary systems', 'volume': '57', 'year': '2017', 'journal': 'Calphad', 'doi': '10.1016/j.calphad.2017.03.003', 'author': ['Kim, Ki-Hyun ', ' Lee, Byeong-Joo']}}]"
732,"['pair_style kim MEAM_LAMMPS_KimLee_2017_MgPb__MO_325675357262_000\n', 'pair_coeff * * Mg Pb\n']",[],OPENKIM,MEAM_LAMMPS_KimLee_2017_MgPb__MO_325675357262_000,"['Mg', 'Pb']","[{'Ki-Hyun_2017': {'title': 'Modified embedded-atom method interatomic potentials for {M}g-{N}d and {M}g-{P}b binary systems', 'volume': '57', 'year': '2017', 'journal': 'Calphad', 'doi': '10.1016/j.calphad.2017.03.003', 'author': ['Kim, Ki-Hyun ', ' Lee, Byeong-Joo']}}]"
733,"['pair_style kim MEAM_LAMMPS_KimSeolJi_2017_PtAl__MO_793141037706_000\n', 'pair_coeff * * Pt Al\n']",[],OPENKIM,MEAM_LAMMPS_KimSeolJi_2017_PtAl__MO_793141037706_000,"['Pt', 'Al']","[{'Jin-Soo_2017': {'title': 'Second nearest-neighbor modified embedded-atom method interatomic potentials for the {P}t-{M} ({M}= {A}l, {C}o, {C}u, {M}o, {N}i, {T}i, {V}) binary systems', 'volume': '59', 'year': '2017', 'journal': 'Calphad', 'doi': '10.1016/j.calphad.2017.09.005', 'author': ['Kim, Jin-Soo ', ' Seol, Donghyuk ', ' Ji, Joonho ', ' Jang, Hyo-Sun ', ' Kim, Yongmin ', ' Lee, Byeong-Joo']}}]"
734,"['pair_style kim MEAM_LAMMPS_KimSeolJi_2017_PtCo__MO_545073984441_000\n', 'pair_coeff * * Pt Co\n']",[],OPENKIM,MEAM_LAMMPS_KimSeolJi_2017_PtCo__MO_545073984441_000,"['Pt', 'Co']","[{'Jin-Soo_2017': {'title': 'Second nearest-neighbor modified embedded-atom method interatomic potentials for the {P}t-{M} ({M}= {A}l, {C}o, {C}u, {M}o, {N}i, {T}i, {V}) binary systems', 'volume': '59', 'year': '2017', 'journal': 'Calphad', 'doi': '10.1016/j.calphad.2017.09.005', 'author': ['Kim, Jin-Soo ', ' Seol, Donghyuk ', ' Ji, Joonho ', ' Jang, Hyo-Sun ', ' Kim, Yongmin ', ' Lee, Byeong-Joo']}}]"
735,"['pair_style kim MEAM_LAMMPS_KimSeolJi_2017_PtCu__MO_070797404269_000\n', 'pair_coeff * * Pt Cu\n']",[],OPENKIM,MEAM_LAMMPS_KimSeolJi_2017_PtCu__MO_070797404269_000,"['Pt', 'Cu']","[{'Jin-Soo_2017': {'title': 'Second nearest-neighbor modified embedded-atom method interatomic potentials for the {P}t-{M} ({M}= {A}l, {C}o, {C}u, {M}o, {N}i, {T}i, {V}) binary systems', 'volume': '59', 'year': '2017', 'journal': 'Calphad', 'doi': '10.1016/j.calphad.2017.09.005', 'author': ['Kim, Jin-Soo ', ' Seol, Donghyuk ', ' Ji, Joonho ', ' Jang, Hyo-Sun ', ' Kim, Yongmin ', ' Lee, Byeong-Joo']}}]"
736,"['pair_style kim MEAM_LAMMPS_KimSeolJi_2017_PtMo__MO_831380044253_000\n', 'pair_coeff * * Pt Mo\n']",[],OPENKIM,MEAM_LAMMPS_KimSeolJi_2017_PtMo__MO_831380044253_000,"['Pt', 'Mo']","[{'Jin-Soo_2017': {'title': 'Second nearest-neighbor modified embedded-atom method interatomic potentials for the {P}t-{M} ({M}= {A}l, {C}o, {C}u, {M}o, {N}i, {T}i, {V}) binary systems', 'volume': '59', 'year': '2017', 'journal': 'Calphad', 'doi': '10.1016/j.calphad.2017.09.005', 'author': ['Kim, Jin-Soo ', ' Seol, Donghyuk ', ' Ji, Joonho ', ' Jang, Hyo-Sun ', ' Kim, Yongmin ', ' Lee, Byeong-Joo']}}]"
737,"['pair_style kim MEAM_LAMMPS_KimSeolJi_2017_PtNi__MO_020840179467_000\n', 'pair_coeff * * Pt Ni\n']",[],OPENKIM,MEAM_LAMMPS_KimSeolJi_2017_PtNi__MO_020840179467_000,"['Pt', 'Ni']","[{'Jin-Soo_2017': {'title': 'Second nearest-neighbor modified embedded-atom method interatomic potentials for the {P}t-{M} ({M}= {A}l, {C}o, {C}u, {M}o, {N}i, {T}i, {V}) binary systems', 'volume': '59', 'year': '2017', 'journal': 'Calphad', 'doi': '10.1016/j.calphad.2017.09.005', 'author': ['Kim, Jin-Soo ', ' Seol, Donghyuk ', ' Ji, Joonho ', ' Jang, Hyo-Sun ', ' Kim, Yongmin ', ' Lee, Byeong-Joo']}}]"
738,"['pair_style kim MEAM_LAMMPS_KimSeolJi_2017_PtTi__MO_280985530673_000\n', 'pair_coeff * * Pt Ti\n']",[],OPENKIM,MEAM_LAMMPS_KimSeolJi_2017_PtTi__MO_280985530673_000,"['Pt', 'Ti']","[{'Jin-Soo_2017': {'title': 'Second nearest-neighbor modified embedded-atom method interatomic potentials for the {P}t-{M} ({M}= {A}l, {C}o, {C}u, {M}o, {N}i, {T}i, {V}) binary systems', 'volume': '59', 'year': '2017', 'journal': 'Calphad', 'doi': '10.1016/j.calphad.2017.09.005', 'author': ['Kim, Jin-Soo ', ' Seol, Donghyuk ', ' Ji, Joonho ', ' Jang, Hyo-Sun ', ' Kim, Yongmin ', ' Lee, Byeong-Joo']}}]"
739,"['pair_style kim MEAM_LAMMPS_KimSeolJi_2017_PtV__MO_912978207512_000\n', 'pair_coeff * * Pt V\n']",[],OPENKIM,MEAM_LAMMPS_KimSeolJi_2017_PtV__MO_912978207512_000,"['Pt', 'V']","[{'Jin-Soo_2017': {'title': 'Second nearest-neighbor modified embedded-atom method interatomic potentials for the {P}t-{M} ({M}= {A}l, {C}o, {C}u, {M}o, {N}i, {T}i, {V}) binary systems', 'volume': '59', 'year': '2017', 'journal': 'Calphad', 'doi': '10.1016/j.calphad.2017.09.005', 'author': ['Kim, Jin-Soo ', ' Seol, Donghyuk ', ' Ji, Joonho ', ' Jang, Hyo-Sun ', ' Kim, Yongmin ', ' Lee, Byeong-Joo']}}]"
740,"['pair_style kim MEAM_LAMMPS_KimShinLee_2009_FeMn__MO_058735400462_000\n', 'pair_coeff * * Fe Mn\n']",[],OPENKIM,MEAM_LAMMPS_KimShinLee_2009_FeMn__MO_058735400462_000,"['Fe', 'Mn']","[{'Young-Min_2009': {'title': 'Modified embedded-atom method interatomic potentials for pure {M}n and the {F}e--{M}n system', 'volume': '57', 'year': '2009', 'journal': 'Acta Materialia', 'doi': '10.1016/j.actamat.2008.09.031', 'author': ['Kim, Young-Min ', ' Shin, Young-Han ', ' Lee, Byeong-Joo']}}]"
741,"['pair_style kim MEAM_LAMMPS_KoGrabowskiNeugebauer_2015_NiTi__MO_663355627503_000\n', 'pair_coeff * * Ni Ti\n']",[],OPENKIM,MEAM_LAMMPS_KoGrabowskiNeugebauer_2015_NiTi__MO_663355627503_000,"['Ni', 'Ti']","[{'Won-Seok_2015': {'title': 'Development and application of a {Ni}-{Ti} interatomic potential with high predictive accuracy of the martensitic phase transition', 'volume': '92', 'year': '2015', 'journal': 'Phys. Rev. B', 'doi': '10.1103/PhysRevB.92.134107', 'author': ['Ko, Won-Seok ', ' Grabowski, Blazej ', ' Neugebauer, J\\\\\\""org']}}]"
742,"['pair_style kim MEAM_LAMMPS_KoJimLee_2012_FeP__MO_179420363944_000\n', 'pair_coeff * * Fe P\n']",[],OPENKIM,MEAM_LAMMPS_KoJimLee_2012_FeP__MO_179420363944_000,"['Fe', 'P']","[{'Won-Seok_2012': {'title': 'Atomistic modeling of an impurity element and a metal--impurity system: pure {P} and {F}e--{P} system', 'volume': '24', 'year': '2012', 'journal': 'Journal of Physics: Condensed Matter', 'doi': '10.1088/0953-8984/24/22/225002', 'author': ['Ko, Won-Seok ', ' Kim, Nack J ', ' Lee, Byeong-Joo']}}]"
743,"['pair_style kim MEAM_LAMMPS_KoLee_2013_VPdY__MO_046547823135_000\n', 'pair_coeff * * V Pd Y\n']",[],OPENKIM,MEAM_LAMMPS_KoLee_2013_VPdY__MO_046547823135_000,"['V', 'Pd', 'Y']","[{'Won-Seok_2013': {'title': 'Modified embedded-atom method interatomic potentials for pure {Y} and the {V}--{P}d--{Y} ternary system', 'volume': '21', 'year': '2013', 'journal': 'Modelling and Simulation in Materials Science and Engineering', 'doi': '10.1088/0965-0393/21/8/085008', 'author': ['Ko, Won-Seok ', ' Lee, Byeong-Joo']}}]"
744,"['pair_style kim MEAM_LAMMPS_KoShimLee_2011_AlH__MO_127847080751_000\n', 'pair_coeff * * Al H\n']",[],OPENKIM,MEAM_LAMMPS_KoShimLee_2011_AlH__MO_127847080751_000,"['Al', 'H']","[{'Won-Seok_2011': {'title': 'Atomistic modeling of the {A}l--{H} and {N}i--{H} systems', 'volume': '26', 'year': '2011', 'journal': 'Journal of Materials Research', 'doi': '10.1557/jmr.2011.95', 'author': ['Ko, Won-Seok ', ' Shim, Jae-Hyeok ', ' Lee, Byeong-Joo']}}]"
745,"['pair_style kim MEAM_LAMMPS_KoShimLee_2011_NiH__MO_091278480940_000\n', 'pair_coeff * * Ni H\n']",[],OPENKIM,MEAM_LAMMPS_KoShimLee_2011_NiH__MO_091278480940_000,"['Ni', 'H']","[{'Won-Seok_2011': {'title': 'Atomistic modeling of the {A}l--{H} and {N}i--{H} systems', 'volume': '26', 'year': '2011', 'journal': 'Journal of Materials Research', 'doi': '10.1557/jmr.2011.95', 'author': ['Ko, Won-Seok ', ' Shim, Jae-Hyeok ', ' Lee, Byeong-Joo']}}]"
746,"['pair_style kim MEAM_LAMMPS_LeeJang_2007_FeH__MO_095610951957_000\n', 'pair_coeff * * Fe H\n']",[],OPENKIM,MEAM_LAMMPS_LeeJang_2007_FeH__MO_095610951957_000,"['Fe', 'H']","[{'Byeong-Joo_2007': {'title': 'A modified embedded-atom method interatomic potential for the {F}e--{H} system', 'volume': '55', 'year': '2007', 'journal': 'Acta materialia', 'doi': '10.1016/j.actamat.2007.08.041', 'author': ['Lee, Byeong-Joo ', ' Jang, Je-Wook']}}]"
747,"['pair_style kim MEAM_LAMMPS_LeeLeeKim_2006_FeN__MO_432861766738_000\n', 'pair_coeff * * Fe N\n']",[],OPENKIM,MEAM_LAMMPS_LeeLeeKim_2006_FeN__MO_432861766738_000,"['Fe', 'N']","[{'Byeong-Joo_2006': {'title': 'A modified embedded-atom method interatomic potential for the {F}e--{N} system: a comparative study with the {F}e--{C} system', 'volume': '54', 'year': '2006', 'journal': 'Acta materialia', 'doi': '10.1016/j.actamat.2006.06.003', 'author': ['Lee, Byeong-Joo ', ' Lee, Tae-Ho ', ' Kim, Sung-Joon']}}]"
748,"['pair_style kim MEAM_LAMMPS_LeeLee_2010_FeAl__MO_332211522050_000\n', 'pair_coeff * * Fe Al\n']",[],OPENKIM,MEAM_LAMMPS_LeeLee_2010_FeAl__MO_332211522050_000,"['Fe', 'Al']","[{'Eunkoo_2010': {'title': 'Modified embedded-atom method interatomic potential for the {F}e--{A}l system', 'volume': '22', 'year': '2010', 'journal': 'Journal of Physics: Condensed Matter', 'doi': '10.1088/0953-8984/22/17/175702', 'author': ['Lee, Eunkoo ', ' Lee, Byeong-Joo']}}]"
749,"['pair_style kim MEAM_LAMMPS_LeeLee_2014_ZrH__MO_946208788356_000\n', 'pair_coeff * * Zr H\n']",[],OPENKIM,MEAM_LAMMPS_LeeLee_2014_ZrH__MO_946208788356_000,"['Zr', 'H']","[{'Byeong-Moon_2014': {'title': 'A comparative study on hydrogen diffusion in amorphous and crystalline metals using a molecular dynamics simulation', 'volume': '45', 'year': '2014', 'journal': 'Metallurgical and Materials Transactions A', 'doi': '10.1007/s11661-014-2230-4', 'author': ['Lee, Byeong-Moon ', ' Lee, Byeong-Joo']}}]"
750,"['pair_style kim MEAM_LAMMPS_LeeShim_2004_NiCu__MO_409065472403_000\n', 'pair_coeff * * Ni Cu\n']",[],OPENKIM,MEAM_LAMMPS_LeeShim_2004_NiCu__MO_409065472403_000,"['Ni', 'Cu']","[{'Byeong-Joo_2004': {'title': 'A modified embedded atom method interatomic potential for the {C}u--{N}i system', 'volume': '28', 'year': '2004', 'journal': 'Calphad', 'doi': '10.1016/j.calphad.2004.06.001', 'author': ['Lee, Byeong-Joo ', ' Shim, Jae-Hyeok']}}]"
751,"['pair_style kim MEAM_LAMMPS_LeeWirthShim_2005_FeCu__MO_063626065437_000\n', 'pair_coeff * * Fe Cu\n']",[],OPENKIM,MEAM_LAMMPS_LeeWirthShim_2005_FeCu__MO_063626065437_000,"['Fe', 'Cu']","[{'Byeong-Joo_2005': {'title': 'Modified embedded-atom method interatomic potential for the {F}e- {C}u alloy system and cascade simulations on pure {F}e and {F}e- {C}u alloys', 'volume': '71', 'year': '2005', 'journal': 'Physical Review B', 'doi': '10.1103/PhysRevB.71.184205', 'author': ['Lee, Byeong-Joo ', ' Wirth, Brian D ', ' Shim, Jae-Hyeok ', ' Kwon, Junhyun ', ' Kwon, Sang Chul ', ' Hong, Jun-Hwa']}}]"
752,"['pair_style kim MEAM_LAMMPS_Lee_2006_FeC__MO_856956178669_000\n', 'pair_coeff * * Fe C\n']",[],OPENKIM,MEAM_LAMMPS_Lee_2006_FeC__MO_856956178669_000,"['Fe', 'C']","[{'Byeong-Joo_2006': {'title': 'A modified embedded-atom method interatomic potential for the {F}e--{C} system', 'volume': '54', 'year': '2006', 'journal': 'Acta materialia', 'doi': '10.1016/j.actamat.2005.09.034', 'author': ['Lee, Byeong-Joo']}}]"
753,"['pair_style kim MEAM_LAMMPS_LenoskySadighAlonso_2000_Si__MO_533426548156_000\n', 'pair_coeff * * Si\n']",[],OPENKIM,MEAM_LAMMPS_LenoskySadighAlonso_2000_Si__MO_533426548156_000,['Si'],"[{'J_2000': {'title': 'Highly optimized empirical potential model of silicon', 'volume': '8', 'year': '2000', 'journal': 'Modelling and Simulation in Materials Science and Engineering', 'doi': '10.1088/0965-0393/8/6/305', 'author': ['Lenosky, Thomas J ', ' Sadigh, Babak ', ' Alonso, Eduardo ', ' Bulatov, Vasily V ', ' de la Rubia, Tomas Diaz ', ' Kim, Jeongnim ', ' Voter, Arthur F ', ' Kress, Joel D']}}]"
754,"['pair_style kim MEAM_LAMMPS_Lenosky_2017_W__MO_999198119251_000\n', 'pair_coeff * * W\n']",[],OPENKIM,MEAM_LAMMPS_Lenosky_2017_W__MO_999198119251_000,['W'],[]
755,"['pair_style kim MEAM_LAMMPS_LiyanageKimHouze_2014_FeC__MO_075279800195_000\n', 'pair_coeff * * Fe C\n']",[],OPENKIM,MEAM_LAMMPS_LiyanageKimHouze_2014_FeC__MO_075279800195_000,"['Fe', 'C']","[{'I._2014': {'title': 'Structural, elastic, and thermal properties of cementite (${\\\\mathrm{Fe}}_{3}C$) calculated using a modified embedded atom method', 'volume': '89', 'year': '2014', 'journal': 'Phys. Rev. B', 'doi': '10.1103/PhysRevB.89.094102', 'author': ['Liyanage, Laalitha S. I. ', ' Kim, Seong-Gon ', ' Houze, Jeff ', ' Kim, Sungho ', ' Tschopp, Mark A. ', ' Baskes, M. I. ', ' Horstemeyer, M. F.']}}]"
756,"['pair_style kim MEAM_LAMMPS_MaiselKoZhang_2017_VNiTi__MO_744610363128_000\n', 'pair_coeff * * V Ni Ti\n']",[],OPENKIM,MEAM_LAMMPS_MaiselKoZhang_2017_VNiTi__MO_744610363128_000,"['V', 'Ni', 'Ti']","[{'B._2017': {'title': 'Thermomechanical response of {NiTi} shape-memory nanoprecipitates in {TiV} alloys', 'volume': '1', 'year': '2017', 'journal': 'Phys. Rev. Materials', 'doi': '10.1103/PhysRevMaterials.1.033610', 'author': ['Maisel, S. B. ', ' Ko, W.-S. ', ' Zhang, J.-L. ', ' Grabowski, B. ', ' Neugebauer, J.']}}]"
757,"['pair_style kim MEAM_LAMMPS_MirazDhariwalMeng_2020_CuNTi__MO_122936827583_000\n', 'pair_coeff * * Cu N Ti\n']",[],OPENKIM,MEAM_LAMMPS_MirazDhariwalMeng_2020_CuNTi__MO_122936827583_000,"['Cu', 'N', 'Ti']","[{'Mohammad_2020': {'title': 'Development and application of interatomic potentials to study the stability and shear strength of {T}i/{T}i{N} and {C}u/{T}i{N} interfaces', 'volume': '196', 'year': '2020', 'journal': 'Materials & Design', 'doi': '10.1016/j.matdes.2020.109123', 'author': ['Miraz, Abu Shama Mohammad ', ' Dhariwal, Nisha ', ' Meng, W.J. ', ' Ramach', 'ran, Bala R. ', ' Wick, Collin D.']}}]"
758,"['pair_style kim MEAM_LAMMPS_NouranianTschoppGwaltney_2014_CH__MO_354152387712_000\n', 'pair_coeff * * C H\n']",[],OPENKIM,MEAM_LAMMPS_NouranianTschoppGwaltney_2014_CH__MO_354152387712_000,"['C', 'H']","[{'S._2014': {'title': 'An interatomic potential for saturated hydrocarbons based on the modified embedded-atom method', 'volume': '16', 'year': '2014', 'journal': 'Phys. Chem. Chem. Phys.', 'doi': '10.1039/C4CP00027G', 'author': ['Nouranian, S. ', ' Tschopp, M. A. ', ' Gwaltney, S. R. ', ' Baskes, M. I. ', ' Horstemeyer, M. F.']}}]"
759,"['pair_style kim MEAM_LAMMPS_OhSeolLee_2020_CoTi__MO_862371677648_000\n', 'pair_coeff * * Co Ti\n']",[],OPENKIM,MEAM_LAMMPS_OhSeolLee_2020_CoTi__MO_862371677648_000,"['Co', 'Ti']","[{'Sang-Ho_2020': {'title': 'Second nearest-neighbor modified embedded-atom method interatomic potentials for the {C}o-{M} ({M}= {T}i, {V}) binary systems', 'volume': '70', 'year': '2020', 'journal': 'Calphad', 'doi': '10.1016/j.calphad.2020.101791', 'author': ['Oh, Sang-Ho ', ' Seol, Donghyuk ', ' Lee, Byeong-Joo']}}]"
760,"['pair_style kim MEAM_LAMMPS_OhSeolLee_2020_CoV__MO_771146361182_000\n', 'pair_coeff * * Co V\n']",[],OPENKIM,MEAM_LAMMPS_OhSeolLee_2020_CoV__MO_771146361182_000,"['Co', 'V']","[{'Sang-Ho_2020': {'title': 'Second nearest-neighbor modified embedded-atom method interatomic potentials for the {C}o-{M} ({M}= {T}i, {V}) binary systems', 'volume': '70', 'year': '2020', 'journal': 'Calphad', 'doi': '10.1016/j.calphad.2020.101791', 'author': ['Oh, Sang-Ho ', ' Seol, Donghyuk ', ' Lee, Byeong-Joo']}}]"
761,"['pair_style kim MEAM_LAMMPS_ParkFellingerLenosky_2012_Mo__MO_269937397263_000\n', 'pair_coeff * * Mo\n']",[],OPENKIM,MEAM_LAMMPS_ParkFellingerLenosky_2012_Mo__MO_269937397263_000,['Mo'],"[{'Hyoungki_2012': {'title': 'Ab initio based empirical potential used to study the mechanical properties of molybdenum', 'volume': '85', 'year': '2012', 'journal': 'Phys. Rev. B', 'doi': '10.1103/PhysRevB.85.214121', 'author': ['Park, Hyoungki ', ' Fellinger, Michael R. ', ' Lenosky, Thomas J. ', ' Tipton, William W. ', ' Trinkle, Dallas R. ', ' Rudin, Sven P. ', ' Woodward, Christopher ', ' Wilkins, John W. ', ' Hennig, Richard G.']}}]"
762,"['pair_style kim MEAM_LAMMPS_ParkFellingerLenosky_2012_Ta__MO_105449194206_000\n', 'pair_coeff * * Ta\n']",[],OPENKIM,MEAM_LAMMPS_ParkFellingerLenosky_2012_Ta__MO_105449194206_000,['Ta'],"[{'Hyoungki_2012': {'title': 'Ab initio based empirical potential used to study the mechanical properties of molybdenum', 'volume': '85', 'year': '2012', 'journal': 'Phys. Rev. B', 'doi': '10.1103/PhysRevB.85.214121', 'author': ['Park, Hyoungki ', ' Fellinger, Michael R. ', ' Lenosky, Thomas J. ', ' Tipton, William W. ', ' Trinkle, Dallas R. ', ' Rudin, Sven P. ', ' Woodward, Christopher ', ' Wilkins, John W. ', ' Hennig, Richard G']}}]"
763,"['pair_style kim MEAM_LAMMPS_ParkFellingerLenosky_2012_W__MO_560940542741_000\n', 'pair_coeff * * W\n']",[],OPENKIM,MEAM_LAMMPS_ParkFellingerLenosky_2012_W__MO_560940542741_000,['W'],"[{'Hyoungki_2012': {'title': 'Ab initio based empirical potential used to study the mechanical properties of molybdenum', 'volume': '85', 'year': '2012', 'journal': 'Phys. Rev. B', 'doi': '10.1103/PhysRevB.85.214121', 'author': ['Park, Hyoungki ', ' Fellinger, Michael R. ', ' Lenosky, Thomas J. ', ' Tipton, William W. ', ' Trinkle, Dallas R. ', ' Rudin, Sven P. ', ' Woodward, Christopher ', ' Wilkins, John W. ', ' Hennig, Richard G.']}}, {'D_2013': {'title': 'Assessment of interatomic potentials for atomistic analysis of static and dynamic properties of screw dislocations in W', 'volume': '25', 'year': '2013', 'journal': 'Journal of Physics: Condensed Matter', 'doi': '10.1088/0953-8984/25/8/085702', 'author': ['Cereceda, D ', ' Stukowski, A ', ' Gilbert, M R ', ' Queyreau, S ', ' Ventelon, Lisa ', ' Marinica, M-C ', ' Perlado, J M ', ' Marian, J']}}]"
764,"['pair_style kim MEAM_LAMMPS_PascuetFernandez_2015_AlU__MO_596300673917_000\n', 'pair_coeff * * Al U\n']",[],OPENKIM,MEAM_LAMMPS_PascuetFernandez_2015_AlU__MO_596300673917_000,"['Al', 'U']","[{'M.I._2015': {'title': '{A}tomic interaction of the {MEAM} type for the study of intermetallics in the {A}l–{U} alloy', 'volume': '467', 'year': '2015', 'journal': 'Journal of Nuclear Materials', 'doi': '10.1016/j.jnucmat.2015.09.030', 'author': ['Pascuet, M.I. ', "" Fern{\\'a}ndez, J.R.""]}}]"
765,"['pair_style kim MEAM_LAMMPS_PascuetFernandez_2015_Al__MO_315820974149_000\n', 'pair_coeff * * Al\n']",[],OPENKIM,MEAM_LAMMPS_PascuetFernandez_2015_Al__MO_315820974149_000,['Al'],"[{'I._2015': {'title': '{A}tomic interaction of the {MEAM} type for the study of intermetallics in the {A}l–{U} alloy', 'volume': '467', 'year': '2015', 'journal': 'Journal of Nuclear Materials', 'doi': '10.1016/j.jnucmat.2015.09.030', 'author': ['Pascuet, M. I. ', ' Fernández, J. R.']}}]"
766,"['pair_style kim MEAM_LAMMPS_SaLee_2008_FeTi__MO_260546967793_000\n', 'pair_coeff * * Fe Ti\n']",[],OPENKIM,MEAM_LAMMPS_SaLee_2008_FeTi__MO_260546967793_000,"['Fe', 'Ti']","[{'Inyoung_2008': {'title': 'Modified embedded-atom method interatomic potentials for the {F}e--{N}b and {F}e--{T}i binary systems', 'volume': '59', 'year': '2008', 'journal': 'Scripta Materialia', 'doi': '10.1016/j.scriptamat.2008.05.007', 'author': ['Sa, Inyoung ', ' Lee, Byeong-Joo']}}]"
767,"['pair_style kim MEAM_LAMMPS_SaLee_2008_NbFe__MO_162036141261_000\n', 'pair_coeff * * Nb Fe\n']",[],OPENKIM,MEAM_LAMMPS_SaLee_2008_NbFe__MO_162036141261_000,"['Nb', 'Fe']","[{'Inyoung_2008': {'title': 'Modified embedded-atom method interatomic potentials for the {F}e--{N}b and {F}e--{T}i binary systems', 'volume': '59', 'year': '2008', 'journal': 'Scripta Materialia', 'doi': '10.1016/j.scriptamat.2008.05.007', 'author': ['Sa, Inyoung ', ' Lee, Byeong-Joo']}}]"
768,"['pair_style kim MEAM_LAMMPS_ShimKoKim_2013_AlVH__MO_344724145339_000\n', 'pair_coeff * * Al V H\n']",[],OPENKIM,MEAM_LAMMPS_ShimKoKim_2013_AlVH__MO_344724145339_000,"['Al', 'V', 'H']","[{'Jae-Hyeok_2013': {'title': 'Prediction of hydrogen permeability in {V}--{A}l and {V}--{N}i alloys', 'volume': '430', 'year': '2013', 'journal': 'Journal of membrane science', 'doi': '10.1016/j.memsci.2012.12.019', 'author': ['Shim, Jae-Hyeok ', ' Ko, Won-Seok ', ' Kim, Ki-Hyun ', ' Lee, Heung-Soon ', ' Lee, Young-Su ', ' Suh, Jin-Yoo ', ' Cho, Young Whan ', ' Lee, Byeong-Joo']}}]"
769,"['pair_style kim MEAM_LAMMPS_ShimKoKim_2013_NiVH__MO_612225165948_000\n', 'pair_coeff * * Ni V H\n']",[],OPENKIM,MEAM_LAMMPS_ShimKoKim_2013_NiVH__MO_612225165948_000,"['Ni', 'V', 'H']","[{'Jae-Hyeok_2013': {'title': 'Prediction of hydrogen permeability in {V}--{A}l and {V}--{N}i alloys', 'volume': '430', 'year': '2013', 'journal': 'Journal of membrane science', 'doi': '10.1016/j.memsci.2012.12.019', 'author': ['Shim, Jae-Hyeok ', ' Ko, Won-Seok ', ' Kim, Ki-Hyun ', ' Lee, Heung-Soon ', ' Lee, Young-Su ', ' Suh, Jin-Yoo ', ' Cho, Young Whan ', ' Lee, Byeong-Joo']}}]"
770,"['pair_style kim MEAM_LAMMPS_ShimLeeFleury_2011_VH__MO_072444764353_000\n', 'pair_coeff * * V H\n']",[],OPENKIM,MEAM_LAMMPS_ShimLeeFleury_2011_VH__MO_072444764353_000,"['V', 'H']","[{'Jae-Hyeok_2011': {'title': 'A modified embedded-atom method interatomic potential for the {V}--{H} system', 'volume': '35', 'year': '2011', 'journal': 'Calphad', 'doi': '10.1016/j.calphad.2011.04.007', 'author': ['Shim, Jae-Hyeok ', ' Lee, Young-Su ', ' Fleury, Eric ', ' Cho, Young Whan ', ' Ko, Won-Seok ', ' Lee, Byeong-Joo']}}]"
771,"['pair_style kim MEAM_LAMMPS_ShimParkCho_2003_NiW__MO_500937681860_000\n', 'pair_coeff * * Ni W\n']",[],OPENKIM,MEAM_LAMMPS_ShimParkCho_2003_NiW__MO_500937681860_000,"['Ni', 'W']","[{'Jae-Hyeok_2003': {'title': 'Modified embedded-atom method calculation for the {N}i--{W} system', 'volume': '18', 'year': '2003', 'journal': 'Journal of materials research', 'doi': '10.1557/JMR.2003.0260', 'author': ['Shim, Jae-Hyeok ', ' Park, Sung Il ', ' Cho, Young Whan ', ' Lee, Byeong-Joo']}}]"
772,"['pair_style kim MEAM_LAMMPS_VellaChenStillinger_2017_Sn__MO_316045643888_000\n', 'pair_coeff * * Sn\n']",[],OPENKIM,MEAM_LAMMPS_VellaChenStillinger_2017_Sn__MO_316045643888_000,['Sn'],"[{'R._2017': {'title': 'Structural and dynamic properties of liquid tin from a new modified embedded-atom method force field', 'volume': '95', 'year': '2017', 'journal': 'Phys. Rev. B', 'doi': '10.1103/PhysRevB.95.064202', 'author': ['Vella, Joseph R. ', ' Chen, Mohan ', ' Stillinger, Frank H. ', ' Carter, Emily A. ', ' Debenedetti, Pablo G. ', ' Panagiotopoulos, Athanassios Z.']}}]"
773,"['pair_style kim MEAM_LAMMPS_Wagner_2007_Cu__MO_313717476091_000\n', 'pair_coeff * * Cu\n']",[],OPENKIM,MEAM_LAMMPS_Wagner_2007_Cu__MO_313717476091_000,['Cu'],[]
774,"['pair_style kim MEAM_LAMMPS_Wagner_2007_Ni__MO_444394830472_000\n', 'pair_coeff * * Ni\n']",[],OPENKIM,MEAM_LAMMPS_Wagner_2007_Ni__MO_444394830472_000,['Ni'],[]
775,"['pair_style kim MEAM_LAMMPS_Wagner_2007_SiC__MO_430846853065_000\n', 'pair_coeff * * Si C\n']",[],OPENKIM,MEAM_LAMMPS_Wagner_2007_SiC__MO_430846853065_000,"['Si', 'C']",[]
776,"['pair_style kim MEAM_LAMMPS_WangOhLee_2020_CuCo__MO_694335101831_000\n', 'pair_coeff * * Cu Co\n']",[],OPENKIM,MEAM_LAMMPS_WangOhLee_2020_CuCo__MO_694335101831_000,"['Cu', 'Co']","[{'Jaemin_2020': {'title': 'Second-nearest-neighbor modified embedded-atom method interatomic potential for {C}u-{M} ({M}\xa0=\xa0{C}o, {M}o) binary systems', 'volume': '178', 'year': '2020', 'journal': 'Computational Materials Science', 'doi': '10.1016/j.commatsci.2020.109627', 'author': ['Wang, Jaemin ', ' Oh, Sang-Ho ', ' Lee, Byeong-Joo']}}]"
777,"['pair_style kim MEAM_LAMMPS_WangOhLee_2020_CuCo__MO_849011491644_000\n', 'pair_coeff * * Cu Co\n']",[],OPENKIM,MEAM_LAMMPS_WangOhLee_2020_CuCo__MO_849011491644_000,"['Cu', 'Co']","[{'Jaemin_2020': {'title': 'Second-nearest-neighbor modified embedded-atom method interatomic potential for {C}u-{M} ({M}= {C}o, {M}o) binary systems', 'volume': '178', 'year': '2020', 'journal': 'Computational Materials Science', 'doi': '10.1016/j.commatsci.2020.109627', 'author': ['Wang, Jaemin ', ' Oh, Sang-Ho ', ' Lee, Byeong-Joo']}}]"
778,"['pair_style kim MEAM_LAMMPS_WangOhLee_2020_CuMo__MO_380272712420_000\n', 'pair_coeff * * Cu Mo\n']",[],OPENKIM,MEAM_LAMMPS_WangOhLee_2020_CuMo__MO_380272712420_000,"['Cu', 'Mo']","[{'Jaemin_2020': {'title': 'Second-nearest-neighbor modified embedded-atom method interatomic potential for {C}u-{M} ({M}= {C}o, {M}o) binary systems', 'volume': '178', 'year': '2020', 'journal': 'Computational Materials Science', 'doi': '10.1016/j.commatsci.2020.109627', 'author': ['Wang, Jaemin ', ' Oh, Sang-Ho ', ' Lee, Byeong-Joo']}}]"
779,"['pair_style kim MEAM_LAMMPS_WangOhLee_2020_CuMo__MO_486450342170_000\n', 'pair_coeff * * Cu Mo\n']",[],OPENKIM,MEAM_LAMMPS_WangOhLee_2020_CuMo__MO_486450342170_000,"['Cu', 'Mo']","[{'Jaemin_2020': {'title': 'Second-nearest-neighbor modified embedded-atom method interatomic potential for {C}u-{M} ({M}\xa0=\xa0{C}o, {M}o) binary systems', 'volume': '178', 'year': '2020', 'journal': 'Computational Materials Science', 'doi': '10.1016/j.commatsci.2020.109627', 'author': ['Wang, Jaemin ', ' Oh, Sang-Ho ', ' Lee, Byeong-Joo']}}]"
780,"['pair_style kim MEAM_LAMMPS_WuLeeSu_2017_NiCrFe__MO_912636107108_000\n', 'pair_coeff * * Ni Cr Fe\n']",[],OPENKIM,MEAM_LAMMPS_WuLeeSu_2017_NiCrFe__MO_912636107108_000,"['Ni', 'Cr', 'Fe']","[{'Changjun_2017': {'title': 'Modified embedded-atom interatomic potential for {F}e-{N}i, {C}r-{N}i and {F}e-{C}r-{N}i systems', 'volume': '57', 'year': '2017', 'journal': 'Calphad', 'doi': '10.1016/j.calphad.2017.03.007', 'author': ['Wu, Changjun ', ' Lee, Byeong-Joo ', ' Su, Xuping']}}]"
781,"['pair_style kim MEAM_LAMMPS_WuLeeSu_2017_NiCr__MO_880803040302_000\n', 'pair_coeff * * Ni Cr\n']",[],OPENKIM,MEAM_LAMMPS_WuLeeSu_2017_NiCr__MO_880803040302_000,"['Ni', 'Cr']","[{'Changjun_2017': {'title': 'Modified embedded-atom interatomic potential for {F}e-{N}i, {C}r-{N}i and {F}e-{C}r-{N}i systems', 'volume': '57', 'year': '2017', 'journal': 'Calphad', 'doi': '10.1016/j.calphad.2017.03.007', 'author': ['Wu, Changjun ', ' Lee, Byeong-Joo ', ' Su, Xuping']}}]"
782,"['pair_style kim MEAM_LAMMPS_WuLeeSu_2017_NiFe__MO_321233176498_000\n', 'pair_coeff * * Ni Fe\n']",[],OPENKIM,MEAM_LAMMPS_WuLeeSu_2017_NiFe__MO_321233176498_000,"['Ni', 'Fe']","[{'Changjun_2017': {'title': 'Modified embedded-atom interatomic potential for {F}e--{N}i, {C}r--{N}i and {F}e--{C}r--{N}i systems', 'volume': '57', 'year': '2017', 'journal': 'Calphad', 'doi': '10.1016/j.calphad.2017.03.007', 'author': ['Wu, Changjun ', ' Lee, Byeong-Joo ', ' Su, Xuping']}}]"
783,"['pair_style kim MEAM_LAMMPS_ZhangTrinkle_2016_TiO__MO_612732924171_000\n', 'pair_coeff * * Ti O\n']",[],OPENKIM,MEAM_LAMMPS_ZhangTrinkle_2016_TiO__MO_612732924171_000,"['Ti', 'O']","[{'P._2016': {'title': 'A modified embedded atom method potential for interstitial oxygen in titanium', 'volume': '124', 'year': '2016', 'journal': 'Computational Materials Science', 'doi': '10.1016/j.commatsci.2016.07.039', 'author': ['Zhang, P. ', ' Trinkle, D. R.']}}]"
784,"['pair_style kim MFF_MistriotisFlytzanisFarantos_1989_Si__MO_080526771943_001\n', 'pair_coeff * * Si\n']",[],OPENKIM,MFF_MistriotisFlytzanisFarantos_1989_Si__MO_080526771943_001,['Si'],"[{'D._1989': {'title': 'Potential model for silicon clusters', 'volume': '39', 'year': '1989', 'journal': 'Physical Review B', 'doi': '10.1103/PhysRevB.39.1212', 'author': ['Mistriotis, A. D. ', ' Flytzanis, N. ', ' Farantos, S. C.'], 'number': '2'}}]"
785,"['pair_style kim MJ_MorrisAgaLevashov_2008_Fe__MO_857282754307_003\n', 'pair_coeff * * Fe\n']",[],OPENKIM,MJ_MorrisAgaLevashov_2008_Fe__MO_857282754307_003,['Fe'],"[{'R._2008': {'title': 'Many-body effects in bcc metals: {A}n embedded atom model extension of the modified {J}ohnson pair potential for iron', 'volume': '77', 'year': '2008', 'journal': 'Physical Review B', 'doi': '10.1103/PhysRevB.77.174201', 'author': ['Morris, James R. ', ' Aga, Rachel S. ', ' Levashov, Valentin ', ' Egami, Takeshi'], 'number': '17'}}]"
786,"['pair_style kim Morse_EIP_GuthikondaElliott_2011_AuCd__MO_703849496106_002\n', 'pair_coeff * * Au Cd\n']",[],OPENKIM,Morse_EIP_GuthikondaElliott_2011_AuCd__MO_703849496106_002,"['Au', 'Cd']","[{'Suresh_2009': {'title': 'An effective interaction potential model for the shape memory alloy {AuCd}', 'volume': '21', 'year': '2009', 'journal': 'Continuum Mechanics and Thermodynamics', 'doi': '10.1007/s00161-009-0109-1', 'author': ['Guthikonda, Venkata Suresh ', ' Elliott, Ryan S.']}}, {'Suresh_2011': {'title': 'Erratum to: {A}n effective interaction potential model for the shape memory alloy {AuCd}', 'volume': '23', 'year': '2011', 'journal': 'Continuum Mechanics and Thermodynamics', 'doi': '10.1007/s00161-010-0169-2', 'author': ['Guthikonda, Venkata Suresh ', ' Elliott, Ryan S.']}}]"
787,"['pair_style kim Morse_QuinticSmoothed_Jelinek_1972_Ar__MO_908645784389_002\n', 'pair_coeff * * Ar\n']",[],OPENKIM,Morse_QuinticSmoothed_Jelinek_1972_Ar__MO_908645784389_002,['Ar'],"[{'E._1972': {'title': 'Properties of Crystalline Argon, Krypton, and Xenon Based Upon the {B}orn-{H}uang Method of Homogeneous Deformations. {III}. {T}he Low-Temperature Limit', 'volume': '5', 'year': '1972', 'journal': 'Physical Review B', 'doi': '10.1103/PhysRevB.5.3210', 'author': ['Jelinek, G. E.'], 'number': '8'}}]"
788,"['pair_style kim Morse_Shifted_GirifalcoWeizer_1959HighCutoff_Ag__MO_111986436268_004\n', 'pair_coeff * * Ag\n']",[],OPENKIM,Morse_Shifted_GirifalcoWeizer_1959HighCutoff_Ag__MO_111986436268_004,['Ag'],"[{'A._1959': {'title': 'Application of the {M}orse Potential Function to Cubic Metals', 'volume': '114', 'year': '1959', 'journal': 'Physical Review', 'doi': '10.1103/PhysRev.114.687', 'author': ['Girifalco, L. A. ', ' Weizer, V. G.'], 'number': '3'}}]"
789,"['pair_style kim Morse_Shifted_GirifalcoWeizer_1959HighCutoff_Al__MO_140175748626_004\n', 'pair_coeff * * Al\n']",[],OPENKIM,Morse_Shifted_GirifalcoWeizer_1959HighCutoff_Al__MO_140175748626_004,['Al'],"[{'A._1959': {'title': 'Application of the {M}orse Potential Function to Cubic Metals', 'volume': '114', 'year': '1959', 'journal': 'Physical Review', 'doi': '10.1103/PhysRev.114.687', 'author': ['Girifalco, L. A. ', ' Weizer, V. G.'], 'number': '3'}}]"
790,"['pair_style kim Morse_Shifted_GirifalcoWeizer_1959HighCutoff_Ba__MO_676977998912_004\n', 'pair_coeff * * Ba\n']",[],OPENKIM,Morse_Shifted_GirifalcoWeizer_1959HighCutoff_Ba__MO_676977998912_004,['Ba'],"[{'A._1959': {'title': 'Application of the {M}orse Potential Function to Cubic Metals', 'volume': '114', 'year': '1959', 'journal': 'Physical Review', 'doi': '10.1103/PhysRev.114.687', 'author': ['Girifalco, L. A. ', ' Weizer, V. G.'], 'number': '3'}}]"
791,"['pair_style kim Morse_Shifted_GirifalcoWeizer_1959HighCutoff_Ca__MO_159753408472_004\n', 'pair_coeff * * Ca\n']",[],OPENKIM,Morse_Shifted_GirifalcoWeizer_1959HighCutoff_Ca__MO_159753408472_004,['Ca'],"[{'A._1959': {'title': 'Application of the {M}orse Potential Function to Cubic Metals', 'volume': '114', 'year': '1959', 'journal': 'Physical Review', 'doi': '10.1103/PhysRev.114.687', 'author': ['Girifalco, L. A. ', ' Weizer, V. G.'], 'number': '3'}}]"
792,"['pair_style kim Morse_Shifted_GirifalcoWeizer_1959HighCutoff_Cr__MO_859700307573_004\n', 'pair_coeff * * Cr\n']",[],OPENKIM,Morse_Shifted_GirifalcoWeizer_1959HighCutoff_Cr__MO_859700307573_004,['Cr'],"[{'A._1959': {'title': 'Application of the {M}orse Potential Function to Cubic Metals', 'volume': '114', 'year': '1959', 'journal': 'Physical Review', 'doi': '10.1103/PhysRev.114.687', 'author': ['Girifalco, L. A. ', ' Weizer, V. G.'], 'number': '3'}}]"
793,"['pair_style kim Morse_Shifted_GirifalcoWeizer_1959HighCutoff_Cs__MO_187111446479_004\n', 'pair_coeff * * Cs\n']",[],OPENKIM,Morse_Shifted_GirifalcoWeizer_1959HighCutoff_Cs__MO_187111446479_004,['Cs'],"[{'A._1959': {'title': 'Application of the {M}orse Potential Function to Cubic Metals', 'volume': '114', 'year': '1959', 'journal': 'Physical Review', 'doi': '10.1103/PhysRev.114.687', 'author': ['Girifalco, L. A. ', ' Weizer, V. G.'], 'number': '3'}}]"
794,"['pair_style kim Morse_Shifted_GirifalcoWeizer_1959HighCutoff_Cu__MO_151002396060_004\n', 'pair_coeff * * Cu\n']",[],OPENKIM,Morse_Shifted_GirifalcoWeizer_1959HighCutoff_Cu__MO_151002396060_004,['Cu'],"[{'A._1959': {'title': 'Application of the {M}orse Potential Function to Cubic Metals', 'volume': '114', 'year': '1959', 'journal': 'Physical Review', 'doi': '10.1103/PhysRev.114.687', 'author': ['Girifalco, L. A. ', ' Weizer, V. G.'], 'number': '3'}}]"
795,"['pair_style kim Morse_Shifted_GirifalcoWeizer_1959HighCutoff_Fe__MO_147603128437_004\n', 'pair_coeff * * Fe\n']",[],OPENKIM,Morse_Shifted_GirifalcoWeizer_1959HighCutoff_Fe__MO_147603128437_004,['Fe'],"[{'A._1959': {'title': 'Application of the {M}orse Potential Function to Cubic Metals', 'volume': '114', 'year': '1959', 'journal': 'Physical Review', 'doi': '10.1103/PhysRev.114.687', 'author': ['Girifalco, L. A. ', ' Weizer, V. G.'], 'number': '3'}}]"
796,"['pair_style kim Morse_Shifted_GirifalcoWeizer_1959HighCutoff_K__MO_836927321152_004\n', 'pair_coeff * * K\n']",[],OPENKIM,Morse_Shifted_GirifalcoWeizer_1959HighCutoff_K__MO_836927321152_004,['K'],"[{'A._1959': {'title': 'Application of the {M}orse Potential Function to Cubic Metals', 'volume': '114', 'year': '1959', 'journal': 'Physical Review', 'doi': '10.1103/PhysRev.114.687', 'author': ['Girifalco, L. A. ', ' Weizer, V. G.'], 'number': '3'}}]"
797,"['pair_style kim Morse_Shifted_GirifalcoWeizer_1959HighCutoff_Mo__MO_666830945336_004\n', 'pair_coeff * * Mo\n']",[],OPENKIM,Morse_Shifted_GirifalcoWeizer_1959HighCutoff_Mo__MO_666830945336_004,['Mo'],"[{'A._1959': {'title': 'Application of the {M}orse Potential Function to Cubic Metals', 'volume': '114', 'year': '1959', 'journal': 'Physical Review', 'doi': '10.1103/PhysRev.114.687', 'author': ['Girifalco, L. A. ', ' Weizer, V. G.'], 'number': '3'}}]"
798,"['pair_style kim Morse_Shifted_GirifalcoWeizer_1959HighCutoff_Na__MO_587469264453_004\n', 'pair_coeff * * Na\n']",[],OPENKIM,Morse_Shifted_GirifalcoWeizer_1959HighCutoff_Na__MO_587469264453_004,['Na'],"[{'A._1959': {'title': 'Application of the {M}orse Potential Function to Cubic Metals', 'volume': '114', 'year': '1959', 'journal': 'Physical Review', 'doi': '10.1103/PhysRev.114.687', 'author': ['Girifalco, L. A. ', ' Weizer, V. G.'], 'number': '3'}}]"
799,"['pair_style kim Morse_Shifted_GirifalcoWeizer_1959HighCutoff_Ni__MO_381861218831_004\n', 'pair_coeff * * Ni\n']",[],OPENKIM,Morse_Shifted_GirifalcoWeizer_1959HighCutoff_Ni__MO_381861218831_004,['Ni'],"[{'A._1959': {'title': 'Application of the {M}orse Potential Function to Cubic Metals', 'volume': '114', 'year': '1959', 'journal': 'Physical Review', 'doi': '10.1103/PhysRev.114.687', 'author': ['Girifalco, L. A. ', ' Weizer, V. G.'], 'number': '3'}}]"
800,"['pair_style kim Morse_Shifted_GirifalcoWeizer_1959HighCutoff_Pb__MO_370271093517_004\n', 'pair_coeff * * Pb\n']",[],OPENKIM,Morse_Shifted_GirifalcoWeizer_1959HighCutoff_Pb__MO_370271093517_004,['Pb'],"[{'A._1959': {'title': 'Application of the {M}orse Potential Function to Cubic Metals', 'volume': '114', 'year': '1959', 'journal': 'Physical Review', 'doi': '10.1103/PhysRev.114.687', 'author': ['Girifalco, L. A. ', ' Weizer, V. G.'], 'number': '3'}}]"
801,"['pair_style kim Morse_Shifted_GirifalcoWeizer_1959HighCutoff_Rb__MO_908110223949_004\n', 'pair_coeff * * Rb\n']",[],OPENKIM,Morse_Shifted_GirifalcoWeizer_1959HighCutoff_Rb__MO_908110223949_004,['Rb'],"[{'A._1959': {'title': 'Application of the {M}orse Potential Function to Cubic Metals', 'volume': '114', 'year': '1959', 'journal': 'Physical Review', 'doi': '10.1103/PhysRev.114.687', 'author': ['Girifalco, L. A. ', ' Weizer, V. G.'], 'number': '3'}}]"
802,"['pair_style kim Morse_Shifted_GirifalcoWeizer_1959HighCutoff_Sr__MO_497591319122_004\n', 'pair_coeff * * Sr\n']",[],OPENKIM,Morse_Shifted_GirifalcoWeizer_1959HighCutoff_Sr__MO_497591319122_004,['Sr'],"[{'A._1959': {'title': 'Application of the {M}orse Potential Function to Cubic Metals', 'volume': '114', 'year': '1959', 'journal': 'Physical Review', 'doi': '10.1103/PhysRev.114.687', 'author': ['Girifalco, L. A. ', ' Weizer, V. G.'], 'number': '3'}}]"
803,"['pair_style kim Morse_Shifted_GirifalcoWeizer_1959HighCutoff_W__MO_646516726498_004\n', 'pair_coeff * * W\n']",[],OPENKIM,Morse_Shifted_GirifalcoWeizer_1959HighCutoff_W__MO_646516726498_004,['W'],"[{'A._1959': {'title': 'Application of the {M}orse Potential Function to Cubic Metals', 'volume': '114', 'year': '1959', 'journal': 'Physical Review', 'doi': '10.1103/PhysRev.114.687', 'author': ['Girifalco, L. A. ', ' Weizer, V. G.'], 'number': '3'}}]"
804,"['pair_style kim Morse_Shifted_GirifalcoWeizer_1959LowCutoff_Ag__MO_137719994600_004\n', 'pair_coeff * * Ag\n']",[],OPENKIM,Morse_Shifted_GirifalcoWeizer_1959LowCutoff_Ag__MO_137719994600_004,['Ag'],"[{'A._1959': {'title': 'Application of the {M}orse Potential Function to Cubic Metals', 'volume': '114', 'year': '1959', 'journal': 'Physical Review', 'doi': '10.1103/PhysRev.114.687', 'author': ['Girifalco, L. A. ', ' Weizer, V. G.'], 'number': '3'}}]"
805,"['pair_style kim Morse_Shifted_GirifalcoWeizer_1959LowCutoff_Al__MO_411898953661_004\n', 'pair_coeff * * Al\n']",[],OPENKIM,Morse_Shifted_GirifalcoWeizer_1959LowCutoff_Al__MO_411898953661_004,['Al'],"[{'A._1959': {'title': 'Application of the {M}orse Potential Function to Cubic Metals', 'volume': '114', 'year': '1959', 'journal': 'Physical Review', 'doi': '10.1103/PhysRev.114.687', 'author': ['Girifalco, L. A. ', ' Weizer, V. G.'], 'number': '3'}}]"
806,"['pair_style kim Morse_Shifted_GirifalcoWeizer_1959LowCutoff_Ba__MO_143487634619_004\n', 'pair_coeff * * Ba\n']",[],OPENKIM,Morse_Shifted_GirifalcoWeizer_1959LowCutoff_Ba__MO_143487634619_004,['Ba'],"[{'A._1959': {'title': 'Application of the {M}orse Potential Function to Cubic Metals', 'volume': '114', 'year': '1959', 'journal': 'Physical Review', 'doi': '10.1103/PhysRev.114.687', 'author': ['Girifalco, L. A. ', ' Weizer, V. G.'], 'number': '3'}}]"
807,"['pair_style kim Morse_Shifted_GirifalcoWeizer_1959LowCutoff_Ca__MO_887105884651_004\n', 'pair_coeff * * Ca\n']",[],OPENKIM,Morse_Shifted_GirifalcoWeizer_1959LowCutoff_Ca__MO_887105884651_004,['Ca'],"[{'A._1959': {'title': 'Application of the {M}orse Potential Function to Cubic Metals', 'volume': '114', 'year': '1959', 'journal': 'Physical Review', 'doi': '10.1103/PhysRev.114.687', 'author': ['Girifalco, L. A. ', ' Weizer, V. G.'], 'number': '3'}}]"
808,"['pair_style kim Morse_Shifted_GirifalcoWeizer_1959LowCutoff_Cr__MO_483480726117_004\n', 'pair_coeff * * Cr\n']",[],OPENKIM,Morse_Shifted_GirifalcoWeizer_1959LowCutoff_Cr__MO_483480726117_004,['Cr'],"[{'A._1959': {'title': 'Application of the {M}orse Potential Function to Cubic Metals', 'volume': '114', 'year': '1959', 'journal': 'Physical Review', 'doi': '10.1103/PhysRev.114.687', 'author': ['Girifalco, L. A. ', ' Weizer, V. G.'], 'number': '3'}}]"
809,"['pair_style kim Morse_Shifted_GirifalcoWeizer_1959LowCutoff_Cs__MO_256406354561_004\n', 'pair_coeff * * Cs\n']",[],OPENKIM,Morse_Shifted_GirifalcoWeizer_1959LowCutoff_Cs__MO_256406354561_004,['Cs'],"[{'A._1959': {'title': 'Application of the {M}orse Potential Function to Cubic Metals', 'volume': '114', 'year': '1959', 'journal': 'Physical Review', 'doi': '10.1103/PhysRev.114.687', 'author': ['Girifalco, L. A. ', ' Weizer, V. G.'], 'number': '3'}}]"
810,"['pair_style kim Morse_Shifted_GirifalcoWeizer_1959LowCutoff_Cu__MO_673777079812_004\n', 'pair_coeff * * Cu\n']",[],OPENKIM,Morse_Shifted_GirifalcoWeizer_1959LowCutoff_Cu__MO_673777079812_004,['Cu'],"[{'A._1959': {'title': 'Application of the {M}orse Potential Function to Cubic Metals', 'volume': '114', 'year': '1959', 'journal': 'Physical Review', 'doi': '10.1103/PhysRev.114.687', 'author': ['Girifalco, L. A. ', ' Weizer, V. G.'], 'number': '3'}}]"
811,"['pair_style kim Morse_Shifted_GirifalcoWeizer_1959LowCutoff_Fe__MO_331285495617_004\n', 'pair_coeff * * Fe\n']",[],OPENKIM,Morse_Shifted_GirifalcoWeizer_1959LowCutoff_Fe__MO_331285495617_004,['Fe'],"[{'A._1959': {'title': 'Application of the {M}orse Potential Function to Cubic Metals', 'volume': '114', 'year': '1959', 'journal': 'Physical Review', 'doi': '10.1103/PhysRev.114.687', 'author': ['Girifalco, L. A. ', ' Weizer, V. G.'], 'number': '3'}}]"
812,"['pair_style kim Morse_Shifted_GirifalcoWeizer_1959LowCutoff_K__MO_749732139672_004\n', 'pair_coeff * * K\n']",[],OPENKIM,Morse_Shifted_GirifalcoWeizer_1959LowCutoff_K__MO_749732139672_004,['K'],"[{'A._1959': {'title': 'Application of the {M}orse Potential Function to Cubic Metals', 'volume': '114', 'year': '1959', 'journal': 'Physical Review', 'doi': '10.1103/PhysRev.114.687', 'author': ['Girifalco, L. A. ', ' Weizer, V. G.'], 'number': '3'}}]"
813,"['pair_style kim Morse_Shifted_GirifalcoWeizer_1959LowCutoff_Mo__MO_228581001644_004\n', 'pair_coeff * * Mo\n']",[],OPENKIM,Morse_Shifted_GirifalcoWeizer_1959LowCutoff_Mo__MO_228581001644_004,['Mo'],"[{'A._1959': {'title': 'Application of the {M}orse Potential Function to Cubic Metals', 'volume': '114', 'year': '1959', 'journal': 'Physical Review', 'doi': '10.1103/PhysRev.114.687', 'author': ['Girifalco, L. A. ', ' Weizer, V. G.'], 'number': '3'}}]"
814,"['pair_style kim Morse_Shifted_GirifalcoWeizer_1959LowCutoff_Na__MO_707981543254_004\n', 'pair_coeff * * Na\n']",[],OPENKIM,Morse_Shifted_GirifalcoWeizer_1959LowCutoff_Na__MO_707981543254_004,['Na'],"[{'A._1959': {'title': 'Application of the {M}orse Potential Function to Cubic Metals', 'volume': '114', 'year': '1959', 'journal': 'Physical Review', 'doi': '10.1103/PhysRev.114.687', 'author': ['Girifalco, L. A. ', ' Weizer, V. G.'], 'number': '3'}}]"
815,"['pair_style kim Morse_Shifted_GirifalcoWeizer_1959LowCutoff_Ni__MO_322509103239_004\n', 'pair_coeff * * Ni\n']",[],OPENKIM,Morse_Shifted_GirifalcoWeizer_1959LowCutoff_Ni__MO_322509103239_004,['Ni'],"[{'A._1959': {'title': 'Application of the {M}orse Potential Function to Cubic Metals', 'volume': '114', 'year': '1959', 'journal': 'Physical Review', 'doi': '10.1103/PhysRev.114.687', 'author': ['Girifalco, L. A. ', ' Weizer, V. G.'], 'number': '3'}}]"
816,"['pair_style kim Morse_Shifted_GirifalcoWeizer_1959LowCutoff_Pb__MO_534638645497_004\n', 'pair_coeff * * Pb\n']",[],OPENKIM,Morse_Shifted_GirifalcoWeizer_1959LowCutoff_Pb__MO_534638645497_004,['Pb'],"[{'A._1959': {'title': 'Application of the {M}orse Potential Function to Cubic Metals', 'volume': '114', 'year': '1959', 'journal': 'Physical Review', 'doi': '10.1103/PhysRev.114.687', 'author': ['Girifalco, L. A. ', ' Weizer, V. G.'], 'number': '3'}}]"
817,"['pair_style kim Morse_Shifted_GirifalcoWeizer_1959LowCutoff_Rb__MO_754498969542_004\n', 'pair_coeff * * Rb\n']",[],OPENKIM,Morse_Shifted_GirifalcoWeizer_1959LowCutoff_Rb__MO_754498969542_004,['Rb'],"[{'A._1959': {'title': 'Application of the {M}orse Potential Function to Cubic Metals', 'volume': '114', 'year': '1959', 'journal': 'Physical Review', 'doi': '10.1103/PhysRev.114.687', 'author': ['Girifalco, L. A. ', ' Weizer, V. G.'], 'number': '3'}}]"
818,"['pair_style kim Morse_Shifted_GirifalcoWeizer_1959LowCutoff_Sr__MO_801083489225_004\n', 'pair_coeff * * Sr\n']",[],OPENKIM,Morse_Shifted_GirifalcoWeizer_1959LowCutoff_Sr__MO_801083489225_004,['Sr'],"[{'A._1959': {'title': 'Application of the {M}orse Potential Function to Cubic Metals', 'volume': '114', 'year': '1959', 'journal': 'Physical Review', 'doi': '10.1103/PhysRev.114.687', 'author': ['Girifalco, L. A. ', ' Weizer, V. G.'], 'number': '3'}}]"
819,"['pair_style kim Morse_Shifted_GirifalcoWeizer_1959LowCutoff_W__MO_489351836217_004\n', 'pair_coeff * * W\n']",[],OPENKIM,Morse_Shifted_GirifalcoWeizer_1959LowCutoff_W__MO_489351836217_004,['W'],"[{'A._1959': {'title': 'Application of the {M}orse Potential Function to Cubic Metals', 'volume': '114', 'year': '1959', 'journal': 'Physical Review', 'doi': '10.1103/PhysRev.114.687', 'author': ['Girifalco, L. A. ', ' Weizer, V. G.'], 'number': '3'}}]"
820,"['pair_style kim Morse_Shifted_GirifalcoWeizer_1959MedCutoff_Ag__MO_861893969202_004\n', 'pair_coeff * * Ag\n']",[],OPENKIM,Morse_Shifted_GirifalcoWeizer_1959MedCutoff_Ag__MO_861893969202_004,['Ag'],"[{'A._1959': {'title': 'Application of the {M}orse Potential Function to Cubic Metals', 'volume': '114', 'year': '1959', 'journal': 'Physical Review', 'doi': '10.1103/PhysRev.114.687', 'author': ['Girifalco, L. A. ', ' Weizer, V. G.'], 'number': '3'}}]"
821,"['pair_style kim Morse_Shifted_GirifalcoWeizer_1959MedCutoff_Al__MO_279544746097_004\n', 'pair_coeff * * Al\n']",[],OPENKIM,Morse_Shifted_GirifalcoWeizer_1959MedCutoff_Al__MO_279544746097_004,['Al'],"[{'A._1959': {'title': 'Application of the {M}orse Potential Function to Cubic Metals', 'volume': '114', 'year': '1959', 'journal': 'Physical Review', 'doi': '10.1103/PhysRev.114.687', 'author': ['Girifalco, L. A. ', ' Weizer, V. G.'], 'number': '3'}}]"
822,"['pair_style kim Morse_Shifted_GirifalcoWeizer_1959MedCutoff_Ba__MO_229241184339_004\n', 'pair_coeff * * Ba\n']",[],OPENKIM,Morse_Shifted_GirifalcoWeizer_1959MedCutoff_Ba__MO_229241184339_004,['Ba'],"[{'A._1959': {'title': 'Application of the {M}orse Potential Function to Cubic Metals', 'volume': '114', 'year': '1959', 'journal': 'Physical Review', 'doi': '10.1103/PhysRev.114.687', 'author': ['Girifalco, L. A. ', ' Weizer, V. G.'], 'number': '3'}}]"
823,"['pair_style kim Morse_Shifted_GirifalcoWeizer_1959MedCutoff_Ca__MO_562200212426_004\n', 'pair_coeff * * Ca\n']",[],OPENKIM,Morse_Shifted_GirifalcoWeizer_1959MedCutoff_Ca__MO_562200212426_004,['Ca'],"[{'A._1959': {'title': 'Application of the {M}orse Potential Function to Cubic Metals', 'volume': '114', 'year': '1959', 'journal': 'Physical Review', 'doi': '10.1103/PhysRev.114.687', 'author': ['Girifalco, L. A. ', ' Weizer, V. G.'], 'number': '3'}}]"
824,"['pair_style kim Morse_Shifted_GirifalcoWeizer_1959MedCutoff_Cr__MO_245813471114_004\n', 'pair_coeff * * Cr\n']",[],OPENKIM,Morse_Shifted_GirifalcoWeizer_1959MedCutoff_Cr__MO_245813471114_004,['Cr'],"[{'A._1959': {'title': 'Application of the {M}orse Potential Function to Cubic Metals', 'volume': '114', 'year': '1959', 'journal': 'Physical Review', 'doi': '10.1103/PhysRev.114.687', 'author': ['Girifalco, L. A. ', ' Weizer, V. G.'], 'number': '3'}}]"
825,"['pair_style kim Morse_Shifted_GirifalcoWeizer_1959MedCutoff_Cs__MO_999639780744_004\n', 'pair_coeff * * Cs\n']",[],OPENKIM,Morse_Shifted_GirifalcoWeizer_1959MedCutoff_Cs__MO_999639780744_004,['Cs'],"[{'A._1959': {'title': 'Application of the {M}orse Potential Function to Cubic Metals', 'volume': '114', 'year': '1959', 'journal': 'Physical Review', 'doi': '10.1103/PhysRev.114.687', 'author': ['Girifalco, L. A. ', ' Weizer, V. G.'], 'number': '3'}}]"
826,"['pair_style kim Morse_Shifted_GirifalcoWeizer_1959MedCutoff_Cu__MO_173787283511_004\n', 'pair_coeff * * Cu\n']",[],OPENKIM,Morse_Shifted_GirifalcoWeizer_1959MedCutoff_Cu__MO_173787283511_004,['Cu'],"[{'A._1959': {'title': 'Application of the {M}orse Potential Function to Cubic Metals', 'volume': '114', 'year': '1959', 'journal': 'Physical Review', 'doi': '10.1103/PhysRev.114.687', 'author': ['Girifalco, L. A. ', ' Weizer, V. G.'], 'number': '3'}}]"
827,"['pair_style kim Morse_Shifted_GirifalcoWeizer_1959MedCutoff_Fe__MO_984358344196_004\n', 'pair_coeff * * Fe\n']",[],OPENKIM,Morse_Shifted_GirifalcoWeizer_1959MedCutoff_Fe__MO_984358344196_004,['Fe'],"[{'A._1959': {'title': 'Application of the {M}orse Potential Function to Cubic Metals', 'volume': '114', 'year': '1959', 'journal': 'Physical Review', 'doi': '10.1103/PhysRev.114.687', 'author': ['Girifalco, L. A. ', ' Weizer, V. G.'], 'number': '3'}}]"
828,"['pair_style kim Morse_Shifted_GirifalcoWeizer_1959MedCutoff_K__MO_202712315930_004\n', 'pair_coeff * * K\n']",[],OPENKIM,Morse_Shifted_GirifalcoWeizer_1959MedCutoff_K__MO_202712315930_004,['K'],"[{'A._1959': {'title': 'Application of the {M}orse Potential Function to Cubic Metals', 'volume': '114', 'year': '1959', 'journal': 'Physical Review', 'doi': '10.1103/PhysRev.114.687', 'author': ['Girifalco, L. A. ', ' Weizer, V. G.'], 'number': '3'}}]"
829,"['pair_style kim Morse_Shifted_GirifalcoWeizer_1959MedCutoff_Mo__MO_534363225491_004\n', 'pair_coeff * * Mo\n']",[],OPENKIM,Morse_Shifted_GirifalcoWeizer_1959MedCutoff_Mo__MO_534363225491_004,['Mo'],"[{'A._1959': {'title': 'Application of the {M}orse Potential Function to Cubic Metals', 'volume': '114', 'year': '1959', 'journal': 'Physical Review', 'doi': '10.1103/PhysRev.114.687', 'author': ['Girifalco, L. A. ', ' Weizer, V. G.'], 'number': '3'}}]"
830,"['pair_style kim Morse_Shifted_GirifalcoWeizer_1959MedCutoff_Na__MO_636041334617_004\n', 'pair_coeff * * Na\n']",[],OPENKIM,Morse_Shifted_GirifalcoWeizer_1959MedCutoff_Na__MO_636041334617_004,['Na'],"[{'A._1959': {'title': 'Application of the {M}orse Potential Function to Cubic Metals', 'volume': '114', 'year': '1959', 'journal': 'Physical Review', 'doi': '10.1103/PhysRev.114.687', 'author': ['Girifalco, L. A. ', ' Weizer, V. G.'], 'number': '3'}}]"
831,"['pair_style kim Morse_Shifted_GirifalcoWeizer_1959MedCutoff_Ni__MO_758825945924_004\n', 'pair_coeff * * Ni\n']",[],OPENKIM,Morse_Shifted_GirifalcoWeizer_1959MedCutoff_Ni__MO_758825945924_004,['Ni'],"[{'A._1959': {'title': 'Application of the {M}orse Potential Function to Cubic Metals', 'volume': '114', 'year': '1959', 'journal': 'Physical Review', 'doi': '10.1103/PhysRev.114.687', 'author': ['Girifalco, L. A. ', ' Weizer, V. G.'], 'number': '3'}}]"
832,"['pair_style kim Morse_Shifted_GirifalcoWeizer_1959MedCutoff_Pb__MO_958424213898_004\n', 'pair_coeff * * Pb\n']",[],OPENKIM,Morse_Shifted_GirifalcoWeizer_1959MedCutoff_Pb__MO_958424213898_004,['Pb'],"[{'A._1959': {'title': 'Application of the {M}orse Potential Function to Cubic Metals', 'volume': '114', 'year': '1959', 'journal': 'Physical Review', 'doi': '10.1103/PhysRev.114.687', 'author': ['Girifalco, L. A. ', ' Weizer, V. G.'], 'number': '3'}}]"
833,"['pair_style kim Morse_Shifted_GirifalcoWeizer_1959MedCutoff_Rb__MO_147245690895_004\n', 'pair_coeff * * Rb\n']",[],OPENKIM,Morse_Shifted_GirifalcoWeizer_1959MedCutoff_Rb__MO_147245690895_004,['Rb'],"[{'A._1959': {'title': 'Application of the {M}orse Potential Function to Cubic Metals', 'volume': '114', 'year': '1959', 'journal': 'Physical Review', 'doi': '10.1103/PhysRev.114.687', 'author': ['Girifalco, L. A. ', ' Weizer, V. G.'], 'number': '3'}}]"
834,"['pair_style kim Morse_Shifted_GirifalcoWeizer_1959MedCutoff_Sr__MO_964297938209_004\n', 'pair_coeff * * Sr\n']",[],OPENKIM,Morse_Shifted_GirifalcoWeizer_1959MedCutoff_Sr__MO_964297938209_004,['Sr'],"[{'A._1959': {'title': 'Application of the {M}orse Potential Function to Cubic Metals', 'volume': '114', 'year': '1959', 'journal': 'Physical Review', 'doi': '10.1103/PhysRev.114.687', 'author': ['Girifalco, L. A. ', ' Weizer, V. G.'], 'number': '3'}}]"
835,"['pair_style kim Morse_Shifted_GirifalcoWeizer_1959MedCutoff_W__MO_390128289865_004\n', 'pair_coeff * * W\n']",[],OPENKIM,Morse_Shifted_GirifalcoWeizer_1959MedCutoff_W__MO_390128289865_004,['W'],"[{'A._1959': {'title': 'Application of the {M}orse Potential Function to Cubic Metals', 'volume': '114', 'year': '1959', 'journal': 'Physical Review', 'doi': '10.1103/PhysRev.114.687', 'author': ['Girifalco, L. A. ', ' Weizer, V. G.'], 'number': '3'}}]"
836,"['pair_style kim Morse_Shifted_Glyde_1970_Ne__MO_169434419764_004\n', 'pair_coeff * * Ne\n']",[],OPENKIM,Morse_Shifted_Glyde_1970_Ne__MO_169434419764_004,['Ne'],"[{'Glyde_1970': {'title': 'Anharmonicity and potentials for the solidified inert gases', 'volume': '3', 'year': '1970', 'journal': 'Journal of Physics C: Solid State Physics', 'doi': '10.1088/0022-3719/3/4/009', 'author': ['H. R. Glyde']}}]"
837,"['pair_style kim Morse_Shifted_Jelinek_1972_Ar__MO_831902330215_004\n', 'pair_coeff * * Ar\n']",[],OPENKIM,Morse_Shifted_Jelinek_1972_Ar__MO_831902330215_004,['Ar'],"[{'E._1972': {'title': 'Properties of Crystalline Argon, Krypton, and Xenon Based Upon the {B}orn-{H}uang Method of Homogeneous Deformations. {III}. {T}he Low-Temperature Limit', 'volume': '5', 'year': '1972', 'journal': 'Physical Review B', 'doi': '10.1103/PhysRevB.5.3210', 'author': ['Jelinek, G. E.'], 'number': '8'}}]"
838,"['pair_style kim Morse_SigmoidalSmoothed_Jelinek_1972_Ar__MO_071460865933_002\n', 'pair_coeff * * Ar\n']",[],OPENKIM,Morse_SigmoidalSmoothed_Jelinek_1972_Ar__MO_071460865933_002,['Ar'],"[{'E._1972': {'title': 'Properties of Crystalline Argon, Krypton, and Xenon Based Upon the {B}orn-{H}uang Method of Homogeneous Deformations. {III}. {T}he Low-Temperature Limit', 'volume': '5', 'year': '1972', 'journal': 'Physical Review B', 'doi': '10.1103/PhysRevB.5.3210', 'author': ['Jelinek, G. E.'], 'number': '8'}}]"
839,"['pair_style kim SNAP_ChenDengTran_2017_Mo__MO_698578166685_000\n', 'pair_coeff * * Mo\n']",[],OPENKIM,SNAP_ChenDengTran_2017_Mo__MO_698578166685_000,['Mo'],"[{'Chi_2017': {'title': 'Accurate Force Field for Molybdenum by Machine Learning Large Materials Data', 'volume': '1', 'year': '2017', 'journal': 'Physical Review Materials', 'doi': '10.1103/PhysRevMaterials.1.043603', 'author': ['Chen, Chi ', ' Deng, Zhi ', ' Tran, Richard ', ' Tang, Hanmei ', ' Chu, Iek-Heng ', ' Ong, Shyue Ping']}}]"
840,"['pair_style kim SNAP_LiChenZheng_2019_NbTaWMo__MO_560387080449_000\n', 'pair_coeff * * Nb Ta W Mo\n']",[],OPENKIM,SNAP_LiChenZheng_2019_NbTaWMo__MO_560387080449_000,"['Nb', 'Ta', 'W', 'Mo']","[{'Xiang-Guo_2020': {'title': 'Complex strengthening mechanisms in the {{NbMoTaW}} multi-principal element alloy', 'volume': '6', 'year': '2020', 'journal': 'npj Computational Materials', 'doi': '10.1038/s41524-020-0339-0', 'author': ['Li, Xiang-Guo ', ' Chen, Chi ', ' Zheng, Hui ', ' Zuo, Yunxing ', ' Ong, Shyue Ping'], 'number': '1'}}]"
841,"['pair_style kim SNAP_LiHuChen_2018_Cu__MO_529419924683_000\n', 'pair_coeff * * Cu\n']",[],OPENKIM,SNAP_LiHuChen_2018_Cu__MO_529419924683_000,['Cu'],"[{'Xiang-Guo_2018': {'title': 'Quantum-Accurate Spectral Neighbor Analysis Potential Models for {{Ni}}-{{Mo}} Binary Alloys and Fcc Metals', 'volume': '98', 'year': '2018', 'journal': 'Physical Review B', 'doi': '10.1103/PhysRevB.98.094104', 'author': ['Li, Xiang-Guo ', ' Hu, Chongze ', ' Chen, Chi ', ' Deng, Zhi ', ' Luo, Jian ', ' Ong, Shyue Ping']}}]"
842,"['pair_style kim SNAP_LiHuChen_2018_NiMo__MO_468686727341_000\n', 'pair_coeff * * Ni Mo\n']",[],OPENKIM,SNAP_LiHuChen_2018_NiMo__MO_468686727341_000,"['Ni', 'Mo']","[{'Xiang-Guo_2018': {'title': 'Quantum-Accurate Spectral Neighbor Analysis Potential Models for {{Ni}}-{{Mo}} Binary Alloys and Fcc Metals', 'volume': '98', 'year': '2018', 'journal': 'Physical Review B', 'doi': '10.1103/PhysRevB.98.094104', 'author': ['Li, Xiang-Guo ', ' Hu, Chongze ', ' Chen, Chi ', ' Deng, Zhi ', ' Luo, Jian ', ' Ong, Shyue Ping']}}]"
843,"['pair_style kim SNAP_LiHuChen_2018_Ni__MO_913991514986_000\n', 'pair_coeff * * Ni\n']",[],OPENKIM,SNAP_LiHuChen_2018_Ni__MO_913991514986_000,['Ni'],"[{'Xiang-Guo_2018': {'title': 'Quantum-Accurate Spectral Neighbor Analysis Potential Models for {{Ni}}-{{Mo}} Binary Alloys and Fcc Metals', 'volume': '98', 'year': '2018', 'journal': 'Physical Review B', 'doi': '10.1103/PhysRevB.98.094104', 'author': ['Li, Xiang-Guo ', ' Hu, Chongze ', ' Chen, Chi ', ' Deng, Zhi ', ' Luo, Jian ', ' Ong, Shyue Ping']}}]"
844,"['pair_style kim SNAP_ThompsonSwilerTrott_2015_Ta__MO_359768485367_000\n', 'pair_coeff * * Ta\n']",[],OPENKIM,SNAP_ThompsonSwilerTrott_2015_Ta__MO_359768485367_000,['Ta'],"[{'A.P._2015': {'title': 'Spectral neighbor analysis method for automated generation of quantum-accurate interatomic potentials', 'volume': '285', 'year': '2015', 'journal': 'Journal of Computational Physics', 'doi': '10.1016/j.jcp.2014.12.018', 'author': ['Thompson, A.P. ', ' Swiler, L.P. ', ' Trott, C.R. ', ' Foiles, S.M. ', ' Tucker, G.J.']}}]"
845,"['pair_style kim SNAP_ZuoChenLi_2019_Cu__MO_931672895580_000\n', 'pair_coeff * * Cu\n']",[],OPENKIM,SNAP_ZuoChenLi_2019_Cu__MO_931672895580_000,['Cu'],"[{'Yunxing_2020': {'title': 'Performance and Cost Assessment of Machine Learning Interatomic Potentials', 'volume': '124', 'year': '2020', 'journal': 'The Journal of Physical Chemistry A', 'doi': '10.1021/acs.jpca.9b08723', 'author': ['Zuo, Yunxing ', ' Chen, Chi ', ' Li, Xiangguo ', ' Deng, Zhi ', ' Chen, Yiming ', ' Behler, J{\\""o}rg ', "" Cs{\\'a}nyi, G{\\'a}bor "", ' Shapeev, Alex', 'er V. ', ' Thompson, Aidan P. ', ' Wood, Mitchell A. ', ' Ong, Shyue Ping']}}]"
846,"['pair_style kim SNAP_ZuoChenLi_2019_Ge__MO_183216355174_000\n', 'pair_coeff * * Ge\n']",[],OPENKIM,SNAP_ZuoChenLi_2019_Ge__MO_183216355174_000,['Ge'],"[{'Yunxing_2020': {'title': 'Performance and Cost Assessment of Machine Learning Interatomic Potentials', 'volume': '124', 'year': '2020', 'journal': 'The Journal of Physical Chemistry A', 'doi': '10.1021/acs.jpca.9b08723', 'author': ['Zuo, Yunxing ', ' Chen, Chi ', ' Li, Xiangguo ', ' Deng, Zhi ', ' Chen, Yiming ', ' Behler, J{\\""o}rg ', "" Cs{\\'a}nyi, G{\\'a}bor "", ' Shapeev, Alex', 'er V. ', ' Thompson, Aidan P. ', ' Wood, Mitchell A. ', ' Ong, Shyue Ping']}}]"
847,"['pair_style kim SNAP_ZuoChenLi_2019_Li__MO_732106099012_000\n', 'pair_coeff * * Li\n']",[],OPENKIM,SNAP_ZuoChenLi_2019_Li__MO_732106099012_000,['Li'],"[{'Yunxing_2020': {'title': 'Performance and Cost Assessment of Machine Learning Interatomic Potentials', 'volume': '124', 'year': '2020', 'journal': 'The Journal of Physical Chemistry A', 'doi': '10.1021/acs.jpca.9b08723', 'author': ['Zuo, Yunxing ', ' Chen, Chi ', ' Li, Xiangguo ', ' Deng, Zhi ', ' Chen, Yiming ', ' Behler, J{\\""o}rg ', "" Cs{\\'a}nyi, G{\\'a}bor "", ' Shapeev, Alex', 'er V. ', ' Thompson, Aidan P. ', ' Wood, Mitchell A. ', ' Ong, Shyue Ping']}}]"
848,"['pair_style kim SNAP_ZuoChenLi_2019_Mo__MO_014123846623_000\n', 'pair_coeff * * Mo\n']",[],OPENKIM,SNAP_ZuoChenLi_2019_Mo__MO_014123846623_000,['Mo'],"[{'Yunxing_2020': {'title': 'Performance and Cost Assessment of Machine Learning Interatomic Potentials', 'volume': '124', 'year': '2020', 'journal': 'The Journal of Physical Chemistry A', 'doi': '10.1021/acs.jpca.9b08723', 'author': ['Zuo, Yunxing ', ' Chen, Chi ', ' Li, Xiangguo ', ' Deng, Zhi ', ' Chen, Yiming ', ' Behler, J{\\""o}rg ', "" Cs{\\'a}nyi, G{\\'a}bor "", ' Shapeev, Alex', 'er V. ', ' Thompson, Aidan P. ', ' Wood, Mitchell A. ', ' Ong, Shyue Ping']}}]"
849,"['pair_style kim SNAP_ZuoChenLi_2019_Ni__MO_365106510449_000\n', 'pair_coeff * * Ni\n']",[],OPENKIM,SNAP_ZuoChenLi_2019_Ni__MO_365106510449_000,['Ni'],"[{'Yunxing_2020': {'title': 'Performance and Cost Assessment of Machine Learning Interatomic Potentials', 'volume': '124', 'year': '2020', 'journal': 'The Journal of Physical Chemistry A', 'doi': '10.1021/acs.jpca.9b08723', 'author': ['Zuo, Yunxing ', ' Chen, Chi ', ' Li, Xiangguo ', ' Deng, Zhi ', ' Chen, Yiming ', ' Behler, J{\\""o}rg ', "" Cs{\\'a}nyi, G{\\'a}bor "", ' Shapeev, Alex', 'er V. ', ' Thompson, Aidan P. ', ' Wood, Mitchell A. ', ' Ong, Shyue Ping']}}]"
850,"['pair_style kim SNAP_ZuoChenLi_2019_Si__MO_869330304805_000\n', 'pair_coeff * * Si\n']",[],OPENKIM,SNAP_ZuoChenLi_2019_Si__MO_869330304805_000,['Si'],"[{'Yunxing_2020': {'title': 'Performance and Cost Assessment of Machine Learning Interatomic Potentials', 'volume': '124', 'year': '2020', 'journal': 'The Journal of Physical Chemistry A', 'doi': '10.1021/acs.jpca.9b08723', 'author': ['Zuo, Yunxing ', ' Chen, Chi ', ' Li, Xiangguo ', ' Deng, Zhi ', ' Chen, Yiming ', ' Behler, J{\\""o}rg ', "" Cs{\\'a}nyi, G{\\'a}bor "", ' Shapeev, Alex', 'er V. ', ' Thompson, Aidan P. ', ' Wood, Mitchell A. ', ' Ong, Shyue Ping']}}]"
851,"['pair_style kim SNAP_ZuoChenLi_2019quadratic_Cu__MO_265210066873_000\n', 'pair_coeff * * Cu\n']",[],OPENKIM,SNAP_ZuoChenLi_2019quadratic_Cu__MO_265210066873_000,['Cu'],"[{'Yunxing_2020': {'title': 'Performance and Cost Assessment of Machine Learning Interatomic Potentials', 'volume': '124', 'year': '2020', 'journal': 'The Journal of Physical Chemistry A', 'doi': '10.1021/acs.jpca.9b08723', 'author': ['Zuo, Yunxing ', ' Chen, Chi ', ' Li, Xiangguo ', ' Deng, Zhi ', ' Chen, Yiming ', ' Behler, J{\\""o}rg ', "" Cs{\\'a}nyi, G{\\'a}bor "", ' Shapeev, Alex', 'er V. ', ' Thompson, Aidan P. ', ' Wood, Mitchell A. ', ' Ong, Shyue Ping']}}]"
852,"['pair_style kim SNAP_ZuoChenLi_2019quadratic_Ge__MO_766484508139_000\n', 'pair_coeff * * Ge\n']",[],OPENKIM,SNAP_ZuoChenLi_2019quadratic_Ge__MO_766484508139_000,['Ge'],"[{'Yunxing_2020': {'title': 'Performance and Cost Assessment of Machine Learning Interatomic Potentials', 'volume': '124', 'year': '2020', 'journal': 'The Journal of Physical Chemistry A', 'doi': '10.1021/acs.jpca.9b08723', 'author': ['Zuo, Yunxing ', ' Chen, Chi ', ' Li, Xiangguo ', ' Deng, Zhi ', ' Chen, Yiming ', ' Behler, J{\\""o}rg ', "" Cs{\\'a}nyi, G{\\'a}bor "", ' Shapeev, Alex', 'er V. ', ' Thompson, Aidan P. ', ' Wood, Mitchell A. ', ' Ong, Shyue Ping']}}]"
853,"['pair_style kim SNAP_ZuoChenLi_2019quadratic_Li__MO_041269750353_000\n', 'pair_coeff * * Li\n']",[],OPENKIM,SNAP_ZuoChenLi_2019quadratic_Li__MO_041269750353_000,['Li'],"[{'Yunxing_2020': {'title': 'Performance and Cost Assessment of Machine Learning Interatomic Potentials', 'volume': '124', 'year': '2020', 'journal': 'The Journal of Physical Chemistry A', 'doi': '10.1021/acs.jpca.9b08723', 'author': ['Zuo, Yunxing ', ' Chen, Chi ', ' Li, Xiangguo ', ' Deng, Zhi ', ' Chen, Yiming ', ' Behler, J{\\""o}rg ', "" Cs{\\'a}nyi, G{\\'a}bor "", ' Shapeev, Alex', 'er V. ', ' Thompson, Aidan P. ', ' Wood, Mitchell A. ', ' Ong, Shyue Ping']}}]"
854,"['pair_style kim SNAP_ZuoChenLi_2019quadratic_Mo__MO_692442138123_000\n', 'pair_coeff * * Mo\n']",[],OPENKIM,SNAP_ZuoChenLi_2019quadratic_Mo__MO_692442138123_000,['Mo'],"[{'Yunxing_2020': {'title': 'Performance and Cost Assessment of Machine Learning Interatomic Potentials', 'volume': '124', 'year': '2020', 'journal': 'The Journal of Physical Chemistry A', 'doi': '10.1021/acs.jpca.9b08723', 'author': ['Zuo, Yunxing ', ' Chen, Chi ', ' Li, Xiangguo ', ' Deng, Zhi ', ' Chen, Yiming ', ' Behler, J{\\""o}rg ', "" Cs{\\'a}nyi, G{\\'a}bor "", ' Shapeev, Alex', 'er V. ', ' Thompson, Aidan P. ', ' Wood, Mitchell A. ', ' Ong, Shyue Ping']}}]"
855,"['pair_style kim SNAP_ZuoChenLi_2019quadratic_Ni__MO_263593395744_000\n', 'pair_coeff * * Ni\n']",[],OPENKIM,SNAP_ZuoChenLi_2019quadratic_Ni__MO_263593395744_000,['Ni'],"[{'Yunxing_2020': {'title': 'Performance and Cost Assessment of Machine Learning Interatomic Potentials', 'volume': '124', 'year': '2020', 'journal': 'The Journal of Physical Chemistry A', 'doi': '10.1021/acs.jpca.9b08723', 'author': ['Zuo, Yunxing ', ' Chen, Chi ', ' Li, Xiangguo ', ' Deng, Zhi ', ' Chen, Yiming ', ' Behler, J{\\""o}rg ', "" Cs{\\'a}nyi, G{\\'a}bor "", ' Shapeev, Alex', 'er V. ', ' Thompson, Aidan P. ', ' Wood, Mitchell A. ', ' Ong, Shyue Ping']}}]"
856,"['pair_style kim SNAP_ZuoChenLi_2019quadratic_Si__MO_721469752060_000\n', 'pair_coeff * * Si\n']",[],OPENKIM,SNAP_ZuoChenLi_2019quadratic_Si__MO_721469752060_000,['Si'],"[{'Yunxing_2020': {'title': 'Performance and Cost Assessment of Machine Learning Interatomic Potentials', 'volume': '124', 'year': '2020', 'journal': 'The Journal of Physical Chemistry A', 'doi': '10.1021/acs.jpca.9b08723', 'author': ['Zuo, Yunxing ', ' Chen, Chi ', ' Li, Xiangguo ', ' Deng, Zhi ', ' Chen, Yiming ', ' Behler, J{\\""o}rg ', "" Cs{\\'a}nyi, G{\\'a}bor "", ' Shapeev, Alex', 'er V. ', ' Thompson, Aidan P. ', ' Wood, Mitchell A. ', ' Ong, Shyue Ping']}}]"
857,"['pair_style kim SW_BalamaneHaliciogluTiller_1992_Si__MO_113686039439_004\n', 'pair_coeff * * Si\n']",[],OPENKIM,SW_BalamaneHaliciogluTiller_1992_Si__MO_113686039439_004,['Si'],"[{'H._1985': {'title': 'Computer simulation of local order in condensed phases of silicon', 'volume': '31', 'year': '1985', 'journal': 'Physical Review B', 'doi': '10.1103/PhysRevB.31.5262', 'author': ['Stillinger, Frank H. ', ' Weber, Thomas A.'], 'number': '8'}}, {'H._1992': {'title': 'Comparative study of silicon empirical interatomic potentials', 'volume': '46', 'year': '1992', 'journal': 'Physical Review B', 'doi': '10.1103/PhysRevB.46.2250', 'author': ['Balamane, H. ', ' Halicioglu, T. ', ' Tiller, W. A.'], 'number': '4'}}, {'H._1989': {'title': 'Vacancy- and adatom-induced $\\sqrt{3}\\times\\sqrt{3}$ reconstructions of the {S}i(111) surface', 'volume': '40', 'year': '1989', 'journal': 'Physical Review B', 'doi': '10.1103/PhysRevB.40.9999', 'author': ['Balamane, H. ', ' Halicioglu, T. ', ' Tiller, W. A.'], 'number': '14'}}, {'Tadmor_2011': {'title': 'Modeling Materials: {C}ontinuum, Atomistic and Multiscale Techniques', 'year': '2011', 'author': ['E. B. Tadmor ', ' R. E. Miller']}}]"
858,"['pair_style kim SW_BalamaneHauchShi_2017Brittle_Si__MO_381114941873_002\n', 'pair_coeff * * Si\n']",[],OPENKIM,SW_BalamaneHauchShi_2017Brittle_Si__MO_381114941873_002,['Si'],"[{'H._1985': {'title': 'Computer simulation of local order in condensed phases of silicon', 'volume': '31', 'year': '1985', 'journal': 'Physical Review B', 'doi': '10.1103/PhysRevB.31.5262', 'author': ['Stillinger, Frank H. ', ' Weber, Thomas A.'], 'number': '8'}}, {'H._1992': {'title': 'Comparative study of silicon empirical interatomic potentials', 'volume': '46', 'year': '1992', 'journal': 'Physical Review B', 'doi': '10.1103/PhysRevB.46.2250', 'author': ['Balamane, H. ', ' Halicioglu, T. ', ' Tiller, W. A.'], 'number': '4'}}, {'H._1989': {'title': 'Vacancy- and adatom-induced $\\sqrt{3}\\times\\sqrt{3}$ reconstructions of the {S}i(111) surface', 'volume': '40', 'year': '1989', 'journal': 'Physical Review B', 'doi': '10.1103/PhysRevB.40.9999', 'author': ['Balamane, H. ', ' Halicioglu, T. ', ' Tiller, W. A.'], 'number': '14'}}, {'A._1999': {'title': 'Dynamic Fracture in Single Crystal Silicon', 'volume': '82', 'year': '1999', 'journal': 'Physical Review Letters', 'doi': '10.1103/PhysRevLett.82.3823', 'author': ['Hauch, Jens A. ', ' Holl', ', Dominic ', ' Marder, M. P. ', ' Swinney, Harry L.'], 'number': '19'}}]"
859,"['pair_style kim SW_BereSerra_2006_GaN__MO_861114678890_000\n', 'pair_coeff * * Ga N\n']",[],OPENKIM,SW_BereSerra_2006_GaN__MO_861114678890_000,"['Ga', 'N']","[{'A._2006': {'title': 'On the atomic structures, mobility and interactions of extended defects in GaN: dislocations, tilt and twin boundaries', 'volume': '86', 'year': '2006', 'journal': 'Philosophical Magazine', 'doi': '10.1080/14786430600640486', 'author': ['Béré, A. ', ' Serra, A.']}}]"
860,"['pair_style kim SW_HauchHollandMarder_1999Brittle_Si__MO_119167353542_004\n', 'pair_coeff * * Si\n']",[],OPENKIM,SW_HauchHollandMarder_1999Brittle_Si__MO_119167353542_004,['Si'],"[{'H._1985': {'title': 'Computer simulation of local order in condensed phases of silicon', 'volume': '31', 'year': '1985', 'journal': 'Physical Review B', 'doi': '10.1103/PhysRevB.31.5262', 'author': ['Stillinger, Frank H. ', ' Weber, Thomas A.'], 'number': '8'}}, {'A._1999': {'title': 'Dynamic Fracture in Single Crystal Silicon', 'volume': '82', 'year': '1999', 'journal': 'Physical Review Letters', 'doi': '10.1103/PhysRevLett.82.3823', 'author': ['Hauch, Jens A. ', ' Holl', ', Dominic ', ' Marder, M. P. ', ' Swinney, Harry L.'], 'number': '19'}}, {'Tadmor_2011': {'title': 'Modeling Materials: {C}ontinuum, Atomistic and Multiscale Techniques', 'year': '2011', 'author': ['E. B. Tadmor ', ' R. E. Miller']}}]"
861,"['pair_style kim SW_LeeHwang_2012GGA_Si__MO_040570764911_000\n', 'pair_coeff * * Si\n']",[],OPENKIM,SW_LeeHwang_2012GGA_Si__MO_040570764911_000,['Si'],"[{'Yongjin_2012': {'title': 'Force-matching-based parameterization of the {S}tillinger-{W}eber potential for thermal conduction in silicon', 'volume': '85', 'year': '2012', 'journal': 'Phys. Rev. B', 'doi': '10.1103/PhysRevB.85.125204', 'author': ['Lee, Yongjin ', ' Hwang, Gyeong S.'], 'number': '12'}}]"
862,"['pair_style kim SW_LeeHwang_2012LDA_Si__MO_517338295712_000\n', 'pair_coeff * * Si\n']",[],OPENKIM,SW_LeeHwang_2012LDA_Si__MO_517338295712_000,['Si'],"[{'Yongjin_2012': {'title': 'Force-matching-based parameterization of the {S}tillinger-{W}eber potential for thermal conduction in silicon', 'volume': '85', 'year': '2012', 'journal': 'Phys. Rev. B', 'doi': '10.1103/PhysRevB.85.125204', 'author': ['Lee, Yongjin ', ' Hwang, Gyeong S.'], 'number': '12'}}]"
863,"['pair_style kim SW_MX2_WenShirodkarPlechac_2017_MoS__MO_201919462778_001\n', 'pair_coeff * * Mo S\n']",[],OPENKIM,SW_MX2_WenShirodkarPlechac_2017_MoS__MO_201919462778_001,"['Mo', 'S']","[{'Mingjian_2017': {'title': 'A force-matching {S}tillinger-{W}eber potential for {MoS}$_2$: {P}arameterization and {F}isher information theory based sensitivity analysis', 'volume': '122', 'year': '2017', 'journal': 'Journal of Applied Physics', 'doi': '10.1063/1.5007842', 'author': ['Wen, Mingjian ', ' Shirodkar, Sharmila N. ', "" Plech{\\'a}{\\v c}, Petr "", ' Kaxiras, Efthimios ', ' Elliott, Ryan S. ', ' Tadmor, Ellad B.']}}]"
864,"['pair_style kim SW_StillingerWeber_1985_Si__MO_405512056662_005\n', 'pair_coeff * * Si\n']",[],OPENKIM,SW_StillingerWeber_1985_Si__MO_405512056662_005,['Si'],"[{'H._1985': {'title': 'Computer simulation of local order in condensed phases of silicon', 'volume': '31', 'year': '1985', 'journal': 'Physical Review B', 'doi': '10.1103/PhysRevB.31.5262', 'author': ['Stillinger, Frank H. ', ' Weber, Thomas A.'], 'number': '8'}}, {'B._2011': {'title': 'Modeling Materials: {C}ontinuum, Atomistic and Multiscale Techniques', 'year': '2011', 'doi': '10.1017/CBO9781139003582', 'author': ['Tadmor, Ellad B. ', ' Miller, Ronald E.']}}]"
865,"['pair_style kim SW_WangStroudMarkworth_1989_CdTe__MO_786496821446_000\n', 'pair_coeff * * Cd Te\n']",[],OPENKIM,SW_WangStroudMarkworth_1989_CdTe__MO_786496821446_000,"['Cd', 'Te']","[{'Q._1989': {'title': 'Monte Carlo study of the liquid CdTe surface', 'volume': '40', 'year': '1989', 'journal': 'Phys. Rev. B', 'doi': '10.1103/PhysRevB.40.3129', 'author': ['Wang, Z. Q. ', ' Stroud, D. ', ' Markworth, A. J.'], 'number': '5'}}]"
866,"['pair_style kim SW_ZhangXieHu_2014OptimizedSW1_Si__MO_800412945727_004\n', 'pair_coeff * * Si\n']",[],OPENKIM,SW_ZhangXieHu_2014OptimizedSW1_Si__MO_800412945727_004,['Si'],"[{'H._1985': {'title': 'Computer simulation of local order in condensed phases of silicon', 'volume': '31', 'year': '1985', 'journal': 'Physical Review B', 'doi': '10.1103/PhysRevB.31.5262', 'author': ['Stillinger, Frank H. ', ' Weber, Thomas A.'], 'number': '8'}}, {'Xiaoliang_2014': {'title': 'Thermal conductivity of silicene calculated using an optimized {S}tillinger--{W}eber potential', 'volume': '89', 'year': '2014', 'journal': 'Physical Review B', 'doi': '10.1103/PhysRevB.89.054310', 'author': ['Zhang, Xiaoliang ', ' Xie, Han ', ' Hu, Ming ', ' Bao, Hua ', ' Yue, Shengying ', ' Qin, Guangzhao ', ' Su, Gang'], 'number': '5'}}]"
867,"['pair_style kim SW_ZhangXieHu_2014OptimizedSW2_Si__MO_475612090600_004\n', 'pair_coeff * * Si\n']",[],OPENKIM,SW_ZhangXieHu_2014OptimizedSW2_Si__MO_475612090600_004,['Si'],"[{'H._1985': {'title': 'Computer simulation of local order in condensed phases of silicon', 'volume': '31', 'year': '1985', 'journal': 'Physical Review B', 'doi': '10.1103/PhysRevB.31.5262', 'author': ['Stillinger, Frank H. ', ' Weber, Thomas A.'], 'number': '8'}}, {'Xiaoliang_2014': {'title': 'Thermal conductivity of silicene calculated using an optimized {S}tillinger--{W}eber potential', 'volume': '89', 'year': '2014', 'journal': 'Physical Review B', 'doi': '10.1103/PhysRevB.89.054310', 'author': ['Zhang, Xiaoliang ', ' Xie, Han ', ' Hu, Ming ', ' Bao, Hua ', ' Yue, Shengying ', ' Qin, Guangzhao ', ' Su, Gang'], 'number': '5'}}]"
868,"['pair_style kim SW_ZhouWardMartin_2013_CdTeZnSeHgS__MO_503261197030_002\n', 'pair_coeff * * Cd Te Zn Se Hg S\n']",[],OPENKIM,SW_ZhouWardMartin_2013_CdTeZnSeHgS__MO_503261197030_002,"['Cd', 'Te', 'Zn', 'Se', 'Hg', 'S']","[{'H._1985': {'title': 'Computer simulation of local order in condensed phases of silicon', 'volume': '31', 'year': '1985', 'journal': 'Physical Review B', 'doi': '10.1103/PhysRevB.31.5262', 'author': ['Stillinger, Frank H. ', ' Weber, Thomas A.'], 'number': '8'}}, {'Tadmor_2011': {'title': 'Modeling Materials: {C}ontinuum, Atomistic and Multiscale Techniques', 'year': '2011', 'author': ['E. B. Tadmor ', ' R. E. Miller']}}, {'W._2013': {'title': 'Stillinger--{W}eber potential for the {II}-{VI} elements {Zn}-{Cd}-{Hg}-{S}-{Se}-{Te}', 'volume': '88', 'year': '2013', 'journal': 'Physical Review B', 'doi': '10.1103/PhysRevB.88.085309', 'author': ['Zhou, X. W. ', ' Ward, D. K. ', ' Martin, J. E. ', ' van Swol, F. B. ', ' Cruz-Campa, J. L. ', ' Zubia, D.'], 'number': '8'}}]"
869,[],[],OPENKIM,TIDP_RajanWarnerCurtin_2016A_User01__MO_514760222899_001,[],"[{'Rajan_2016': {'title': 'An interatomic pair potential with tunable intrinsic ductility', 'volume': '24', 'year': '2016', 'journal': 'Modelling and Simulation in Materials Science and Engineering', 'doi': '10.1088/0965-0393/24/2/025005', 'author': ['V. P. Rajan ', ' D. H. Warner ', ' W. A. Curtin']}}]"
870,[],[],OPENKIM,TIDP_RajanWarnerCurtin_2016B_User01__MO_217710069583_001,[],"[{'Rajan_2016': {'title': 'An interatomic pair potential with tunable intrinsic ductility', 'volume': '24', 'year': '2016', 'journal': 'Modelling and Simulation in Materials Science and Engineering', 'doi': '10.1088/0965-0393/24/2/025005', 'author': ['V. P. Rajan ', ' D. H. Warner ', ' W. A. Curtin']}}]"
871,[],[],OPENKIM,TIDP_RajanWarnerCurtin_2016C_User01__MO_072437275969_001,[],"[{'Rajan_2016': {'title': 'An interatomic pair potential with tunable intrinsic ductility', 'volume': '24', 'year': '2016', 'journal': 'Modelling and Simulation in Materials Science and Engineering', 'doi': '10.1088/0965-0393/24/2/025005', 'author': ['V. P. Rajan ', ' D. H. Warner ', ' W. A. Curtin']}}]"
872,[],[],OPENKIM,TIDP_RajanWarnerCurtin_2016D_User01__MO_791486224463_001,[],"[{'Rajan_2016': {'title': 'An interatomic pair potential with tunable intrinsic ductility', 'volume': '24', 'year': '2016', 'journal': 'Modelling and Simulation in Materials Science and Engineering', 'doi': '10.1088/0965-0393/24/2/025005', 'author': ['V. P. Rajan ', ' D. H. Warner ', ' W. A. Curtin']}}]"
873,[],[],OPENKIM,TIDP_RajanWarnerCurtin_2016E_User01__MO_971845881377_001,[],"[{'Rajan_2016': {'title': 'An interatomic pair potential with tunable intrinsic ductility', 'volume': '24', 'year': '2016', 'journal': 'Modelling and Simulation in Materials Science and Engineering', 'doi': '10.1088/0965-0393/24/2/025005', 'author': ['V. P. Rajan ', ' D. H. Warner ', ' W. A. Curtin']}}]"
874,[],[],OPENKIM,TIDP_RajanWarnerCurtin_2016F_User01__MO_246297839798_001,[],"[{'Rajan_2016': {'title': 'An interatomic pair potential with tunable intrinsic ductility', 'volume': '24', 'year': '2016', 'journal': 'Modelling and Simulation in Materials Science and Engineering', 'doi': '10.1088/0965-0393/24/2/025005', 'author': ['V. P. Rajan ', ' D. H. Warner ', ' W. A. Curtin']}}]"
875,"['pair_style kim TT_Modified_HellmannBichVogel_2007_He__MO_126942667206_002\n', 'pair_coeff * * He\n']",[],OPENKIM,TT_Modified_HellmannBichVogel_2007_He__MO_126942667206_002,['He'],"[{'Hellmann_2007': {'title': 'Ab initio potential energy curve for the helium atom pair and thermophysical properties of dilute helium gas. {I}. {H}elium--helium interatomic potential', 'volume': '105', 'year': '2007', 'journal': 'Molecular Physics', 'doi': '10.1080/00268970701730096', 'author': ['Robert Hellmann ', ' Eckard Bich ', ' Eckhard Vogel']}}, {'Tang_1984': {'title': 'An improved simple model for the van der {W}aals potential based on universal damping functions for the dispersion coefficients', 'volume': '80', 'year': '1984', 'journal': 'Journal of Chemical Physics', 'doi': '10.1063/1.447150', 'author': ['K. T. Tang ', ' P. J. Toennies']}}]"
876,"['pair_style kim Tersoff_LAMMPS_AlbeNordlundAverback_2002_PtC__MO_500121566391_003\n', 'pair_coeff * * Pt C\n']",[],OPENKIM,Tersoff_LAMMPS_AlbeNordlundAverback_2002_PtC__MO_500121566391_003,"['Pt', 'C']","[{'Karsten_2002': {'title': 'Modeling the metal-semiconductor interaction: {A}nalytical bond-order potential for platinum-carbon', 'volume': '65', 'year': '2002', 'journal': 'Physical Review B', 'doi': '10.1103/PhysRevB.65.195124', 'author': ['Albe, Karsten ', ' Nordlund, Kai ', ' Averback, Robert S.'], 'number': '19'}}, {'W._1990': {'title': 'Empirical potential for hydrocarbons for use in simulating the chemical vapor deposition of diamond films', 'volume': '42', 'year': '1990', 'journal': 'Physical Review B', 'doi': '10.1103/PhysRevB.42.9458', 'author': ['Brenner, Donald W.'], 'number': '15'}}, {'W._1992': {'title': 'Erratum: {E}mpirical potential for hydrocarbons for use in simulating the chemical vapor deposition of diamond films', 'volume': '46', 'year': '1992', 'journal': 'Physical Review B', 'doi': '10.1103/PhysRevB.46.1948.2', 'author': ['Brenner, Donald W.'], 'number': '3'}}]"
877,"['pair_style kim Tersoff_LAMMPS_AlbeNordlundNord_2002_GaAs__MO_799020228312_003\n', 'pair_coeff * * Ga As\n']",[],OPENKIM,Tersoff_LAMMPS_AlbeNordlundNord_2002_GaAs__MO_799020228312_003,"['Ga', 'As']","[{'Karsten_2002': {'title': 'Modeling of compound semiconductors: {A}nalytical bond-order potential for {Ga}, {As}, and {GaAs}', 'volume': '66', 'year': '2002', 'journal': 'Physical Review B', 'doi': '10.1103/PhysRevB.66.035205', 'author': ['Albe, Karsten ', ' Nordlund, Kai ', ' Nord, Janne ', ' Kuronen, Antti'], 'number': '3'}}]"
878,"['pair_style kim Tersoff_LAMMPS_ErhartAlbe_2005SiII_SiC__MO_408791041969_003\n', 'pair_coeff * * Si C\n']",[],OPENKIM,Tersoff_LAMMPS_ErhartAlbe_2005SiII_SiC__MO_408791041969_003,"['Si', 'C']","[{'Paul_2005': {'title': 'Analytical potential for atomistic simulations of silicon, carbon, and silicon carbide', 'volume': '71', 'year': '2005', 'journal': 'Physical Review B', 'doi': '10.1103/PhysRevB.71.035211', 'author': ['Erhart, Paul ', ' Albe, Karsten'], 'number': '3'}}]"
879,"['pair_style kim Tersoff_LAMMPS_ErhartAlbe_2005_SiC__MO_903987585848_004\n', 'pair_coeff * * Si C\n']",[],OPENKIM,Tersoff_LAMMPS_ErhartAlbe_2005_SiC__MO_903987585848_004,"['Si', 'C']","[{'Paul_2005': {'title': 'Analytical potential for atomistic simulations of silicon, carbon, and silicon carbide', 'volume': '71', 'year': '2005', 'journal': 'Physical Review B', 'doi': '10.1103/PhysRevB.71.035211', 'author': ['Erhart, Paul ', ' Albe, Karsten'], 'number': '3'}}]"
880,"['pair_style kim Tersoff_LAMMPS_ErhartJuslinGoy_2006_ZnO__MO_616776018688_003\n', 'pair_coeff * * Zn O\n']",[],OPENKIM,Tersoff_LAMMPS_ErhartJuslinGoy_2006_ZnO__MO_616776018688_003,"['Zn', 'O']","[{'Erhart_2006': {'title': 'Analytic bond-order potential for atomistic simulations of zinc oxide', 'volume': '18', 'year': '2006', 'journal': 'Journal of Physics: Condensed Matter', 'doi': '10.1088/0953-8984/18/29/003', 'author': ['Paul Erhart ', ' Niklas Juslin ', ' Oliver Goy ', ' Kai Nordlund ', ' Ralf M{\\""u}ller ', ' Karsten Albe']}}]"
881,"['pair_style kim Tersoff_LAMMPS_MuellerErhartAlbe_2007_Fe__MO_137964310702_003\n', 'pair_coeff * * Fe\n']",[],OPENKIM,Tersoff_LAMMPS_MuellerErhartAlbe_2007_Fe__MO_137964310702_003,['Fe'],"[{'M{\\""u}ller_2007': {'title': 'Analytic bond-order potential for bcc and fcc iron---comparison with established embedded-atom method potentials', 'volume': '19', 'year': '2007', 'journal': 'Journal of Physics: Condensed Matter', 'doi': '10.1088/0953-8984/19/32/326220', 'author': ['Michael M{\\""u}ller ', ' Paul Erhart ', ' Karsten Albe']}}]"
882,"['pair_style kim Tersoff_LAMMPS_NordAlbeErhart_2003_GaN__MO_612061685362_003\n', 'pair_coeff * * Ga N\n']",[],OPENKIM,Tersoff_LAMMPS_NordAlbeErhart_2003_GaN__MO_612061685362_003,"['Ga', 'N']","[{'Nord_2003': {'title': 'Modelling of compound semiconductors: analytical bond-order potential for gallium, nitrogen and gallium nitride', 'volume': '15', 'year': '2003', 'journal': 'Journal of Physics: Condensed Matter', 'doi': '10.1088/0953-8984/15/32/324', 'author': ['J Nord ', ' K Albe ', ' P Erhart ', ' K Nordlund']}}, {'Karsten_2002': {'title': 'Modeling of compound semiconductors: {A}nalytical bond-order potential for {Ga}, {As}, and {GaAs}', 'volume': '66', 'year': '2002', 'journal': 'Physical Review B', 'doi': '10.1103/PhysRevB.66.035205', 'author': ['Albe, Karsten ', ' Nordlund, Kai ', ' Nord, Janne ', ' Kuronen, Antti'], 'number': '3'}}]"
883,"['pair_style kim Tersoff_LAMMPS_Tersoff_1988T2_Si__MO_245095684871_003\n', 'pair_coeff * * Si\n']",[],OPENKIM,Tersoff_LAMMPS_Tersoff_1988T2_Si__MO_245095684871_003,['Si'],"[{'J._1988': {'title': 'New empirical approach for the structure and energy of covalent systems', 'volume': '37', 'year': '1988', 'journal': 'Physical Review B', 'doi': '10.1103/PhysRevB.37.6991', 'author': ['Tersoff, J.'], 'number': '12'}}]"
884,"['pair_style kim Tersoff_LAMMPS_Tersoff_1988T3_Si__MO_186459956893_003\n', 'pair_coeff * * Si\n']",[],OPENKIM,Tersoff_LAMMPS_Tersoff_1988T3_Si__MO_186459956893_003,['Si'],"[{'J._1988': {'title': 'Empirical interatomic potential for silicon with improved elastic properties', 'volume': '38', 'year': '1988', 'journal': 'Physical Review B', 'doi': '10.1103/PhysRevB.38.9902', 'author': ['Tersoff, J.'], 'number': '14'}}]"
885,"['pair_style kim Tersoff_LAMMPS_Tersoff_1988_C__MO_579868029681_003\n', 'pair_coeff * * C\n']",[],OPENKIM,Tersoff_LAMMPS_Tersoff_1988_C__MO_579868029681_003,['C'],"[{'J._1988': {'title': 'Empirical Interatomic Potential for Carbon, with Applications to Amorphous Carbon', 'volume': '61', 'year': '1988', 'journal': 'Physical Review Letters', 'doi': '10.1103/PhysRevLett.61.2879', 'author': ['Tersoff, J.'], 'number': '25'}}]"
886,"['pair_style kim Tersoff_LAMMPS_Tersoff_1989_SiC__MO_171585019474_003\n', 'pair_coeff * * Si C\n']",[],OPENKIM,Tersoff_LAMMPS_Tersoff_1989_SiC__MO_171585019474_003,"['Si', 'C']","[{'J._1989': {'title': 'Modeling solid-state chemistry: Interatomic potentials for multicomponent systems', 'volume': '39', 'year': '1989', 'journal': 'Physical Review B', 'doi': '10.1103/PhysRevB.39.5566', 'author': ['Tersoff, J.'], 'number': '8'}}, {'J._1990': {'title': 'Erratum: Modeling solid-state chemistry: Interatomic potentials for multicomponent systems', 'volume': '41', 'year': '1990', 'journal': 'Physical Review B', 'doi': '10.1103/PhysRevB.41.3248.2', 'author': ['Tersoff, J.'], 'number': '5'}}]"
887,"['pair_style kim Tersoff_LAMMPS_Tersoff_1989_SiGe__MO_350526375143_003\n', 'pair_coeff * * Si Ge\n']",[],OPENKIM,Tersoff_LAMMPS_Tersoff_1989_SiGe__MO_350526375143_003,"['Si', 'Ge']","[{'J._1989': {'title': 'Modeling solid-state chemistry: Interatomic potentials for multicomponent systems', 'volume': '39', 'year': '1989', 'journal': 'Physical Review B', 'doi': '10.1103/PhysRevB.39.5566', 'author': ['Tersoff, J.'], 'number': '8'}}, {'J._1990': {'title': 'Erratum: Modeling solid-state chemistry: Interatomic potentials for multicomponent systems', 'volume': '41', 'year': '1990', 'journal': 'Physical Review B', 'doi': '10.1103/PhysRevB.41.3248.2', 'author': ['Tersoff, J.'], 'number': '5'}}]"
888,"['pair_style kim ThreeBodyBondOrder_KDS_KhorDasSarma_1988_C__MO_454320668790_000\n', 'pair_coeff * * C\n']",[],OPENKIM,ThreeBodyBondOrder_KDS_KhorDasSarma_1988_C__MO_454320668790_000,['C'],"[{'E._1988': {'title': 'Proposed universal interatomic potential for elemental tetrahedrally bonded semiconductors', 'volume': '38', 'year': '1988', 'journal': 'Phys. Rev. B', 'doi': '10.1103/PhysRevB.38.3318', 'author': ['Khor, K. E. ', ' Das Sarma, S.'], 'number': '5'}}]"
889,"['pair_style kim ThreeBodyBondOrder_KDS_KhorDasSarma_1988_Ge__MO_216597146527_000\n', 'pair_coeff * * Ge\n']",[],OPENKIM,ThreeBodyBondOrder_KDS_KhorDasSarma_1988_Ge__MO_216597146527_000,['Ge'],"[{'E._1988': {'title': 'Proposed universal interatomic potential for elemental tetrahedrally bonded semiconductors', 'volume': '38', 'year': '1988', 'journal': 'Phys. Rev. B', 'doi': '10.1103/PhysRevB.38.3318', 'author': ['Khor, K. E. ', ' Das Sarma, S.'], 'number': '5'}}]"
890,"['pair_style kim ThreeBodyBondOrder_KDS_KhorDasSarma_1988_Si__MO_722489435928_000\n', 'pair_coeff * * Si\n']",[],OPENKIM,ThreeBodyBondOrder_KDS_KhorDasSarma_1988_Si__MO_722489435928_000,['Si'],"[{'E._1988': {'title': 'Proposed universal interatomic potential for elemental tetrahedrally bonded semiconductors', 'volume': '38', 'year': '1988', 'journal': 'Phys. Rev. B', 'doi': '10.1103/PhysRevB.38.3318', 'author': ['Khor, K. E. ', ' Das Sarma, S.'], 'number': '5'}}]"
891,"['pair_style kim ThreeBodyBondOrder_PPM_PurjaPunMishin_2017_Si__MO_566683736730_000\n', 'pair_coeff * * Si\n']",[],OPENKIM,ThreeBodyBondOrder_PPM_PurjaPunMishin_2017_Si__MO_566683736730_000,['Si'],"[{'Purja_2017': {'title': 'Optimized interatomic potential for silicon and its application to thermal stability of silicene', 'volume': '95', 'year': '2017', 'journal': 'Phys. Rev. B', 'doi': '10.1103/PhysRevB.95.224103', 'author': ['Pun, G. P. Purja ', ' Mishin, Y.'], 'number': '22'}}]"
892,"['pair_style kim ThreeBodyBondOrder_WR_WangRockett_1991_Si__MO_081872846741_000\n', 'pair_coeff * * Si\n']",[],OPENKIM,ThreeBodyBondOrder_WR_WangRockett_1991_Si__MO_081872846741_000,['Si'],"[{'Jun_1991': {'title': 'Simulating diffusion on {S}i(001) 2x1 surfaces using a modified interatomic potential', 'volume': '43', 'year': '1991', 'journal': 'Phys. Rev. B', 'doi': '10.1103/PhysRevB.43.12571', 'author': ['Wang, Jun ', ' Rockett, A.'], 'number': '15'}}]"
893,"['pair_style kim ThreeBodyCluster_BH_BiswasHamann_1987_Si__MO_019616213550_000\n', 'pair_coeff * * Si\n']",[],OPENKIM,ThreeBodyCluster_BH_BiswasHamann_1987_Si__MO_019616213550_000,['Si'],"[{'R._1987': {'title': 'New classical models for silicon structural energies', 'volume': '36', 'year': '1987', 'journal': 'Phys. Rev. B', 'doi': '10.1103/PhysRevB.36.6434', 'author': ['Biswas, R. ', ' Hamann, D. R.'], 'number': '12'}}]"
894,"['pair_style kim ThreeBodyCluster_Gong_Gong_1993_Si__MO_407755720412_000\n', 'pair_coeff * * Si\n']",[],OPENKIM,ThreeBodyCluster_Gong_Gong_1993_Si__MO_407755720412_000,['Si'],"[{'XG_1993': {'title': 'Empirical-potential studies on the structural properties of small silicon clusters', 'volume': '47', 'year': '1993', 'journal': 'Physical Review B', 'doi': '10.1103/PhyRevB.47.2329', 'author': ['Gong, XG']}}]"
895,"['pair_style kim ThreeBodyCluster_KP_KaxirasPandey_1988_Si__MO_072486242437_000\n', 'pair_coeff * * Si\n']",[],OPENKIM,ThreeBodyCluster_KP_KaxirasPandey_1988_Si__MO_072486242437_000,['Si'],"[{'Efthimios_1988': {'title': 'New classical potential for accurate simulation of atomic processes in {S}i', 'volume': '38', 'year': '1988', 'journal': 'Phys. Rev. B', 'doi': '10.1103/PhysRevB.38.12736', 'author': ['Kaxiras, Efthimios ', ' P', 'ey, K. C.'], 'number': '17'}}]"
896,"['pair_style kim ThreeBodyCluster_SRS_StephensonRadnySmith_1996_Si__MO_604248666067_000\n', 'pair_coeff * * Si\n']",[],OPENKIM,ThreeBodyCluster_SRS_StephensonRadnySmith_1996_Si__MO_604248666067_000,['Si'],"[{'L._1996': {'title': 'A modified {S}tillinger-{W}eber potential for modelling silicon surfaces', 'volume': '366', 'year': '1996', 'journal': 'Surface Science', 'doi': '10.1016/0039-6028(96)00801-1', 'author': ['Stephenson, P. C. L. ', ' Radny, M. W. ', ' Smith, P. V.']}}]"
897,[],[],OPENKIM,ex_model_Ar_P_LJ,[],[]
898,[],[],OPENKIM,ex_model_Ar_P_MLJ_Fortran,[],[]
899,[],[],OPENKIM,ex_model_Ar_P_Morse,[],[]
900,"['pair_style kim ex_model_Ar_P_Morse_07C\n', 'pair_coeff * * C\n']",[],OPENKIM,ex_model_Ar_P_Morse_07C,['C'],[]
901,[],[],OPENKIM,ex_model_Ar_P_Morse_07C_w_Extensions,[],[]
902,[],[],OPENKIM,ex_model_Ar_P_Morse_MultiCutoff,[],[]
903,[],[],OPENKIM,ex_model_Ar_SLJ_MultiCutoff,[],[]
904,"['pair_style kim hNN_WenTadmor_2019Grx_C__MO_421038499185_001\n', 'pair_coeff * * C\n']",[],OPENKIM,hNN_WenTadmor_2019Grx_C__MO_421038499185_001,['C'],"[{'Mingjian_2019': {'title': 'Hybrid neural network potential for multilayer graphene', 'volume': '100', 'year': '2019', 'journal': 'Physical Review B', 'doi': '10.1103/PhysRevB.100.195419', 'author': ['Wen, Mingjian ', ' Tadmor, Ellad B.']}}]"
905,"['pair_style kim Sim_ASAP_EMT_Rasmussen_AgAuCu__SM_847706399649_000\n', 'pair_coeff * * Ag Au Cu\n']",[],OPENKIM,Sim_ASAP_EMT_Rasmussen_AgAuCu__SM_847706399649_000,"['Ag', 'Au', 'Cu']","[{'Jacobsen_1996': {'title': 'A semi-empirical effective medium theory for metals and alloys', 'volume': '366', 'year': '1996', 'journal': 'Surface Science', 'doi': '10.1016/0039-6028(96)00816-3', 'author': ['K.W. Jacobsen ', ' P. Stoltze ', ' J.K. N{\\o}rskov']}}]"
906,"['pair_style kim Sim_LAMMPS_ADP_ApostolMishin_2011_AlCu__SM_667696763561_000\n', 'pair_coeff * * Al Cu\n']",[],OPENKIM,Sim_LAMMPS_ADP_ApostolMishin_2011_AlCu__SM_667696763561_000,"['Al', 'Cu']","[{'F._2011': {'title': 'Interatomic potential for the {Al}-{Cu} system', 'volume': '83', 'year': '2011', 'journal': 'Physical Review B', 'doi': '10.1103/PhysRevB.83.054116', 'author': ['Apostol, F. ', ' Mishin, Y.'], 'number': '5'}}]"
907,"['pair_style kim Sim_LAMMPS_ADP_HowellsMishin_2018_Cr__SM_884076133432_000\n', 'pair_coeff * * Cr\n']",[],OPENKIM,Sim_LAMMPS_ADP_HowellsMishin_2018_Cr__SM_884076133432_000,['Cr'],"[{'Howells,_2018': {'title': 'Angular-dependent interatomic potential for the binary Ni-Cr system', 'volume': '26', 'year': '2018', 'journal': 'Modelling and Simulation in Materials Science and Engineering', 'doi': '10.1088/1361-651x/aae400', 'author': ['C.A. Howells, ', ' Y. Mishin']}}]"
908,"['pair_style kim Sim_LAMMPS_ADP_MishinMehlPapaconstantopoulos_2005_Ni__SM_477692857359_000\n', 'pair_coeff * * Ni\n']",[],OPENKIM,Sim_LAMMPS_ADP_MishinMehlPapaconstantopoulos_2005_Ni__SM_477692857359_000,['Ni'],"[{'Y._2005': {'title': 'Phase stability in the Fe–Ni system: Investigation by first-principles calculations and atomistic simulations', 'volume': '53', 'year': '2005', 'journal': 'Acta Materialia', 'doi': '10.1016/j.actamat.2005.05.001', 'author': ['Mishin, Y. ', ' Mehl, M.J. ', ' Papaconstantopoulos, D.A.']}}]"
909,"['pair_style kim Sim_LAMMPS_ADP_PunDarlingKecskes_2015_CuTa__SM_399364650444_000\n', 'pair_coeff * * Cu Ta\n']",[],OPENKIM,Sim_LAMMPS_ADP_PunDarlingKecskes_2015_CuTa__SM_399364650444_000,"['Cu', 'Ta']","[{'Purja_2015': {'title': 'Angular-dependent interatomic potential for the {Cu}–{Ta} system and its application to structural stability of nano-crystalline alloys', 'volume': '100', 'year': '2015', 'journal': 'Acta Materialia', 'doi': '10.1016/j.actamat.2015.08.052', 'author': ['Pun, G.P. Purja ', ' Darling, K.A. ', ' Kecskes, L.J. ', ' Mishin, Y.']}}]"
910,"['pair_style kim Sim_LAMMPS_ADP_SmirnovaStarikov_2017_ZrNb__SM_937902197407_000\n', 'pair_coeff * * Zr Nb\n']",[],OPENKIM,Sim_LAMMPS_ADP_SmirnovaStarikov_2017_ZrNb__SM_937902197407_000,"['Zr', 'Nb']","[{'D.E._2017': {'title': 'An interatomic potential for simulation of Zr-Nb system', 'volume': '129', 'year': '2017', 'journal': 'Computational Materials Science', 'doi': '10.1016/j.commatsci.2016.12.016', 'author': ['Smirnova, D.E. ', ' Starikov, S.V.']}}]"
911,"['pair_style kim Sim_LAMMPS_ADP_StarikovGordeevLysogorskiy_2020_SiAuAl__SM_113843830602_000\n', 'pair_coeff * * Si Au Al\n']",[],OPENKIM,Sim_LAMMPS_ADP_StarikovGordeevLysogorskiy_2020_SiAuAl__SM_113843830602_000,"['Si', 'Au', 'Al']","[{'Starikov_2020': {'title': 'Optimized interatomic potential for study of structure and phase transitions in Si-Au and Si-Al system', 'volume': '184', 'year': '2020', 'journal': 'Computational Materials Science', 'doi': '10.1016/j.commatsci.2020.109891', 'author': ['S. Starikov ', ' I. Gordeev ', ' Y. Lysogorskiy ', ' L. Kolotova ', ' S. Makarov']}}]"
912,"['pair_style kim Sim_LAMMPS_ADP_StarikovKolotovaKuksin_2017_UMo__SM_682749584055_000\n', 'pair_coeff * * U Mo\n']",[],OPENKIM,Sim_LAMMPS_ADP_StarikovKolotovaKuksin_2017_UMo__SM_682749584055_000,"['U', 'Mo']","[{'S.V._2018': {'title': 'Atomistic simulation of cubic and tetragonal phases of U-Mo alloy: Structure and thermodynamic properties', 'volume': '499', 'year': '2018', 'journal': 'Journal of Nuclear Materials', 'doi': '10.1016/j.jnucmat.2017.11.047', 'author': ['Starikov, S.V. ', ' Kolotova, L.N. ', ' Kuksin, A.Yu. ', ' Smirnova, D.E. ', ' Tseplyaev, V.I.']}}]"
913,"['pair_style kim Sim_LAMMPS_ADP_StarikovLopanitsynaSmirnova_2018_SiAu__SM_985135773293_000\n', 'pair_coeff * * Si Au\n']",[],OPENKIM,Sim_LAMMPS_ADP_StarikovLopanitsynaSmirnova_2018_SiAu__SM_985135773293_000,"['Si', 'Au']","[{'Sergey_2018': {'title': 'Atomistic simulation of Si-Au melt crystallization with novel interatomic potential', 'volume': '142', 'year': '2018', 'doi': '10.1016/j.commatsci.2017.09.054', 'author': ['Starikov, Sergey ', ' Yu Lopanitsyna, N ', ' Smirnova, D ', ' Makarov, Sergey']}}]"
914,"['pair_style kim Sim_LAMMPS_ADP_TseplyaevStarikov_2016_UN__SM_474015477315_000\n', 'pair_coeff * * U N\n']",[],OPENKIM,Sim_LAMMPS_ADP_TseplyaevStarikov_2016_UN__SM_474015477315_000,"['U', 'N']","[{'V.I._2016': {'title': 'The atomistic simulation of pressure-induced phase transition in uranium mononitride', 'volume': '480', 'year': '2016', 'journal': 'Journal of Nuclear Materials', 'doi': '10.1016/j.jnucmat.2016.07.048', 'author': ['Tseplyaev, V.I. ', ' Starikov, S.V.']}}]"
915,"['pair_style kim Sim_LAMMPS_AGNI_BotuBatraChapman_2017_Al__SM_666183636896_000\n', 'pair_coeff * * Al\n']",[],OPENKIM,Sim_LAMMPS_AGNI_BotuBatraChapman_2017_Al__SM_666183636896_000,['Al'],"[{'V._2017': {'title': 'Machine Learning Force Fields: Construction, Validation, and Outlook', 'volume': '121', 'year': '2017', 'journal': 'J. Phys. Chem. C', 'doi': '10.1021/acs.jpcc.6b10908', 'author': ['Botu, V. ', ' Batra, R. ', ' Chapman, J. ', ' Ramprasad, R.']}}]"
916,"['pair_style kim Sim_LAMMPS_AIREBO_LJ_StuartTuteinHarrison_2000_CH__SM_069621990420_000\n', 'pair_coeff * * C H\n']",[],OPENKIM,Sim_LAMMPS_AIREBO_LJ_StuartTuteinHarrison_2000_CH__SM_069621990420_000,"['C', 'H']","[{'J._2000': {'title': 'A reactive potential for hydrocarbons with intermolecular interactions', 'volume': '112', 'year': '2000', 'journal': 'Journal of Chemical Physics', 'doi': '10.1063/1.481208', 'author': ['Stuart, Steven J.  ', ' Tutein, Alan B. ', ' Harrison, Judith A.']}}]"
917,"['pair_style kim Sim_LAMMPS_AIREBO_Morse_OConnorAndzelmRobbins_2015_CH__SM_460187474631_000\n', 'pair_coeff * * C H\n']",[],OPENKIM,Sim_LAMMPS_AIREBO_Morse_OConnorAndzelmRobbins_2015_CH__SM_460187474631_000,"['C', 'H']","[{""O'Connor_2015"": {'title': '{AIREBO-M}: A reactive model for hydrocarbons at extreme pressures', 'volume': '142', 'year': '2015', 'journal': 'Journal of Chemical Physics', 'doi': '10.1063/1.4905549', 'author': [""T. C. O'Connor "", ' J. W. Andzelm ', ' M. O. Robbins']}}, {'Stuart_2000': {'title': 'A reactive potential for hydrocarbons with intermolecular interactions', 'volume': '112', 'year': '2000', 'journal': 'Journal of Chemical Physics', 'doi': '10.1063/1.481208', 'author': ['S. J. Stuart ', ' A. B. Tutein ', ' J. A. Harrison']}}]"
918,"['pair_style kim Sim_LAMMPS_BOP_MurdickZhouWadley_2006_GaAs__SM_104202807866_000\n', 'pair_coeff * * Ga As\n']",[],OPENKIM,Sim_LAMMPS_BOP_MurdickZhouWadley_2006_GaAs__SM_104202807866_000,"['Ga', 'As']","[{'A._2006': {'title': 'Analytic bond-order potential for the gallium arsenide system', 'volume': '73', 'year': '2006', 'journal': 'Physical Review B', 'doi': '10.1103/physrevb.73.045206', 'author': ['Murdick, D. A. ', ' Zhou, X. W. ', ' Wadley, H. N. G. ', ' Nguyen-Manh, D. ', ' Drautz, R. ', ' Pettifor, D. G.']}}]"
919,"['pair_style kim Sim_LAMMPS_BOP_WardZhouWong_2012_CdTe__SM_509819366101_000\n', 'pair_coeff * * Cd Te\n']",[],OPENKIM,Sim_LAMMPS_BOP_WardZhouWong_2012_CdTe__SM_509819366101_000,"['Cd', 'Te']","[{'K._2012': {'title': 'Analytical bond-order potential for the cadmium telluride binary system', 'volume': '85', 'year': '2012', 'journal': 'Phys. Rev. B', 'doi': '10.1103/PhysRevB.85.115206', 'author': ['Ward, D. K. ', ' Zhou, X. W. ', ' Wong, B. M. ', ' Doty, F. P. ', ' Zimmerman, J. A.'], 'number': '11'}}]"
920,"['pair_style kim Sim_LAMMPS_BOP_WardZhouWong_2012_CdZnTe__SM_409035133405_000\n', 'pair_coeff * * Cd Zn Te\n']",[],OPENKIM,Sim_LAMMPS_BOP_WardZhouWong_2012_CdZnTe__SM_409035133405_000,"['Cd', 'Zn', 'Te']","[{'K._2012': {'title': 'Analytical bond-order potential for the Cd-Zn-Te ternary system', 'volume': '86', 'year': '2012', 'journal': 'Physical Review B', 'doi': '10.1103/physrevb.86.245203', 'author': ['Ward, D. K. ', ' Zhou, X. W. ', ' Wong, B. M. ', ' Doty, F. P. ', ' Zimmerman, J. A.']}}]"
921,"['pair_style kim Sim_LAMMPS_BOP_WardZhouWong_2013_CdZnTe__SM_010061267051_000\n', 'pair_coeff * * Cd Zn Te\n']",[],OPENKIM,Sim_LAMMPS_BOP_WardZhouWong_2013_CdZnTe__SM_010061267051_000,"['Cd', 'Zn', 'Te']","[{'K._2013': {'title': 'A refined parameterization of the analytical Cd{\\textendash}Zn{\\textendash}Te bond-order potential', 'volume': '19', 'year': '2013', 'journal': 'Journal of Molecular Modeling', 'doi': '10.1007/s00894-013-2004-8', 'author': ['Ward, Donald K. ', ' Zhou, Xiaowang ', ' Wong, Bryan M. ', ' Doty, F. Patrick']}}]"
922,"['pair_style kim Sim_LAMMPS_BOP_ZhouFosterVanSwol_2014_CdTeSe__SM_567065323363_000\n', 'pair_coeff * * Cd Te Se\n']",[],OPENKIM,Sim_LAMMPS_BOP_ZhouFosterVanSwol_2014_CdTeSe__SM_567065323363_000,"['Cd', 'Te', 'Se']","[{'W._2014': {'title': 'Analytical Bond-Order Potential for the Cd{\\textendash}Te{\\textendash}Se Ternary System', 'volume': '118', 'year': '2014', 'journal': 'The Journal of Physical Chemistry C', 'doi': '10.1021/jp505915u', 'author': ['Zhou, X. W. ', ' Foster, M. E. ', ' van Swol, F. B. ', ' Martin, J. E. ', ' Wong, Bryan M.']}}]"
923,"['pair_style kim Sim_LAMMPS_BOP_ZhouWardFoster_2015_CCu__SM_784926969362_000\n', 'pair_coeff * * C Cu\n']",[],OPENKIM,Sim_LAMMPS_BOP_ZhouWardFoster_2015_CCu__SM_784926969362_000,"['C', 'Cu']","[{'W._2015': {'title': 'An analytical bond-order potential for carbon', 'volume': '36', 'year': '2015', 'journal': 'Journal of Computational Chemistry', 'doi': '10.1002/jcc.23949', 'author': ['Zhou, X. W. ', ' Ward, D. K. ', ' Foster, M. E.']}}]"
924,"['pair_style kim Sim_LAMMPS_BOP_ZhouWardFoster_2015_CuH__SM_404135993060_000\n', 'pair_coeff * * Cu H\n']",[],OPENKIM,Sim_LAMMPS_BOP_ZhouWardFoster_2015_CuH__SM_404135993060_000,"['Cu', 'H']","[{'W._2015': {'title': 'An analytical bond-order potential for the copper{\\textendash}hydrogen binary system', 'volume': '50', 'year': '2015', 'journal': 'Journal of Materials Science', 'doi': '10.1007/s10853-015-8848-9', 'author': ['Zhou, X. W. ', ' Ward, D. K. ', ' Foster, M. ', ' Zimmerman, J. A.']}}]"
925,"['pair_style kim Sim_LAMMPS_BOP_ZhouWardFoster_2016_AlCu__SM_566399258279_000\n', 'pair_coeff * * Al Cu\n']",[],OPENKIM,Sim_LAMMPS_BOP_ZhouWardFoster_2016_AlCu__SM_566399258279_000,"['Al', 'Cu']","[{'X.W._2016': {'title': 'An analytical bond-order potential for the aluminum copper binary system', 'volume': '680', 'year': '2016', 'journal': 'Journal of Alloys and Compounds', 'doi': '10.1016/j.jallcom.2016.04.055', 'author': ['Zhou, X.W. ', ' Ward, D.K. ', ' Foster, M.E.']}}]"
926,"['pair_style kim Sim_LAMMPS_EAMCD_StukowskiSadighErhart_2009_FeCr__SM_775564499513_000\n', 'pair_coeff * * Fe Cr\n']",[],OPENKIM,Sim_LAMMPS_EAMCD_StukowskiSadighErhart_2009_FeCr__SM_775564499513_000,"['Fe', 'Cr']","[{'Alex_2009': {'title': 'Efficient implementation of the concentration-dependent embedded atom method for molecular-dynamics and Monte-Carlo simulations', 'volume': '17', 'year': '2009', 'journal': 'Modelling and Simulation in Materials Science and Engineering', 'doi': '10.1088/0965-0393/17/7/075005', 'author': ['Alex', 'er Stukowski ', ' Babak Sadigh ', ' Paul Erhart ', ' Alfredo Caro']}}]"
927,"['pair_style kim Sim_LAMMPS_EAM_BonnyCastinBullens_2013_FeCrW__SM_699257350704_000\n', 'pair_coeff * * Fe Cr W\n']",[],OPENKIM,Sim_LAMMPS_EAM_BonnyCastinBullens_2013_FeCrW__SM_699257350704_000,"['Fe', 'Cr', 'W']","[{'G_2013': {'title': 'On the mobility of vacancy clusters in reduced activation steels: an atomistic study in the {Fe}–{Cr}–{W} model alloy', 'volume': '25', 'year': '2013', 'journal': 'Journal of Physics: Condensed Matter', 'doi': '10.1088/0953-8984/25/31/315401', 'author': ['Bonny, G ', ' Castin, N ', ' Bullens, J ', ' Bakaev, A ', ' Klaver, T C P ', ' Terentyev, D']}}]"
928,"['pair_style kim Sim_LAMMPS_EAM_BonnyPasianotTerentyev_2011_FeCr__SM_237089298463_000\n', 'pair_coeff * * Fe Cr\n']",[],OPENKIM,Sim_LAMMPS_EAM_BonnyPasianotTerentyev_2011_FeCr__SM_237089298463_000,"['Fe', 'Cr']","[{'G._2011': {'title': 'Iron chromium potential to model high-chromium ferritic alloys', 'volume': '91', 'year': '2011', 'journal': 'Philosophical Magazine', 'doi': '10.1080/14786435.2010.545780', 'author': ['Bonny, G. ', ' Pasianot, R.C. ', ' Terentyev, D. ', ' Malerba, L.']}}]"
929,"['pair_style kim Sim_LAMMPS_EDIP_JiangMorganSzlufarska_2012_SiC__SM_435704953434_000\n', 'pair_coeff * * Si C\n']",[],OPENKIM,Sim_LAMMPS_EDIP_JiangMorganSzlufarska_2012_SiC__SM_435704953434_000,"['Si', 'C']","[{'Chao_2012': {'title': 'Carbon tri-interstitial defect: {A} model for the D${}_{\\mathrm{II}}$ center', 'volume': '86', 'year': '2012', 'journal': 'Physical Review B', 'doi': '10.1103/PhysRevB.86.144118', 'author': ['Jiang, Chao ', ' Morgan, Dane ', ' Szlufarska, Izabela'], 'number': '14'}}]"
930,"['pair_style kim Sim_LAMMPS_EIM_Zhou_2010_BrClCsFIKLiNaRb__SM_259779394709_000\n', 'pair_coeff * * Br Cl Cs F I K Li Na Rb\n']",[],OPENKIM,Sim_LAMMPS_EIM_Zhou_2010_BrClCsFIKLiNaRb__SM_259779394709_000,"['Br', 'Cl', 'Cs', 'F', 'I', 'K', 'Li', 'Na', 'Rb']","[{'Zhou_2010': {'title': '', 'year': '2010', 'doi': '', 'author': ['Xiaowang Zhou']}}]"
931,"['pair_style kim Sim_LAMMPS_GWZBL_Samolyuk_2016_SiC__SM_720598599889_000\n', 'pair_coeff * * Si C\n']",[],OPENKIM,Sim_LAMMPS_GWZBL_Samolyuk_2016_SiC__SM_720598599889_000,"['Si', 'C']","[{'Fei_2002': {'title': 'Empirical potential approach for defect properties in 3C-{SiC}', 'volume': '191', 'year': '2002', 'journal': 'Nuclear Instruments and Methods in Physics Research Section B: Beam Interactions with Materials and Atoms', 'doi': '10.1016/s0168-583x(02)00600-6', 'author': ['Gao, Fei ', ' Weber, William J.']}}]"
932,"['pair_style kim Sim_LAMMPS_GW_GaoWeber_2002_SiC__SM_606253546840_000\n', 'pair_coeff * * Si C\n']",[],OPENKIM,Sim_LAMMPS_GW_GaoWeber_2002_SiC__SM_606253546840_000,"['Si', 'C']","[{'Fei_2002': {'title': 'Empirical potential approach for defect properties in 3C-{SiC}', 'volume': '191', 'year': '2002', 'journal': 'Nuclear Instruments and Methods in Physics Research Section B: Beam Interactions with Materials and Atoms', 'doi': '10.1016/s0168-583x(02)00600-6', 'author': ['Gao, Fei ', ' Weber, William J.']}}]"
933,[],[],OPENKIM,Sim_LAMMPS_IFF_PCFF_HeinzMishraLinEmami_2015Ver1v5_FccmetalsMineralsSolventsPolymers__SM_039297821658_000,[],"[{'Joerg-R._1995': {'title': 'Molecular Mechanics Potential for Silica and Zeolite Catalysts Based on ab Initio Calculations. 2. Aluminosilicates', 'volume': '99', 'year': '1995', 'journal': 'The Journal of Physical Chemistry', 'doi': '10.1021/j100023a036', 'author': ['Hill, Joerg-R. ', ' Sauer, Joachim']}}, {'Hendrik_2008': {'title': 'Accurate Simulation of Surfaces and Interfaces of Face-Centered Cubic Metals Using 12-6 and 9-6 Lennard-Jones Potentials', 'volume': '112', 'year': '2008', 'journal': 'The Journal of Physical Chemistry C', 'doi': '10.1021/jp801931d', 'author': ['Heinz, Hendrik ', ' Vaia, R. A. ', ' Farmer, B. L. ', ' Naik, R. R.']}}, {'Juan_2018': {'title': 'Understanding Chemical Bonding in Alloys and the Representation in Atomistic Simulations', 'volume': '122', 'year': '2018', 'journal': 'The Journal of Physical Chemistry C', 'doi': '10.1021/acs.jpcc.8b01891', 'author': ['Liu, Juan ', ' Tennessen, Emrys ', ' Miao, Jianwei ', ' Huang, Yu ', ' Rondinelli, James M. ', ' Heinz, Hendrik']}}]"
934,"['pair_style kim Sim_LAMMPS_LCBOP_LosFasolino_2003_C__SM_469631949122_000\n', 'pair_coeff * * C\n']",[],OPENKIM,Sim_LAMMPS_LCBOP_LosFasolino_2003_C__SM_469631949122_000,['C'],"[{'H._2003': {'title': '{I}ntrinsic long-range bond-order potential for carbon: {P}erformance in {M}onte {C}arlo simulations of graphitization', 'volume': '68', 'year': '2003', 'journal': 'Physical Review B', 'doi': '10.1103/PhysRevB.68.024107', 'author': ['Los, J. H. ', ' Fasolino, A.'], 'number': '2'}}]"
935,"['pair_style kim Sim_LAMMPS_LJcut_AkersonElliott_Alchemy_PbAu\n', 'pair_coeff * * Pb Au\n']",[],OPENKIM,Sim_LAMMPS_LJcut_AkersonElliott_Alchemy_PbAu,"['Pb', 'Au']",[]
936,"['pair_style kim Sim_LAMMPS_MEAM_AlmyrasSangiovanniSarakinos_2019_NAlTi__SM_871795249052_000\n', 'pair_coeff * * N Al Ti\n']",[],OPENKIM,Sim_LAMMPS_MEAM_AlmyrasSangiovanniSarakinos_2019_NAlTi__SM_871795249052_000,"['N', 'Al', 'Ti']","[{'A._2019': {'title': 'Semi-Empirical Force-Field Model for the Ti1−xAlxN (0 ≤ x ≤ 1) System', 'volume': '12', 'year': '2019', 'journal': 'Materials', 'doi': '10.3390/ma12020215', 'author': ['Almyras, G. A. ', ' Sangiovanni, D. G. ', ' Sarakinos, K.']}}]"
937,"['pair_style kim Sim_LAMMPS_MEAM_AsadiZaeemNouranian_2015_Cu__SM_239791545509_000\n', 'pair_coeff * * Cu\n']",[],OPENKIM,Sim_LAMMPS_MEAM_AsadiZaeemNouranian_2015_Cu__SM_239791545509_000,['Cu'],"[{'Ebrahim_2015': {'title': 'Two-phase solid–liquid coexistence of {N}i, {C}u, and {A}l by molecular dynamics simulations using the modified embedded-atom method', 'volume': '86', 'year': '2015', 'journal': 'Acta Materialia', 'doi': '10.1016/j.actamat.2014.12.010', 'author': ['Asadi, Ebrahim ', ' Zaeem, Mohsen Asle ', ' Nouranian, Sasan ', ' Baskes, Michael I.']}}]"
938,"['pair_style kim Sim_LAMMPS_MEAM_AsadiZaeemNouranian_2015_Fe__SM_042630680993_000\n', 'pair_coeff * * Fe\n']",[],OPENKIM,Sim_LAMMPS_MEAM_AsadiZaeemNouranian_2015_Fe__SM_042630680993_000,['Fe'],"[{'Ebrahim_2015': {'title': 'Quantitative modeling of the equilibration of two-phase solid-liquid {F}e by atomistic simulations on diffusive time scales', 'volume': '91', 'year': '2015', 'journal': 'Phys. Rev. B', 'doi': '10.1103/PhysRevB.91.024105', 'author': ['Asadi, Ebrahim ', ' Asle Zaeem, Mohsen ', ' Nouranian, Sasan ', ' Baskes, Michael I.']}}]"
939,"['pair_style kim Sim_LAMMPS_MEAM_AsadiZaeemNouranian_2015_Ni__SM_078420412697_000\n', 'pair_coeff * * Ni\n']",[],OPENKIM,Sim_LAMMPS_MEAM_AsadiZaeemNouranian_2015_Ni__SM_078420412697_000,['Ni'],"[{'Ebrahim_2015': {'title': 'Two-phase solid–liquid coexistence of {N}i, {C}u, and {A}l by molecular dynamics simulations using the modified embedded-atom method', 'volume': '86', 'year': '2015', 'journal': 'Acta Materialia', 'doi': '10.1016/j.actamat.2014.12.010', 'author': ['Asadi, Ebrahim ', ' Zaeem, Mohsen Asle ', ' Nouranian, Sasan ', ' Baskes, Michael I.']}}]"
940,"['pair_style kim Sim_LAMMPS_MEAM_CuiGaoCui_2012_LiSi__SM_562938628131_000\n', 'pair_coeff * * Li Si\n']",[],OPENKIM,Sim_LAMMPS_MEAM_CuiGaoCui_2012_LiSi__SM_562938628131_000,"['Li', 'Si']","[{'Zhiwei_2012': {'title': 'A second nearest-neighbor embedded atom method interatomic potential for {Li}-{Si} alloys', 'volume': '207', 'year': '2012', 'journal': 'Journal of Power Sources', 'doi': '10.1016/j.jpowsour.2012.01.145', 'author': ['Cui, Zhiwei ', ' Gao, Feng ', ' Cui, Zhihua ', ' Qu, Jianmin']}}]"
941,"['pair_style kim Sim_LAMMPS_MEAM_DuLenoskyHennig_2011_Si__SM_662785656123_000\n', 'pair_coeff * * Si\n']",[],OPENKIM,Sim_LAMMPS_MEAM_DuLenoskyHennig_2011_Si__SM_662785656123_000,['Si'],"[{'A._2011': {'title': 'Energy landscape of silicon tetra-interstitials using an optimized classical potential', 'year': '2011', 'journal': 'physica status solidi (b)', 'doi': '10.1002/pssb.201147137', 'author': ['Du, Yaojun A. ', ' Lenosky, Thomas J. ', ' Hennig, Richard G. ', ' Goedecker, Stefan ', ' Wilkins, John W.']}}]"
942,"['pair_style kim Sim_LAMMPS_MEAM_EtesamiAsadi_2018_Cu__SM_316120381362_000\n', 'pair_coeff * * Cu\n']",[],OPENKIM,Sim_LAMMPS_MEAM_EtesamiAsadi_2018_Cu__SM_316120381362_000,['Cu'],"[{'Alireza_2018': {'title': 'Molecular dynamics for near melting temperatures simulations of metals using modified embedded-atom method', 'volume': '112', 'year': '2018', 'journal': 'Journal of Physics and Chemistry of Solids', 'doi': '10.1016/j.jpcs.2017.09.001', 'author': ['Etesami, S. Alireza ', ' Asadi, Ebrahim']}}]"
943,"['pair_style kim Sim_LAMMPS_MEAM_EtesamiAsadi_2018_Fe__SM_267016608755_000\n', 'pair_coeff * * Fe\n']",[],OPENKIM,Sim_LAMMPS_MEAM_EtesamiAsadi_2018_Fe__SM_267016608755_000,['Fe'],"[{'Alireza_2018': {'title': 'Molecular dynamics for near melting temperatures simulations of metals using modified embedded-atom method', 'volume': '112', 'year': '2018', 'journal': 'Journal of Physics and Chemistry of Solids', 'doi': '10.1016/j.jpcs.2017.09.001', 'author': ['Etesami, S. Alireza ', ' Asadi, Ebrahim']}}]"
944,"['pair_style kim Sim_LAMMPS_MEAM_EtesamiAsadi_2018_Ni__SM_333792531460_000\n', 'pair_coeff * * Ni\n']",[],OPENKIM,Sim_LAMMPS_MEAM_EtesamiAsadi_2018_Ni__SM_333792531460_000,['Ni'],"[{'Alireza_2018': {'title': 'Molecular dynamics for near melting temperatures simulations of metals using modified embedded-atom method', 'volume': '112', 'year': '2018', 'journal': 'Journal of Physics and Chemistry of Solids', 'doi': '10.1016/j.jpcs.2017.09.001', 'author': ['Etesami, S. Alireza ', ' Asadi, Ebrahim']}}]"
945,"['pair_style kim Sim_LAMMPS_MEAM_FernandezPascuet_2014_U__SM_176800861722_000\n', 'pair_coeff * * U\n']",[],OPENKIM,Sim_LAMMPS_MEAM_FernandezPascuet_2014_U__SM_176800861722_000,['U'],"[{'R_2014': {'title': 'On the accurate description of uranium metallic phases: a {MEAM} interatomic potential approach', 'volume': '22', 'year': '2014', 'journal': 'Modelling and Simulation in Materials Science and Engineering', 'doi': '10.1088/0965-0393/22/5/055019', 'author': [""Fern{\\'{a}}ndez, J R "", ' Pascuet, M I']}}]"
946,"['pair_style kim Sim_LAMMPS_MEAM_GaoOterodelaRozaAouadi_2013_AgTaO__SM_485325656366_000\n', 'pair_coeff * * Ag Ta O\n']",[],OPENKIM,Sim_LAMMPS_MEAM_GaoOterodelaRozaAouadi_2013_AgTaO__SM_485325656366_000,"['Ag', 'Ta', 'O']","[{'H_2013': {'title': 'An empirical model for silver tantalate', 'volume': '21', 'year': '2013', 'journal': 'Modelling and Simulation in Materials Science and Engineering', 'doi': '10.1088/0965-0393/21/5/055002', 'author': ['Gao, H ', ' Otero-de-la-Roza, A ', ' Aouadi, S M ', ' Johnson, E R ', ' Martini, A']}}]"
947,"['pair_style kim Sim_LAMMPS_MEAM_HennigLenoskyTrinkle_2008_Ti__SM_318953488749_000\n', 'pair_coeff * * Ti\n']",[],OPENKIM,Sim_LAMMPS_MEAM_HennigLenoskyTrinkle_2008_Ti__SM_318953488749_000,['Ti'],"[{'G._2008': {'title': 'Classical potential describes martensitic phase transformations between the$\\upalpha$, $\\upbeta$,  and$\\upomega$titanium phases', 'volume': '78', 'year': '2008', 'journal': 'Physical Review B', 'doi': '10.1103/physrevb.78.054121', 'author': ['Hennig, R. G. ', ' Lenosky, T. J. ', ' Trinkle, D. R. ', ' Rudin, S. P. ', ' Wilkins, J. W.']}}]"
948,"['pair_style kim Sim_LAMMPS_MEAM_JelinekGrohHorstemeyer_2012_AlSiMgCuFe__SM_656517352485_000\n', 'pair_coeff * * Al Si Mg Cu Fe\n']",[],OPENKIM,Sim_LAMMPS_MEAM_JelinekGrohHorstemeyer_2012_AlSiMgCuFe__SM_656517352485_000,"['Al', 'Si', 'Mg', 'Cu', 'Fe']","[{'B._2012': {'title': 'Modified embedded atom method potential for Al, Si, Mg, Cu, and Fe alloys', 'volume': '85', 'year': '2012', 'journal': 'Physical Review B', 'doi': '10.1103/PhysRevB.85.245102', 'author': ['Jelinek, B. ', ' Groh, S. ', ' Horstemeyer, M. F. ', ' Houze, J. ', ' Kim, S. G. ', ' Wagner, G. J. ', ' Moitra, A. ', ' Baskes, M. I.'], 'number': '24'}}]"
949,"['pair_style kim Sim_LAMMPS_MEAM_KimJungLee_2009_FeTiC__SM_531038274471_000\n', 'pair_coeff * * Fe Ti C\n']",[],OPENKIM,Sim_LAMMPS_MEAM_KimJungLee_2009_FeTiC__SM_531038274471_000,"['Fe', 'Ti', 'C']","[{'Hyun-Kyu_2009': {'title': 'Modified embedded-atom method interatomic potentials for the {F}e–{T}i–{C} and {F}e–{T}i–{N} ternary systems', 'volume': '57', 'year': '2009', 'journal': 'Acta Materialia', 'doi': '10.1016/j.actamat.2009.03.019', 'author': ['Kim, Hyun-Kyu ', ' Jung, Woo-Sang ', ' Lee, Byeong-Joo']}}]"
950,"['pair_style kim Sim_LAMMPS_MEAM_KoGrabowskiNeugebauer_2015_NiTi__SM_770142935022_000\n', 'pair_coeff * * Ni Ti\n']",[],OPENKIM,Sim_LAMMPS_MEAM_KoGrabowskiNeugebauer_2015_NiTi__SM_770142935022_000,"['Ni', 'Ti']","[{'Won-Seok_2015': {'title': 'Development and application of a {Ni}-{Ti} interatomic potential with high predictive accuracy of the martensitic phase transition', 'volume': '92', 'year': '2015', 'journal': 'Physical Review B', 'doi': '10.1103/PhysRevB.92.134107', 'author': ['Ko, Won-Seok ', ' Grabowski, Blazej ', ' Neugebauer, J\\""org'], 'number': '13'}}]"
951,"['pair_style kim Sim_LAMMPS_MEAM_LenoskySadighAlonso_2000_Si__SM_622320990752_000\n', 'pair_coeff * * Si\n']",[],OPENKIM,Sim_LAMMPS_MEAM_LenoskySadighAlonso_2000_Si__SM_622320990752_000,['Si'],"[{'J_2000': {'title': 'Highly optimized empirical potential model of silicon', 'volume': '8', 'year': '2000', 'journal': 'Modelling and Simulation in Materials Science and Engineering', 'doi': '10.1088/0965-0393/8/6/305', 'author': ['Lenosky, Thomas J ', ' Sadigh, Babak ', ' Alonso, Eduardo ', ' Bulatov, Vasily V ', ' de la Rubia, Tomas Diaz ', ' Kim, Jeongnim ', ' Voter, Arthur F ', ' Kress, Joel D']}}]"
952,"['pair_style kim Sim_LAMMPS_MEAM_Lenosky_2017_W__SM_631352869360_000\n', 'pair_coeff * * W\n']",[],OPENKIM,Sim_LAMMPS_MEAM_Lenosky_2017_W__SM_631352869360_000,['W'],[]
953,"['pair_style kim Sim_LAMMPS_MEAM_LiyanageKimHouze_2014_FeC__SM_652425777808_000\n', 'pair_coeff * * Fe C\n']",[],OPENKIM,Sim_LAMMPS_MEAM_LiyanageKimHouze_2014_FeC__SM_652425777808_000,"['Fe', 'C']","[{'I._2014': {'title': 'Structural, elastic, and thermal properties of cementite (${\\mathrm{Fe}}_{3}C$) calculated using a modified embedded atom method', 'volume': '89', 'year': '2014', 'journal': 'Phys. Rev. B', 'doi': '10.1103/PhysRevB.89.094102', 'author': ['Liyanage, Laalitha S. I. ', ' Kim, Seong-Gon ', ' Houze, Jeff ', ' Kim, Sungho ', ' Tschopp, Mark A. ', ' Baskes, M. I. ', ' Horstemeyer, M. F.'], 'number': '9'}}]"
954,"['pair_style kim Sim_LAMMPS_MEAM_MaiselKoZhang_2017_VNiTi__SM_971529344487_000\n', 'pair_coeff * * V Ni Ti\n']",[],OPENKIM,Sim_LAMMPS_MEAM_MaiselKoZhang_2017_VNiTi__SM_971529344487_000,"['V', 'Ni', 'Ti']","[{'B._2017': {'title': 'Thermomechanical response of {NiTi} shape-memory nanoprecipitates in {TiV} alloys', 'volume': '1', 'year': '2017', 'journal': 'Physical Review Materials', 'doi': '10.1103/PhysRevMaterials.1.033610', 'author': ['Maisel, S. B. ', ' Ko, W.-S. ', ' Zhang, J.-L. ', ' Grabowski, B. ', ' Neugebauer, J.'], 'number': '3'}}]"
955,"['pair_style kim Sim_LAMMPS_MEAM_ParkFellingerLenosky_2012_Mo__SM_769176993156_000\n', 'pair_coeff * * Mo\n']",[],OPENKIM,Sim_LAMMPS_MEAM_ParkFellingerLenosky_2012_Mo__SM_769176993156_000,['Mo'],"[{'Hyoungki_2012': {'title': 'Ab initio based empirical potential used to study the mechanical properties of molybdenum', 'volume': '85', 'year': '2012', 'journal': 'Phys. Rev. B', 'doi': '10.1103/PhysRevB.85.214121', 'author': ['Park, Hyoungki ', ' Fellinger, Michael R. ', ' Lenosky, Thomas J. ', ' Tipton, William W. ', ' Trinkle, Dallas R. ', ' Rudin, Sven P. ', ' Woodward, Christopher ', ' Wilkins, John W. ', ' Hennig, Richard G.'], 'number': '21'}}]"
956,"['pair_style kim Sim_LAMMPS_MEAM_ParkFellingerLenosky_2012_Ta__SM_907764821792_000\n', 'pair_coeff * * Ta\n']",[],OPENKIM,Sim_LAMMPS_MEAM_ParkFellingerLenosky_2012_Ta__SM_907764821792_000,['Ta'],"[{'Hyoungki_2012': {'title': 'Ab initio based empirical potential used to study the mechanical properties of molybdenum', 'volume': '85', 'year': '2012', 'journal': 'Phys. Rev. B', 'doi': '10.1103/PhysRevB.85.214121', 'author': ['Park, Hyoungki ', ' Fellinger, Michael R. ', ' Lenosky, Thomas J. ', ' Tipton, William W. ', ' Trinkle, Dallas R. ', ' Rudin, Sven P. ', ' Woodward, Christopher ', ' Wilkins, John W. ', ' Hennig, Richard G.'], 'number': '21'}}]"
957,"['pair_style kim Sim_LAMMPS_MEAM_ParkFellingerLenosky_2012_W__SM_163270462402_000\n', 'pair_coeff * * W\n']",[],OPENKIM,Sim_LAMMPS_MEAM_ParkFellingerLenosky_2012_W__SM_163270462402_000,['W'],"[{'Hyoungki_2012': {'title': 'Ab initio based empirical potential used to study the mechanical properties of molybdenum', 'volume': '85', 'year': '2012', 'journal': 'Phys. Rev. B', 'doi': '10.1103/PhysRevB.85.214121', 'author': ['Park, Hyoungki ', ' Fellinger, Michael R. ', ' Lenosky, Thomas J. ', ' Tipton, William W. ', ' Trinkle, Dallas R. ', ' Rudin, Sven P. ', ' Woodward, Christopher ', ' Wilkins, John W. ', ' Hennig, Richard G.'], 'number': '21'}}, {'D_2013': {'title': 'Assessment of interatomic potentials for atomistic analysis of static and dynamic properties of screw dislocations in {W}', 'volume': '25', 'year': '2013', 'journal': 'Journal of Physics: Condensed Matter', 'doi': 'https://doi.org/10.1088/0953-8984/25/8/085702', 'author': ['Cereceda, D ', ' Stukowski, A ', ' Gilbert, M R ', ' Queyreau, S ', ' Ventelon, Lisa ', ' Marinica, M-C ', ' Perlado, J M ', ' Marian, J']}}]"
958,"['pair_style kim Sim_LAMMPS_MEAM_PascuetFernandez_2015_AlU__SM_721930391003_000\n', 'pair_coeff * * Al U\n']",[],OPENKIM,Sim_LAMMPS_MEAM_PascuetFernandez_2015_AlU__SM_721930391003_000,"['Al', 'U']","[{'M.I._2015': {'title': '{A}tomic interaction of the {MEAM} type for the study of intermetallics in the {A}l–{U} alloy', 'volume': '467', 'year': '2015', 'journal': 'Journal of Nuclear Materials', 'doi': '10.1016/j.jnucmat.2015.09.030', 'author': ['Pascuet, M.I. ', ' Fernández, J.R.']}}]"
959,"['pair_style kim Sim_LAMMPS_MEAM_PascuetFernandez_2015_Al__SM_811588957187_000\n', 'pair_coeff * * Al\n']",[],OPENKIM,Sim_LAMMPS_MEAM_PascuetFernandez_2015_Al__SM_811588957187_000,['Al'],"[{'M.I._2015': {'title': '{A}tomic interaction of the {MEAM} type for the study of intermetallics in the {A}l–{U} alloy', 'volume': '467', 'year': '2015', 'journal': 'Journal of Nuclear Materials', 'doi': '10.1016/j.jnucmat.2015.09.030', 'author': ['Pascuet, M.I. ', ' Fernández, J.R.']}}]"
960,"['pair_style kim Sim_LAMMPS_MEAM_VellaChenStillinger_2017_Sn__SM_629915663723_000\n', 'pair_coeff * * Sn\n']",[],OPENKIM,Sim_LAMMPS_MEAM_VellaChenStillinger_2017_Sn__SM_629915663723_000,['Sn'],"[{'Vella_2017': {'title': 'Structural and Dynamic Properties of Liquid Tin from a New Modified Embedded-Atom Force Field', 'volume': '95', 'year': '2017', 'journal': 'Physical Review B', 'doi': '10.1103/PhysRevB.95.064202', 'author': ['J. R. Vella ', ' M. Chen ', ' F. H. Stillinger ', ' E. A. Carter ', ' P. G. Debenedetti ', ' A. Z. Panagiotopoulos']}}]"
961,"['pair_style kim Sim_LAMMPS_MEAM_Wagner_2007_Cu__SM_521856783904_000\n', 'pair_coeff * * Cu\n']",[],OPENKIM,Sim_LAMMPS_MEAM_Wagner_2007_Cu__SM_521856783904_000,['Cu'],[]
962,"['pair_style kim Sim_LAMMPS_MEAM_Wagner_2007_Ni__SM_168413969663_000\n', 'pair_coeff * * Ni\n']",[],OPENKIM,Sim_LAMMPS_MEAM_Wagner_2007_Ni__SM_168413969663_000,['Ni'],[]
963,"['pair_style kim Sim_LAMMPS_MEAM_Wagner_2007_SiC__SM_264944083668_000\n', 'pair_coeff * * Si C\n']",[],OPENKIM,Sim_LAMMPS_MEAM_Wagner_2007_SiC__SM_264944083668_000,"['Si', 'C']",[]
964,"['pair_style kim Sim_LAMMPS_MEAM_ZhangTrinkle_2016_TiO__SM_513612626462_000\n', 'pair_coeff * * Ti O\n']",[],OPENKIM,Sim_LAMMPS_MEAM_ZhangTrinkle_2016_TiO__SM_513612626462_000,"['Ti', 'O']","[{'Pinchao_2016': {'title': 'A modified embedded atom method potential for interstitial oxygen in titanium', 'volume': '124', 'year': '2016', 'journal': 'Computational Materials Science', 'doi': '10.1016/j.commatsci.2016.07.039', 'author': ['Zhang, Pinchao ', ' Trinkle, Dallas R.']}}]"
965,"['pair_style kim Sim_LAMMPS_ModifiedTersoff_ByggmastarHodilleFerro_2018_BeO__SM_305223021383_000\n', 'pair_coeff * * Be O\n']",[],OPENKIM,Sim_LAMMPS_ModifiedTersoff_ByggmastarHodilleFerro_2018_BeO__SM_305223021383_000,"['Be', 'O']","[{'J_2018': {'title': 'Analytical bond order potential for simulations of {BeO} 1{D} and 2{D} nanostructures and plasma-surface interactions', 'volume': '30', 'year': '2018', 'journal': 'Journal of Physics: Condensed Matter', 'doi': '10.1088/1361-648x/aaafb3', 'author': ['Byggmästar, J ', ' Hodille, E A ', ' Ferro, Y ', ' Nordlund, K']}}, {'C_2009': {'title': 'Interatomic potentials for the Be{\\textendash}C{\\textendash}H system', 'volume': '21', 'year': '2009', 'journal': 'Journal of Physics: Condensed Matter', 'doi': '10.1088/0953-8984/21/44/445002', 'author': ['Björkas, C ', ' Juslin, N ', ' Timko, H ', ' Vörtler, K ', ' Nordlund, K ', ' Henriksson, K ', ' Erhart, P']}}, {'Paul_2006': {'title': 'Analytic bond-order potential for atomistic simulations of zinc oxide', 'volume': '18', 'year': '2006', 'journal': 'Journal of Physics: Condensed Matter', 'doi': '10.1088/0953-8984/18/29/003', 'author': ['Erhart, Paul ', ' Juslin, Niklas ', ' Goy, Oliver ', ' Nordlund, Kai ', ' Müller, Ralf ', ' Albe, Karsten']}}]"
966,"['pair_style kim Sim_LAMMPS_ModifiedTersoff_KumagaiIzumiHara_2007_Si__SM_773333226968_000\n', 'pair_coeff * * Si\n']",[],OPENKIM,Sim_LAMMPS_ModifiedTersoff_KumagaiIzumiHara_2007_Si__SM_773333226968_000,['Si'],"[{'T._2007': {'title': 'Development of bond-order potentials that can reproduce the elastic constants and melting point of silicon for classical molecular dynamics simulation', 'volume': '39', 'year': '2007', 'journal': 'Computational Materials Science', 'doi': '10.1016/j.commatsci.2006.07.013', 'author': ['Kumagai, T. ', ' Izumi, S. ', ' Hara, S. ', ' Sakai, S.']}}]"
967,"['pair_style kim Sim_LAMMPS_ModifiedTersoff_PurjaPunMishin_2017_Si__SM_184524061456_000\n', 'pair_coeff * * Si\n']",[],OPENKIM,Sim_LAMMPS_ModifiedTersoff_PurjaPunMishin_2017_Si__SM_184524061456_000,['Si'],"[{'Purja_2017': {'title': 'Optimized interatomic potential for silicon and its application to thermal stability of silicene', 'volume': '95', 'year': '2017', 'journal': 'Physical Review B', 'doi': '10.1103/PhysRevB.95.224103', 'author': ['Pun, G. P. Purja ', ' Mishin, Y.'], 'number': '22'}}]"
968,"['pair_style kim Sim_LAMMPS_Polymorphic_BereSerra_2006_GaN__SM_518345582208_000\n', 'pair_coeff * * Ga N\n']",[],OPENKIM,Sim_LAMMPS_Polymorphic_BereSerra_2006_GaN__SM_518345582208_000,"['Ga', 'N']","[{'A._2006': {'title': 'On the atomic structures,  mobility and interactions of extended defects in {GaN}: dislocations,  tilt and twin boundaries', 'volume': '86', 'year': '2006', 'journal': 'Philosophical Magazine', 'doi': '10.1080/14786430600640486', 'author': [""B{\\'{e}}r{\\'{e}}, A. "", ' Serra, A.']}}]"
969,"['pair_style kim Sim_LAMMPS_Polymorphic_NordAlbeErhart_2003_GaN__SM_333071728528_000\n', 'pair_coeff * * Ga N\n']",[],OPENKIM,Sim_LAMMPS_Polymorphic_NordAlbeErhart_2003_GaN__SM_333071728528_000,"['Ga', 'N']","[{'J_2003': {'title': 'Modelling of compound semiconductors: analytical bond-order potential for gallium, nitrogen and gallium nitride', 'volume': '15', 'year': '2003', 'journal': 'Journal of Physics: Condensed Matter', 'doi': '10.1088/0953-8984/15/32/324', 'author': ['Nord, J ', ' Albe, K ', ' Erhart, P ', ' Nordlund, K']}}]"
970,"['pair_style kim Sim_LAMMPS_Polymorphic_Zhou_2004_CuTa__SM_453737875254_000\n', 'pair_coeff * * Cu Ta\n']",[],OPENKIM,Sim_LAMMPS_Polymorphic_Zhou_2004_CuTa__SM_453737875254_000,"['Cu', 'Ta']","[{'W._2004': {'title': 'Misfit-energy-increasing dislocations in vapor-deposited {CoFe}/{NiFe} multilayers', 'volume': '69', 'year': '2004', 'journal': 'Physical Review B', 'doi': '10.1103/physrevb.69.144113', 'author': ['Zhou, X. W. ', ' Johnson, R. A. ', ' Wadley, H. N. G.']}}]"
971,"['pair_style kim Sim_LAMMPS_ReaxFF_AryanpourVanDuinKubicki_2010_FeHO__SM_222964216001_001\n', 'pair_coeff * * Fe H O\n']",[],OPENKIM,Sim_LAMMPS_ReaxFF_AryanpourVanDuinKubicki_2010_FeHO__SM_222964216001_001,"['Fe', 'H', 'O']","[{'Masoud_2010': {'title': 'Development of a Reactive Force Field for Iron--Oxyhydroxide Systems', 'volume': '114', 'year': '2010', 'journal': 'Journal of Physical Chemistry A', 'doi': '10.1021/jp101332k', 'author': ['Aryanpour, Masoud ', ' van Duin, Adri C. T. ', ' Kubicki, James D.']}}]"
972,"['pair_style kim Sim_LAMMPS_ReaxFF_ChenowethVanDuinGoddard_2008_CHO__SM_584143153761_001\n', 'pair_coeff * * C H O\n']",[],OPENKIM,Sim_LAMMPS_ReaxFF_ChenowethVanDuinGoddard_2008_CHO__SM_584143153761_001,"['C', 'H', 'O']","[{'Kimberly_2008': {'title': 'Reax{FF} Reactive Force Field for Molecular Dynamics Simulations of Hydrocarbon Oxidation', 'volume': '112', 'year': '2008', 'journal': 'Journal of Physical Chemistry A', 'doi': '10.1021/jp709896w', 'author': ['Chenoweth, Kimberly ', ' van Duin, Adri C. T. ', ' Goddard, William A.']}}]"
973,"['pair_style kim Sim_LAMMPS_ReaxFF_ChenowethVanDuinPersson_2008_CHOV__SM_429148913211_001\n', 'pair_coeff * * C H O V\n']",[],OPENKIM,Sim_LAMMPS_ReaxFF_ChenowethVanDuinPersson_2008_CHOV__SM_429148913211_001,"['C', 'H', 'O', 'V']","[{'Kimberly_2008': {'title': 'Development and Application of a {ReaxFF} Reactive Force Field for Oxidative Dehydrogenation on Vanadium Oxide Catalysts', 'volume': '112', 'year': '2008', 'journal': 'Journal of Physical Chemistry C', 'doi': '10.1021/jp802134x', 'author': ['Chenoweth, Kimberly ', ' van Duin, Adri C. T. ', ' Persson, Petter ', ' Cheng, Mu-Jeng ', ' Oxgaard, Jonas ', ' Goddard, William A.']}}]"
974,"['pair_style kim Sim_LAMMPS_ReaxFF_KeithFantauzziJacob_2010_AuO__SM_974345878378_001\n', 'pair_coeff * * Au O\n']",[],OPENKIM,Sim_LAMMPS_ReaxFF_KeithFantauzziJacob_2010_AuO__SM_974345878378_001,"['Au', 'O']","[{'A._2010': {'title': 'Reactive forcefield for simulating gold surfaces and nanoparticles', 'volume': '81', 'year': '2010', 'journal': 'Physical Review B', 'doi': '10.1103/PhysRevB.81.235404', 'author': ['Keith, John A. ', ' Fantauzzi, Donato ', ' Jacob, Timo ', ' van Duin, Adri C. T.'], 'number': '23'}}]"
975,"['pair_style kim Sim_LAMMPS_ReaxFF_RaymandVanDuinBaudin_2008_ZnOH__SM_449472104549_001\n', 'pair_coeff * * Zn O H\n']",[],OPENKIM,Sim_LAMMPS_ReaxFF_RaymandVanDuinBaudin_2008_ZnOH__SM_449472104549_001,"['Zn', 'O', 'H']","[{'Raym_2008': {'title': 'A reactive force field ({ReaxFF}) for zinc oxide', 'volume': '602', 'year': '2008', 'journal': 'Surface Science', 'doi': '10.1016/j.susc.2007.12.023', 'author': ['David Raym', ' ', ' Adri C.T. van Duin ', ' Micael Baudin ', ' Kersti Hermansson']}}]"
976,"['pair_style kim Sim_LAMMPS_ReaxFF_SinghSrinivasanNeekAmal_2013_CFH__SM_306840588959_000\n', 'pair_coeff * * C F H\n']",[],OPENKIM,Sim_LAMMPS_ReaxFF_SinghSrinivasanNeekAmal_2013_CFH__SM_306840588959_000,"['C', 'F', 'H']","[{'S_2013': {'title': 'Thermal properties of fluorinated graphene', 'volume': '87', 'year': '2013', 'journal': 'Physical Review B', 'doi': '10.1103/PhysRevB.87.104114', 'author': ['Singh, S', 'eep Kumar ', ' Srinivasan, S. Goverapet ', ' Neek-Amal, M. ', ' Costamagna, S. ', ' van Duin, Adri C. T. ', ' Peeters, F. M.'], 'number': '10'}}]"
977,"['pair_style kim Sim_LAMMPS_ReaxFF_StrachanVanDuinChakraborty_2003_CHNO__SM_107643900657_001\n', 'pair_coeff * * C H N O\n']",[],OPENKIM,Sim_LAMMPS_ReaxFF_StrachanVanDuinChakraborty_2003_CHNO__SM_107643900657_001,"['C', 'H', 'N', 'O']","[{'Alej_2003': {'title': 'Shock Waves in High-Energy Materials: {T}he Initial Chemical Events in Nitramine {RDX}', 'volume': '91', 'year': '2003', 'journal': 'Physical Review Letters', 'doi': '10.1103/PhysRevLett.91.098301', 'author': ['Strachan, Alej', 'ro ', ' van Duin, Adri C. T. ', ' Chakraborty, Debashis ', ' Dasgupta, Siddharth ', ' Goddard, William A.'], 'number': '9'}}]"
978,"['pair_style kim Sim_LAMMPS_ReaxFF_WeismillerVanDuinLee_2010_BHNO__SM_327381922729_001\n', 'pair_coeff * * B H N O\n']",[],OPENKIM,Sim_LAMMPS_ReaxFF_WeismillerVanDuinLee_2010_BHNO__SM_327381922729_001,"['B', 'H', 'N', 'O']","[{'R._2010': {'title': 'Reax{FF} Reactive Force Field Development and Applications for Molecular Dynamics Simulations of Ammonia Borane Dehydrogenation and Combustion', 'volume': '114', 'year': '2010', 'journal': 'Journal of Physical Chemistry A', 'doi': '10.1021/jp100136c', 'author': ['Weismiller, Michael R. ', ' van Duin, Adri C. T. ', ' Lee, Jongguen ', ' Yetter, Richard A']}}]"
979,"['pair_style kim Sim_LAMMPS_SMTBQ_SallesPolitanoAmzallag_2016_AlO__SM_853967355976_000\n', 'pair_coeff * * Al O\n']",[],OPENKIM,Sim_LAMMPS_SMTBQ_SallesPolitanoAmzallag_2016_AlO__SM_853967355976_000,"['Al', 'O']","[{'N._2016': {'title': 'Molecular dynamics study of high-pressure alumina polymorphs with a tight-binding variable-charge model', 'volume': '111', 'year': '2016', 'journal': 'Computational Materials Science', 'doi': '10.1016/j.commatsci.2015.09.017', 'author': ['Salles, N. ', ' Politano, O. ', ' Amzallag, E. ', "" T{\\'{e}}tot, R.""]}}]"
980,"['pair_style kim Sim_LAMMPS_SMTBQ_SallesPolitanoAmzallag_2016_Al__SM_404097633924_000\n', 'pair_coeff * * Al\n']",[],OPENKIM,Sim_LAMMPS_SMTBQ_SallesPolitanoAmzallag_2016_Al__SM_404097633924_000,['Al'],"[{'N._2016': {'title': 'Molecular dynamics study of high-pressure alumina polymorphs with a tight-binding variable-charge model', 'volume': '111', 'year': '2016', 'journal': 'Computational Materials Science', 'doi': '10.1016/j.commatsci.2015.09.017', 'author': ['Salles, N. ', ' Politano, O. ', ' Amzallag, E. ', "" T{\\'{e}}tot, R.""]}}]"
981,"['pair_style kim Sim_LAMMPS_SMTBQ_SallesPolitanoAmzallag_2016_TiO__SM_349577644423_000\n', 'pair_coeff * * Ti O\n']",[],OPENKIM,Sim_LAMMPS_SMTBQ_SallesPolitanoAmzallag_2016_TiO__SM_349577644423_000,"['Ti', 'O']","[{'N._2016': {'title': 'Molecular dynamics study of high-pressure alumina polymorphs with a tight-binding variable-charge model', 'volume': '111', 'year': '2016', 'journal': 'Computational Materials Science', 'doi': '10.1016/j.commatsci.2015.09.017', 'author': ['Salles, N. ', ' Politano, O. ', ' Amzallag, E. ', "" T{\\'{e}}tot, R.""]}}]"
982,"['pair_style kim Sim_LAMMPS_SNAP_ChenDengTran_2017_Mo__SM_003882782678_000\n', 'pair_coeff * * Mo\n']",[],OPENKIM,Sim_LAMMPS_SNAP_ChenDengTran_2017_Mo__SM_003882782678_000,['Mo'],"[{'Chi_2017': {'title': 'Accurate force field for molybdenum by machine learning large materials data', 'volume': '1', 'year': '2017', 'journal': 'Phys. Rev. Materials', 'doi': '10.1103/PhysRevMaterials.1.043603', 'author': ['Chen, Chi ', ' Deng, Zhi ', ' Tran, Richard ', ' Tang, Hanmei ', ' Chu, Iek-Heng ', ' Ong, Shyue Ping'], 'number': '4'}}]"
983,"['pair_style kim Sim_LAMMPS_TersoffZBL_ByggmastarGranberg_2020_Fe__SM_958863895234_000\n', 'pair_coeff * * Fe\n']",[],OPENKIM,Sim_LAMMPS_TersoffZBL_ByggmastarGranberg_2020_Fe__SM_958863895234_000,['Fe'],"[{'J._2020': {'title': 'Dynamical Stability of Radiation-Induced {{C15}} Clusters in Iron', 'volume': '528', 'year': '2020', 'journal': 'Journal of Nuclear Materials', 'doi': '10.1016/j.jnucmat.2019.151893', 'author': ['Byggm{\\""a}star, J. ', ' Granberg, F.']}}]"
984,"['pair_style kim Sim_LAMMPS_TersoffZBL_DevanathanDiazdelaRubiaWeber_1998_SiC__SM_578912636995_000\n', 'pair_coeff * * Si C\n']",[],OPENKIM,Sim_LAMMPS_TersoffZBL_DevanathanDiazdelaRubiaWeber_1998_SiC__SM_578912636995_000,"['Si', 'C']","[{'R._1998': {'title': 'Displacement threshold energies in β-SiC', 'volume': '253', 'year': '1998', 'journal': 'Journal of Nuclear Materials', 'doi': '10.1016/S0022-3115(97)00304-8', 'author': ['Devanathan, R. ', ' de la Rubia, T. Diaz ', ' Weber, W.J.']}}]"
985,"['pair_style kim Sim_LAMMPS_TersoffZBL_HenrikssonBjorkasNordlund_2013_FeC__SM_473463498269_000\n', 'pair_coeff * * Fe C\n']",[],OPENKIM,Sim_LAMMPS_TersoffZBL_HenrikssonBjorkasNordlund_2013_FeC__SM_473463498269_000,"['Fe', 'C']","[{'E_2013': {'title': 'Atomistic simulations of stainless steels: a\xa0many-body potential for the {Fe}–{Cr}–{C} system', 'volume': '25', 'year': '2013', 'journal': 'Journal of Physics: Condensed Matter', 'doi': '10.1088/0953-8984/25/44/445401', 'author': ['Henriksson, K O E ', ' Björkas, C ', ' Nordlund, K']}}]"
986,"['pair_style kim Sim_LAMMPS_Vashishta_BranicioRinoGan_2009_InP__SM_090647175366_000\n', 'pair_coeff * * In P\n']",[],OPENKIM,Sim_LAMMPS_Vashishta_BranicioRinoGan_2009_InP__SM_090647175366_000,"['In', 'P']","[{'Sergio_2009': {'title': 'Interaction potential for indium phosphide: a molecular dynamics and first-principles study of the elastic constants,  generalized stacking fault and surface energies', 'volume': '21', 'year': '2009', 'journal': 'Journal of Physics: Condensed Matter', 'doi': '10.1088/0953-8984/21/9/095002', 'author': ['Branicio, Paulo Sergio ', "" Rino, Jos{\\'{e}} Pedro "", ' Gan, Chee Kwan ', "" Tsuzuki, H{\\'{e}}lio""]}}]"
987,"['pair_style kim Sim_LAMMPS_Vashishta_BroughtonMeliVashishta_1997_SiO__SM_422553794879_000\n', 'pair_coeff * * Si O\n']",[],OPENKIM,Sim_LAMMPS_Vashishta_BroughtonMeliVashishta_1997_SiO__SM_422553794879_000,"['Si', 'O']","[{'Q._1997': {'title': 'Direct atomistic simulation of quartz crystal oscillators: Bulk properties and nanoscale devices', 'volume': '56', 'year': '1997', 'journal': 'Physical Review B', 'doi': '10.1103/physrevb.56.611', 'author': ['Broughton, Jeremy Q. ', ' Meli, Christopher A. ', ' Vashishta, Priya ', ' Kalia, Rajiv K.']}}]"
988,"['pair_style kim Sim_LAMMPS_Vashishta_NakanoKaliaVashishta_1994_SiO__SM_503555646986_000\n', 'pair_coeff * * Si O\n']",[],OPENKIM,Sim_LAMMPS_Vashishta_NakanoKaliaVashishta_1994_SiO__SM_503555646986_000,"['Si', 'O']","[{'Aiichiro_1994': {'title': 'First sharp diffraction peak and intermediate-range order in amorphous silica: finite-size effects in molecular dynamics simulations', 'volume': '171', 'year': '1994', 'journal': 'Journal of Non-Crystalline Solids', 'doi': '10.1016/0022-3093(94)90351-4', 'author': ['Nakano, Aiichiro ', ' Kalia, Rajiv K. ', ' Vashishta, Priya']}}]"
989,"['pair_style kim Sim_LAMMPS_Vashishta_VashishtaKaliaNakano_2007_SiC__SM_196548226654_000\n', 'pair_coeff * * Si C\n']",[],OPENKIM,Sim_LAMMPS_Vashishta_VashishtaKaliaNakano_2007_SiC__SM_196548226654_000,"['Si', 'C']","[{'Priya_2007': {'title': 'Interaction potential for silicon carbide: A molecular dynamics study of elastic constants and vibrational density of states for crystalline and amorphous silicon carbide', 'volume': '101', 'year': '2007', 'journal': 'Journal of Applied Physics', 'doi': '10.1063/1.2724570', 'author': ['Vashishta, Priya ', ' Kalia, Rajiv K. ', ' Nakano, Aiichiro ', "" Rino, Jos{\\'{e}} Pedro""]}}]"
990,"['pair_style kim Sim_LAMMPS_Vashishta_VashishtaKaliaRino_1990_SiO__SM_887826436433_000\n', 'pair_coeff * * Si O\n']",[],OPENKIM,Sim_LAMMPS_Vashishta_VashishtaKaliaRino_1990_SiO__SM_887826436433_000,"['Si', 'O']","[{'P._1990': {'title': 'Interaction potential for {SiO}2: A molecular-dynamics study of structural correlations', 'volume': '41', 'year': '1990', 'journal': 'Physical Review B', 'doi': '10.1103/physrevb.41.12197', 'author': ['Vashishta, P. ', ' Kalia, Rajiv K. ', "" Rino, Jos{\\'{e}} P. "", ' Ebbsj\\""{o}, Ingvar']}}]"
